SET session_replication_role = replica;

--
-- PostgreSQL database dump
--

-- \restrict FRik8abhuws3Dm3SKbg5TQ9olHNT90NwVS3aU3gGDK2L7UXvwnFJ9uBOjV6IxPH

-- Dumped from database version 17.6
-- Dumped by pg_dump version 17.6

SET statement_timeout = 0;
SET lock_timeout = 0;
SET idle_in_transaction_session_timeout = 0;
SET transaction_timeout = 0;
SET client_encoding = 'UTF8';
SET standard_conforming_strings = on;
SELECT pg_catalog.set_config('search_path', '', false);
SET check_function_bodies = false;
SET xmloption = content;
SET client_min_messages = warning;
SET row_security = off;

--
-- Data for Name: audit_log_entries; Type: TABLE DATA; Schema: auth; Owner: supabase_auth_admin
--



--
-- Data for Name: custom_oauth_providers; Type: TABLE DATA; Schema: auth; Owner: supabase_auth_admin
--



--
-- Data for Name: flow_state; Type: TABLE DATA; Schema: auth; Owner: supabase_auth_admin
--

INSERT INTO "auth"."flow_state" ("id", "user_id", "auth_code", "code_challenge_method", "code_challenge", "provider_type", "provider_access_token", "provider_refresh_token", "created_at", "updated_at", "authentication_method", "auth_code_issued_at", "invite_token", "referrer", "oauth_client_state_id", "linking_target_id", "email_optional") VALUES
	('ab292c28-fd08-40fe-98e6-45a116bd345d', '0871c496-74e2-4c6c-8aa8-c88278550c99', 'ca1b6ea7-b13a-4ec1-86ca-411daeb52470', 's256', '2V0DkuUBXC7wpIi5n6IINgnkXwwPBDBcbvLryAQ_4us', 'email', '', '', '2026-01-09 21:52:29.926913+00', '2026-01-09 21:52:55.573131+00', 'email/signup', '2026-01-09 21:52:55.573079+00', NULL, NULL, NULL, NULL, false),
	('7418e7ad-5887-4663-9db1-923c77bfdedf', 'f99769f6-6e5a-4e22-becc-2379cf87efb0', '737f2f70-eb23-43e7-b350-51961fa0af40', 's256', '1GSNSG-rSppnteURkxDbJYrkX5f6nj1Cm4le7E8y7Eo', 'email', '', '', '2026-01-13 23:49:59.677307+00', '2026-01-13 23:50:39.765869+00', 'email/signup', '2026-01-13 23:50:39.765801+00', NULL, NULL, NULL, NULL, false),
	('e68fb230-c316-4ff0-ba2e-df8d447427e1', '80f7c5b4-bee2-4ca0-add1-9d69ae871ed0', 'b5d4ab57-2207-4a9d-a7ee-1052075d6532', 's256', 'l8YLIX8XCu_ICsE_GJ407Nc2bzgCIGHNQsPhxbiu-uw', 'email', '', '', '2026-01-14 00:00:40.700097+00', '2026-01-14 00:00:49.933697+00', 'email/signup', '2026-01-14 00:00:49.933659+00', NULL, NULL, NULL, NULL, false),
	('b3d0ab8d-ad46-4d94-8f9d-e69e0c764e27', '94b47213-bd74-45e3-a64c-24fe6035bbdf', '53a51392-a975-4a0b-9d07-c9d86a43bf9f', 's256', 'fMgYnCR0GXIfqVWljcJ0_x66v0RfDMRq2byQlFv292M', 'email', '', '', '2026-01-14 00:27:46.184897+00', '2026-01-14 00:27:53.69782+00', 'email/signup', '2026-01-14 00:27:53.697765+00', NULL, NULL, NULL, NULL, false),
	('a3be1327-b7cc-4c09-a8e6-121f4f84a5c4', 'e12de3b4-72d8-4ada-b219-3d19573c7065', 'd8d1ab47-f64d-4ca1-ba10-fb5ee1dc0768', 's256', 'vbA75Uc3v9Ow2dxUR7N3bAmM6D1AVxQ-mjOxMLxtJ7E', 'email', '', '', '2026-01-14 00:51:24.050155+00', '2026-01-14 00:51:29.553766+00', 'email/signup', '2026-01-14 00:51:29.553726+00', NULL, NULL, NULL, NULL, false),
	('f845437e-e88b-4795-aa96-76fa8e742c33', 'f122353e-8e93-4541-a3f1-560e1f39f924', '20721b4d-c4cc-4ba4-af0b-2a6bc9b1a75c', 's256', 'kXmHuns1etEBVBv8cqXf_9YWX99xylUID121QBPbm3k', 'email', '', '', '2026-01-14 01:29:59.802933+00', '2026-01-14 01:29:59.802933+00', 'email/signup', NULL, NULL, NULL, NULL, NULL, false),
	('177f73a1-4741-498b-9bda-a270257fa5d0', 'f122353e-8e93-4541-a3f1-560e1f39f924', '13e85b4f-bc1a-404b-abc3-b2915042a580', 's256', '4v-DaEEX1u6TBHBDL-RMnf1ALmL1h3GZk5E1UWsqhMQ', 'email', '', '', '2026-01-14 01:31:20.460167+00', '2026-01-14 01:31:20.460167+00', 'email/signup', NULL, NULL, NULL, NULL, NULL, false),
	('88b8720f-eb2b-4a30-b026-ea512ca1b774', '361eeb4c-4f3d-4437-8cb4-3cc1626a7787', '74a62729-5e5e-4a40-97ce-2ac769d8fb03', 's256', 'nC1GEwsHDI5oafGHwGD00qJTGERVhTzfuTrc9sLuQec', 'email', '', '', '2026-01-14 01:32:29.168933+00', '2026-01-14 01:32:36.370181+00', 'email/signup', '2026-01-14 01:32:36.37013+00', NULL, NULL, NULL, NULL, false),
	('85076857-6ff8-4baa-9a81-32d21306f77c', '2dd1a7d0-bc17-4ff6-bfc0-e2757ed44365', '3773d964-34ab-4e3a-b726-75922e2aedba', 's256', 'pYx1JilmpfRCaJ2f2iNmYXRc9Zj5d9bUjdqa2dPHuQg', 'email', '', '', '2026-01-15 06:13:09.119181+00', '2026-01-15 06:21:48.085231+00', 'email/signup', '2026-01-15 06:21:48.085189+00', NULL, NULL, NULL, NULL, false),
	('9f98bfe2-9ed1-427f-bfeb-540b90c5668d', 'c2445105-2ed9-4122-906d-3b58d561ed9c', '814a4417-c2f5-4afc-aee1-9ae115b84314', 's256', '5DSrjFYZJlVxPaDK23zN6mv0c-R18uXR1fvNwQJq6bI', 'email', '', '', '2026-01-15 06:34:09.91943+00', '2026-01-15 06:34:09.91943+00', 'email/signup', NULL, NULL, NULL, NULL, NULL, false),
	('3ab676db-3582-4b88-bf8a-92d46905c06c', 'c2445105-2ed9-4122-906d-3b58d561ed9c', '8d0bdc22-81b4-433f-94fc-a051a0553bac', 's256', 'rW0-BA-CF4WINJ98rMxflQy7kYXkVtCT1Yo87tbeWoM', 'email', '', '', '2026-01-15 06:36:12.878491+00', '2026-01-15 06:40:59.627393+00', 'email/signup', '2026-01-15 06:40:59.627353+00', NULL, NULL, NULL, NULL, false);


--
-- Data for Name: users; Type: TABLE DATA; Schema: auth; Owner: supabase_auth_admin
--

INSERT INTO "auth"."users" ("instance_id", "id", "aud", "role", "email", "encrypted_password", "email_confirmed_at", "invited_at", "confirmation_token", "confirmation_sent_at", "recovery_token", "recovery_sent_at", "email_change_token_new", "email_change", "email_change_sent_at", "last_sign_in_at", "raw_app_meta_data", "raw_user_meta_data", "is_super_admin", "created_at", "updated_at", "phone", "phone_confirmed_at", "phone_change", "phone_change_token", "phone_change_sent_at", "email_change_token_current", "email_change_confirm_status", "banned_until", "reauthentication_token", "reauthentication_sent_at", "is_sso_user", "deleted_at", "is_anonymous") VALUES
	('00000000-0000-0000-0000-000000000000', 'a6f06ab9-0461-4a2a-a087-395dbde4775e', 'authenticated', 'authenticated', 'abpatt@yahoo.com', '$2a$10$64NJF2RTsO8v.dGuMf135eKN5WPtYxnsV8rg0YBpBir5HyWVUgt.O', '2026-02-12 00:09:52.33185+00', NULL, '', NULL, '', NULL, '', '', NULL, '2026-02-12 00:10:01.814578+00', '{"provider": "email", "providers": ["email"]}', '{"sub": "a6f06ab9-0461-4a2a-a087-395dbde4775e", "email": "abpatt@yahoo.com", "email_verified": true, "phone_verified": false}', NULL, '2026-02-12 00:09:52.326417+00', '2026-02-12 03:27:50.804597+00', NULL, NULL, '', '', NULL, '', 0, NULL, '', NULL, false, NULL, false),
	('00000000-0000-0000-0000-000000000000', '339d496a-bcf9-41f8-b55c-195ef43f713e', 'authenticated', 'authenticated', 'norv@turner.com', '$2a$10$sWt5IKDdKwqQLQJOK.QSfupKFEtZELM83657ogZWs1XQN4tF/Vd.e', '2026-02-17 23:58:04.224712+00', NULL, '', NULL, '', NULL, '', '', NULL, '2026-02-17 23:58:04.228519+00', '{"provider": "email", "providers": ["email"]}', '{"sub": "339d496a-bcf9-41f8-b55c-195ef43f713e", "email": "norv@turner.com", "full_name": "Norv Turner", "email_verified": true, "phone_verified": false}', NULL, '2026-02-17 23:58:04.215773+00', '2026-02-17 23:58:04.231898+00', NULL, NULL, '', '', NULL, '', 0, NULL, '', NULL, false, NULL, false),
	('00000000-0000-0000-0000-000000000000', '2fc4c272-9d94-4482-b98e-bdb8009676b7', 'authenticated', 'authenticated', 'will@barber.com', '$2a$10$dud/qcgx5BGXiyMyVixeTu.7XnPV/BU05y.rLModgMDttTUnN4GEK', '2026-02-12 00:09:15.832367+00', NULL, '', NULL, '', NULL, '', '', NULL, '2026-02-19 21:44:23.136878+00', '{"provider": "email", "providers": ["email"]}', '{"sub": "2fc4c272-9d94-4482-b98e-bdb8009676b7", "email": "will@barber.com", "email_verified": true, "phone_verified": false}', NULL, '2026-02-12 00:09:15.824847+00', '2026-02-21 00:21:14.760902+00', NULL, NULL, '', '', NULL, '', 0, NULL, '', NULL, false, NULL, false),
	('00000000-0000-0000-0000-000000000000', '8ba30d77-2295-4807-a1c5-6f51dd00f734', 'authenticated', 'authenticated', NULL, '$2a$10$56TWdtSkrNoJvP4oDsGNiu7zlIfkTLvHPvvE1OckK1YEYgOMJ9O5m', NULL, NULL, '4a5ccfd15948afedd4e86166000edbb74894aa93a3084c60ce7bf0ad', '2026-01-03 21:46:20.767078+00', '', NULL, '', '', NULL, NULL, '{"provider": "phone", "providers": ["phone"]}', '{"sub": "8ba30d77-2295-4807-a1c5-6f51dd00f734", "email_verified": false, "phone_verified": false}', NULL, '2026-01-03 21:44:57.982326+00', '2026-01-03 21:46:20.923248+00', '18777804236', NULL, '', '', NULL, '', 0, NULL, '', NULL, false, NULL, false),
	('00000000-0000-0000-0000-000000000000', '0d4be763-a832-4a70-a21c-77662c319f7d', 'authenticated', 'authenticated', 'chris@tucker.com', '$2a$10$iOaV8mGViAcFaD0mdWlrT.ho71kD1LEi2.OjaSTRiBnnue/HmBbG2', '2026-02-11 22:44:36.281279+00', NULL, '', NULL, '', NULL, '', '', NULL, '2026-02-11 22:44:36.285271+00', '{"provider": "email", "providers": ["email"]}', '{"sub": "0d4be763-a832-4a70-a21c-77662c319f7d", "email": "chris@tucker.com", "full_name": "Chris Tucker", "email_verified": true, "phone_verified": false}', NULL, '2026-02-11 22:44:36.274628+00', '2026-02-11 22:44:36.288093+00', NULL, NULL, '', '', NULL, '', 0, NULL, '', NULL, false, NULL, false),
	('00000000-0000-0000-0000-000000000000', '9df383ed-d2d3-4639-91e8-702cbd3792d6', 'authenticated', 'authenticated', 'mrmetoyou2@gmail.com', '$2a$10$f7OK7VzBhVtau9E2stAj2uXKJBjVJzdFSKhK6zaJmhYdgXRMQ9rKG', '2026-02-11 03:52:54.372495+00', NULL, '', NULL, '', NULL, '', '', NULL, '2026-02-11 03:52:54.376299+00', '{"provider": "email", "providers": ["email"]}', '{"sub": "9df383ed-d2d3-4639-91e8-702cbd3792d6", "email": "mrmetoyou2@gmail.com", "full_name": "Jimmy Smith", "email_verified": true, "phone_verified": false}', NULL, '2026-02-11 03:52:54.365894+00', '2026-02-11 03:52:54.37937+00', NULL, NULL, '', '', NULL, '', 0, NULL, '', NULL, false, NULL, false),
	('00000000-0000-0000-0000-000000000000', '0a55232c-dd67-4f33-b6f1-7560da7a4b54', 'authenticated', 'authenticated', 'tyrone@mac.com', '$2a$10$Ff1cOfDu2hqz5RMXle53Ru4GoT/wiUlMZYUrwhXtnfRvG0nNFgHS6', '2026-02-18 02:43:08.631749+00', NULL, '', NULL, '', NULL, '', '', NULL, '2026-03-01 05:32:17.997008+00', '{"provider": "email", "providers": ["email"]}', '{"sub": "0a55232c-dd67-4f33-b6f1-7560da7a4b54", "email": "tyrone@mac.com", "full_name": "Tyrone Mac", "email_verified": true, "phone_verified": false}', NULL, '2026-02-18 02:43:08.62502+00', '2026-03-04 13:56:26.789874+00', NULL, NULL, '', '', NULL, '', 0, NULL, '', NULL, false, NULL, false),
	('00000000-0000-0000-0000-000000000000', 'b47eab03-f6b9-4a4b-be7b-a754688230e8', 'authenticated', 'authenticated', 'jim@tuka.com', '$2a$10$2ZStAWwUPkISwuNs17DHieBl4O6/j3LrhbAxXqQuRKuhgmIUFgS6m', '2026-02-13 04:06:32.591798+00', NULL, '', NULL, '', NULL, '', '', NULL, '2026-02-18 03:09:10.388236+00', '{"provider": "email", "providers": ["email"]}', '{"sub": "b47eab03-f6b9-4a4b-be7b-a754688230e8", "email": "jim@tuka.com", "full_name": "Jim Tuka", "email_verified": true, "phone_verified": false}', NULL, '2026-02-13 04:06:32.585601+00', '2026-02-18 03:09:10.393602+00', NULL, NULL, '', '', NULL, '', 0, NULL, '', NULL, false, NULL, false),
	('00000000-0000-0000-0000-000000000000', '1932ad24-c7b8-40b7-b636-53e8f3ed0985', 'authenticated', 'authenticated', 'joe@blobs.com', '$2a$10$A4vLoSmSNI79q16NAWwJKu/.o0iT9dSUGbjRHFCNRDw5fR7ML6gXm', '2026-02-15 06:33:37.122407+00', NULL, '', NULL, '', NULL, '', '', NULL, '2026-02-15 06:33:37.125535+00', '{"provider": "email", "providers": ["email"]}', '{"sub": "1932ad24-c7b8-40b7-b636-53e8f3ed0985", "email": "joe@blobs.com", "full_name": "Joe Blob", "email_verified": true, "phone_verified": false}', NULL, '2026-02-15 06:33:37.115321+00', '2026-02-15 06:33:37.128578+00', NULL, NULL, '', '', NULL, '', 0, NULL, '', NULL, false, NULL, false),
	('00000000-0000-0000-0000-000000000000', '66a55186-462a-4084-aef0-74bc6b48a937', 'authenticated', 'authenticated', 'please@man.com', '$2a$10$CWCSkPi6x4hASE0tr2s1a.rzPTDXZ9b7YwJli3/..WF/GcOmAchmS', '2026-02-11 23:09:37.011515+00', NULL, '', NULL, '', NULL, '', '', NULL, '2026-02-11 23:12:22.901769+00', '{"provider": "email", "providers": ["email"]}', '{"sub": "66a55186-462a-4084-aef0-74bc6b48a937", "email": "please@man.com", "full_name": "Please Man", "email_verified": true, "phone_verified": false}', NULL, '2026-02-11 23:09:37.002927+00', '2026-02-11 23:12:22.904781+00', NULL, NULL, '', '', NULL, '', 0, NULL, '', NULL, false, NULL, false),
	('00000000-0000-0000-0000-000000000000', 'f4272ba7-07fb-4dfc-86ca-39ee1d188c78', 'authenticated', 'authenticated', 'dale@wale.com', '$2a$10$EPfyfFcbTGaOLDYVRtDALeO3Ju1ziI.4LYgmcr1F5Gu.So4WF15cW', '2026-02-18 00:00:09.512754+00', NULL, '', NULL, '', NULL, '', '', NULL, '2026-02-18 00:00:09.516489+00', '{"provider": "email", "providers": ["email"]}', '{"sub": "f4272ba7-07fb-4dfc-86ca-39ee1d188c78", "email": "dale@wale.com", "full_name": "Dale Wale", "email_verified": true, "phone_verified": false}', NULL, '2026-02-18 00:00:09.504194+00', '2026-02-18 00:00:09.520826+00', NULL, NULL, '', '', NULL, '', 0, NULL, '', NULL, false, NULL, false),
	('00000000-0000-0000-0000-000000000000', '127da7af-65eb-4cf3-a23d-cd5239bd97fe', 'authenticated', 'authenticated', 'maneebarry@gmail.com', '$2a$10$ZWOBF44ZmEsX6bO53RDv7eXsaqU7VM3LEbOGVE/3nd/qUGyrNCXpm', '2026-01-16 01:57:58.93462+00', NULL, '', NULL, '', NULL, '', '', NULL, '2026-02-11 20:52:04.539083+00', '{"provider": "email", "providers": ["email"]}', '{"sub": "127da7af-65eb-4cf3-a23d-cd5239bd97fe", "email": "maneebarry@gmail.com", "email_verified": true, "phone_verified": false}', NULL, '2026-01-16 01:57:58.926855+00', '2026-02-11 20:52:22.389388+00', NULL, NULL, '', '', NULL, '', 0, NULL, '', NULL, false, NULL, false),
	('00000000-0000-0000-0000-000000000000', '8ebe37c2-b2db-4415-ae5d-5ec3d32e4f82', 'authenticated', 'authenticated', 'pattersonab4@gmail.com', '$2a$10$pUYnoyppZK1IDC0hNuPE3eM9cU7.1tUEGaqU1gvLtilGZ4dK82o5m', '2026-02-08 02:58:33.790288+00', NULL, '', NULL, '', NULL, '', '', NULL, '2026-02-11 20:53:32.994557+00', '{"provider": "email", "providers": ["email"]}', '{"sub": "8ebe37c2-b2db-4415-ae5d-5ec3d32e4f82", "email": "pattersonab4@gmail.com", "email_verified": true, "phone_verified": false}', NULL, '2026-02-08 02:58:33.778754+00', '2026-02-11 22:05:35.725187+00', NULL, NULL, '', '', NULL, '', 0, NULL, '', NULL, false, NULL, false),
	('00000000-0000-0000-0000-000000000000', 'ff908dae-85e5-4b91-bf67-ee8eb653a05c', 'authenticated', 'authenticated', 'bubba@chuck.com', '$2a$10$Z/t1BHVcs7we7fDnw1nnA.k3u2aYJEDXh30wUkLMAyvo/k4aofL0e', '2026-02-18 00:05:18.951331+00', NULL, '', NULL, '', NULL, '', '', NULL, '2026-02-18 00:05:18.955112+00', '{"provider": "email", "providers": ["email"]}', '{"sub": "ff908dae-85e5-4b91-bf67-ee8eb653a05c", "email": "bubba@chuck.com", "full_name": "Bubba Chuck", "email_verified": true, "phone_verified": false}', NULL, '2026-02-18 00:05:18.943805+00', '2026-02-18 01:59:29.567994+00', NULL, NULL, '', '', NULL, '', 0, NULL, '', NULL, false, NULL, false),
	('00000000-0000-0000-0000-000000000000', '794c2bb8-b5c7-4cf2-bc96-cf2a88d6420a', 'authenticated', 'authenticated', 'oscar@robinson.com', '$2a$10$uhMtUOLrQyzGVfvzvgSHGutS42dOAG73GD/xNHGrbLuye8WkgEYHm', '2026-02-15 00:26:18.642071+00', NULL, '', NULL, '', NULL, '', '', NULL, '2026-02-15 00:26:18.646026+00', '{"provider": "email", "providers": ["email"]}', '{"sub": "794c2bb8-b5c7-4cf2-bc96-cf2a88d6420a", "email": "oscar@robinson.com", "full_name": "Oscar robinson", "email_verified": true, "phone_verified": false}', NULL, '2026-02-15 00:26:18.635436+00', '2026-02-15 00:26:18.64982+00', NULL, NULL, '', '', NULL, '', 0, NULL, '', NULL, false, NULL, false),
	('00000000-0000-0000-0000-000000000000', 'ddff783e-42bc-4bd1-8408-8e43261127a4', 'authenticated', 'authenticated', 'robbie@dobbs.com', '$2a$10$n8aJ8f2/scw4prqIlE/ex.xuwnerZRqYm5wbwXbaym1.A8NBkN14W', '2026-02-15 06:56:39.870374+00', NULL, '', NULL, '', NULL, '', '', NULL, '2026-02-15 06:56:39.874048+00', '{"provider": "email", "providers": ["email"]}', '{"sub": "ddff783e-42bc-4bd1-8408-8e43261127a4", "email": "robbie@dobbs.com", "full_name": "Robbie Dobbs", "email_verified": true, "phone_verified": false}', NULL, '2026-02-15 06:56:39.862952+00', '2026-02-16 04:06:58.443722+00', NULL, NULL, '', '', NULL, '', 0, NULL, '', NULL, false, NULL, false);


--
-- Data for Name: identities; Type: TABLE DATA; Schema: auth; Owner: supabase_auth_admin
--

INSERT INTO "auth"."identities" ("provider_id", "user_id", "identity_data", "provider", "last_sign_in_at", "created_at", "updated_at", "id") VALUES
	('8ba30d77-2295-4807-a1c5-6f51dd00f734', '8ba30d77-2295-4807-a1c5-6f51dd00f734', '{"sub": "8ba30d77-2295-4807-a1c5-6f51dd00f734", "email_verified": false, "phone_verified": false}', 'phone', '2026-01-03 21:44:57.989492+00', '2026-01-03 21:44:57.989545+00', '2026-01-03 21:44:57.989545+00', '74717b67-95fd-4fb7-88e2-1f9eb1c5ce61'),
	('8ebe37c2-b2db-4415-ae5d-5ec3d32e4f82', '8ebe37c2-b2db-4415-ae5d-5ec3d32e4f82', '{"sub": "8ebe37c2-b2db-4415-ae5d-5ec3d32e4f82", "email": "pattersonab4@gmail.com", "email_verified": false, "phone_verified": false}', 'email', '2026-02-08 02:58:33.787094+00', '2026-02-08 02:58:33.787148+00', '2026-02-08 02:58:33.787148+00', '2e51e193-7351-4189-ab34-796585fc674a'),
	('127da7af-65eb-4cf3-a23d-cd5239bd97fe', '127da7af-65eb-4cf3-a23d-cd5239bd97fe', '{"sub": "127da7af-65eb-4cf3-a23d-cd5239bd97fe", "email": "maneebarry@gmail.com", "email_verified": false, "phone_verified": false}', 'email', '2026-01-16 01:57:58.931781+00', '2026-01-16 01:57:58.931863+00', '2026-01-16 01:57:58.931863+00', 'e54ba5a7-ebb2-47f6-bb61-fd92d3304b72'),
	('9df383ed-d2d3-4639-91e8-702cbd3792d6', '9df383ed-d2d3-4639-91e8-702cbd3792d6', '{"sub": "9df383ed-d2d3-4639-91e8-702cbd3792d6", "email": "mrmetoyou2@gmail.com", "full_name": "Jimmy Smith", "email_verified": false, "phone_verified": false}', 'email', '2026-02-11 03:52:54.369626+00', '2026-02-11 03:52:54.369685+00', '2026-02-11 03:52:54.369685+00', 'bc07cdd6-fe95-4792-8d17-87fd087283c4'),
	('0d4be763-a832-4a70-a21c-77662c319f7d', '0d4be763-a832-4a70-a21c-77662c319f7d', '{"sub": "0d4be763-a832-4a70-a21c-77662c319f7d", "email": "chris@tucker.com", "full_name": "Chris Tucker", "email_verified": false, "phone_verified": false}', 'email', '2026-02-11 22:44:36.278432+00', '2026-02-11 22:44:36.278479+00', '2026-02-11 22:44:36.278479+00', 'a9413659-e970-46d1-aeee-28a979eda6f1'),
	('66a55186-462a-4084-aef0-74bc6b48a937', '66a55186-462a-4084-aef0-74bc6b48a937', '{"sub": "66a55186-462a-4084-aef0-74bc6b48a937", "email": "please@man.com", "full_name": "Please Man", "email_verified": false, "phone_verified": false}', 'email', '2026-02-11 23:09:37.008103+00', '2026-02-11 23:09:37.008155+00', '2026-02-11 23:09:37.008155+00', '3186625d-da62-407d-914c-2e2a264bf75e'),
	('2fc4c272-9d94-4482-b98e-bdb8009676b7', '2fc4c272-9d94-4482-b98e-bdb8009676b7', '{"sub": "2fc4c272-9d94-4482-b98e-bdb8009676b7", "email": "will@barber.com", "email_verified": false, "phone_verified": false}', 'email', '2026-02-12 00:09:15.828193+00', '2026-02-12 00:09:15.828238+00', '2026-02-12 00:09:15.828238+00', 'b85d782f-e49c-4d61-b586-0d4cd634b4ac'),
	('a6f06ab9-0461-4a2a-a087-395dbde4775e', 'a6f06ab9-0461-4a2a-a087-395dbde4775e', '{"sub": "a6f06ab9-0461-4a2a-a087-395dbde4775e", "email": "abpatt@yahoo.com", "email_verified": false, "phone_verified": false}', 'email', '2026-02-12 00:09:52.32884+00', '2026-02-12 00:09:52.328884+00', '2026-02-12 00:09:52.328884+00', '5d5d62e2-4070-47d1-bdc5-64c82d75317b'),
	('b47eab03-f6b9-4a4b-be7b-a754688230e8', 'b47eab03-f6b9-4a4b-be7b-a754688230e8', '{"sub": "b47eab03-f6b9-4a4b-be7b-a754688230e8", "email": "jim@tuka.com", "full_name": "Jim Tuka", "email_verified": false, "phone_verified": false}', 'email', '2026-02-13 04:06:32.58917+00', '2026-02-13 04:06:32.589215+00', '2026-02-13 04:06:32.589215+00', '6ce0321c-5ace-43fd-818a-75ca02eaa853'),
	('794c2bb8-b5c7-4cf2-bc96-cf2a88d6420a', '794c2bb8-b5c7-4cf2-bc96-cf2a88d6420a', '{"sub": "794c2bb8-b5c7-4cf2-bc96-cf2a88d6420a", "email": "oscar@robinson.com", "full_name": "Oscar robinson", "email_verified": false, "phone_verified": false}', 'email', '2026-02-15 00:26:18.639171+00', '2026-02-15 00:26:18.639216+00', '2026-02-15 00:26:18.639216+00', '4fdac158-5749-40d2-9f23-f4decf498ecd'),
	('1932ad24-c7b8-40b7-b636-53e8f3ed0985', '1932ad24-c7b8-40b7-b636-53e8f3ed0985', '{"sub": "1932ad24-c7b8-40b7-b636-53e8f3ed0985", "email": "joe@blobs.com", "full_name": "Joe Blob", "email_verified": false, "phone_verified": false}', 'email', '2026-02-15 06:33:37.119299+00', '2026-02-15 06:33:37.119346+00', '2026-02-15 06:33:37.119346+00', 'ed29be52-bb87-4d81-a05e-954e36aa615d'),
	('ddff783e-42bc-4bd1-8408-8e43261127a4', 'ddff783e-42bc-4bd1-8408-8e43261127a4', '{"sub": "ddff783e-42bc-4bd1-8408-8e43261127a4", "email": "robbie@dobbs.com", "full_name": "Robbie Dobbs", "email_verified": false, "phone_verified": false}', 'email', '2026-02-15 06:56:39.867296+00', '2026-02-15 06:56:39.867343+00', '2026-02-15 06:56:39.867343+00', '87a0ff35-4d70-4fb9-9321-37b2fe43cbf2'),
	('339d496a-bcf9-41f8-b55c-195ef43f713e', '339d496a-bcf9-41f8-b55c-195ef43f713e', '{"sub": "339d496a-bcf9-41f8-b55c-195ef43f713e", "email": "norv@turner.com", "full_name": "Norv Turner", "email_verified": false, "phone_verified": false}', 'email', '2026-02-17 23:58:04.219834+00', '2026-02-17 23:58:04.219882+00', '2026-02-17 23:58:04.219882+00', '5368100e-e5d6-4a60-b54c-9dd562673509'),
	('f4272ba7-07fb-4dfc-86ca-39ee1d188c78', 'f4272ba7-07fb-4dfc-86ca-39ee1d188c78', '{"sub": "f4272ba7-07fb-4dfc-86ca-39ee1d188c78", "email": "dale@wale.com", "full_name": "Dale Wale", "email_verified": false, "phone_verified": false}', 'email', '2026-02-18 00:00:09.50976+00', '2026-02-18 00:00:09.509824+00', '2026-02-18 00:00:09.509824+00', '81a854b8-860e-460f-974b-bfa65daf3964'),
	('ff908dae-85e5-4b91-bf67-ee8eb653a05c', 'ff908dae-85e5-4b91-bf67-ee8eb653a05c', '{"sub": "ff908dae-85e5-4b91-bf67-ee8eb653a05c", "email": "bubba@chuck.com", "full_name": "Bubba Chuck", "email_verified": false, "phone_verified": false}', 'email', '2026-02-18 00:05:18.947636+00', '2026-02-18 00:05:18.947681+00', '2026-02-18 00:05:18.947681+00', '7278b99d-0e5e-4b58-834b-d5f699a5c8bd'),
	('0a55232c-dd67-4f33-b6f1-7560da7a4b54', '0a55232c-dd67-4f33-b6f1-7560da7a4b54', '{"sub": "0a55232c-dd67-4f33-b6f1-7560da7a4b54", "email": "tyrone@mac.com", "full_name": "Tyrone Mac", "email_verified": false, "phone_verified": false}', 'email', '2026-02-18 02:43:08.628901+00', '2026-02-18 02:43:08.628949+00', '2026-02-18 02:43:08.628949+00', '4c2f4bab-2455-4a79-b32a-4bbbdf256d37');


--
-- Data for Name: instances; Type: TABLE DATA; Schema: auth; Owner: supabase_auth_admin
--



--
-- Data for Name: oauth_clients; Type: TABLE DATA; Schema: auth; Owner: supabase_auth_admin
--



--
-- Data for Name: sessions; Type: TABLE DATA; Schema: auth; Owner: supabase_auth_admin
--

INSERT INTO "auth"."sessions" ("id", "user_id", "created_at", "updated_at", "factor_id", "aal", "not_after", "refreshed_at", "user_agent", "ip", "tag", "oauth_client_id", "refresh_token_hmac_key", "refresh_token_counter", "scopes") VALUES
	('cc805249-9058-4dc8-9a82-3e859084a7f3', '127da7af-65eb-4cf3-a23d-cd5239bd97fe', '2026-01-22 23:33:45.753294+00', '2026-01-31 16:02:52.176011+00', NULL, 'aal1', NULL, '2026-01-31 16:02:52.175915', 'Next.js Middleware', '99.139.217.176', NULL, NULL, NULL, NULL, NULL),
	('8fff1fc3-d3a8-4b25-88a8-1e89c5382fbf', '127da7af-65eb-4cf3-a23d-cd5239bd97fe', '2026-01-24 01:53:15.597885+00', '2026-01-24 05:53:51.826927+00', NULL, 'aal1', NULL, '2026-01-24 05:53:51.826831', 'Mozilla/5.0 (Windows NT 10.0; Win64; x64) AppleWebKit/537.36 (KHTML, like Gecko) Chrome/144.0.0.0 Safari/537.36 Edg/144.0.0.0', '99.139.217.176', NULL, NULL, NULL, NULL, NULL),
	('ccca9a35-67b2-4f7d-bf05-5cb1d7d2bcb9', '127da7af-65eb-4cf3-a23d-cd5239bd97fe', '2026-01-17 09:07:35.783722+00', '2026-01-18 23:09:16.771251+00', NULL, 'aal1', NULL, '2026-01-18 23:09:16.771156', 'Next.js Middleware', '99.139.217.176', NULL, NULL, NULL, NULL, NULL),
	('b45558c6-d688-4f23-a0a0-9465b4304560', '127da7af-65eb-4cf3-a23d-cd5239bd97fe', '2026-01-31 17:19:00.962228+00', '2026-01-31 17:19:00.962228+00', NULL, 'aal1', NULL, NULL, 'Mozilla/5.0 (Windows NT 10.0; Win64; x64) AppleWebKit/537.36 (KHTML, like Gecko) Chrome/143.0.0.0 Safari/537.36 AVG/143.0.0.0', '99.139.217.176', NULL, NULL, NULL, NULL, NULL),
	('014cdd38-bd5c-4e7a-9f96-6ab99a66796a', '127da7af-65eb-4cf3-a23d-cd5239bd97fe', '2026-01-18 01:55:21.796918+00', '2026-01-24 01:51:27.171617+00', NULL, 'aal1', NULL, '2026-01-24 01:51:27.171529', 'Mozilla/5.0 (Linux; Android 6.0; Nexus 5 Build/MRA58N) AppleWebKit/537.36 (KHTML, like Gecko) Chrome/144.0.0.0 Mobile Safari/537.36 Edg/144.0.0.0', '99.139.217.176', NULL, NULL, NULL, NULL, NULL),
	('01206711-a674-4537-8401-9824cdd1a9d9', '127da7af-65eb-4cf3-a23d-cd5239bd97fe', '2026-01-16 01:58:37.746503+00', '2026-01-17 09:06:46.445472+00', NULL, 'aal1', NULL, '2026-01-17 09:06:46.445372', 'Mozilla/5.0 (Windows NT 10.0; Win64; x64) AppleWebKit/537.36 (KHTML, like Gecko) Chrome/143.0.0.0 Safari/537.36', '99.139.217.176', NULL, NULL, NULL, NULL, NULL),
	('e40cca01-eb2c-49dc-82fd-2f8003238170', '127da7af-65eb-4cf3-a23d-cd5239bd97fe', '2026-01-16 04:08:30.169773+00', '2026-01-21 02:45:51.446773+00', NULL, 'aal1', NULL, '2026-01-21 02:45:51.446667', 'Next.js Middleware', '99.139.217.176', NULL, NULL, NULL, NULL, NULL),
	('44b9bb7c-7431-4754-ae56-2820d54e280a', '127da7af-65eb-4cf3-a23d-cd5239bd97fe', '2026-01-16 01:57:58.938087+00', '2026-01-16 01:57:58.938087+00', NULL, 'aal1', NULL, NULL, 'Mozilla/5.0 (Windows NT 10.0; Win64; x64) AppleWebKit/537.36 (KHTML, like Gecko) Chrome/143.0.0.0 Safari/537.36', '99.139.217.176', NULL, NULL, NULL, NULL, NULL),
	('5503a65c-d33b-4110-8dfd-4ac4342f39c9', '127da7af-65eb-4cf3-a23d-cd5239bd97fe', '2026-01-18 02:08:23.192629+00', '2026-01-18 02:08:23.192629+00', NULL, 'aal1', NULL, NULL, 'Mozilla/5.0 (Linux; Android 10; K) AppleWebKit/537.36 (KHTML, like Gecko) Chrome/143.0.0.0 Mobile Safari/537.36', '99.139.217.176', NULL, NULL, NULL, NULL, NULL),
	('536733c0-146f-4b3d-94c5-aed3c1ec1369', '127da7af-65eb-4cf3-a23d-cd5239bd97fe', '2026-01-24 05:54:40.699734+00', '2026-01-31 18:38:43.935065+00', NULL, 'aal1', NULL, '2026-01-31 18:38:43.93425', 'Next.js Middleware', '99.139.217.176', NULL, NULL, NULL, NULL, NULL),
	('1c263ac6-5052-4e7e-8ab6-770deac841e8', '127da7af-65eb-4cf3-a23d-cd5239bd97fe', '2026-01-21 02:47:29.506538+00', '2026-01-22 22:47:15.684057+00', NULL, 'aal1', NULL, '2026-01-22 22:47:15.683959', 'Mozilla/5.0 (Windows NT 10.0; Win64; x64) AppleWebKit/537.36 (KHTML, like Gecko) Chrome/143.0.0.0 Safari/537.36 AVG/143.0.0.0', '99.139.217.176', NULL, NULL, NULL, NULL, NULL),
	('87186535-d8a4-4057-813b-70052ab890ca', '127da7af-65eb-4cf3-a23d-cd5239bd97fe', '2026-01-28 00:03:57.540333+00', '2026-01-28 00:03:57.540333+00', NULL, 'aal1', NULL, NULL, 'Mozilla/5.0 (Windows NT 10.0; Win64; x64) AppleWebKit/537.36 (KHTML, like Gecko) Chrome/143.0.0.0 Safari/537.36 AVG/143.0.0.0', '99.139.217.176', NULL, NULL, NULL, NULL, NULL),
	('d26b9540-f13c-43c2-940c-d1d2b1d4fb05', '127da7af-65eb-4cf3-a23d-cd5239bd97fe', '2026-01-28 00:06:16.34465+00', '2026-01-28 00:06:16.34465+00', NULL, 'aal1', NULL, NULL, 'Mozilla/5.0 (Windows NT 10.0; Win64; x64) AppleWebKit/537.36 (KHTML, like Gecko) Chrome/144.0.0.0 Safari/537.36', '99.139.217.176', NULL, NULL, NULL, NULL, NULL),
	('fb234fc8-3292-406d-8beb-70d635972f26', '127da7af-65eb-4cf3-a23d-cd5239bd97fe', '2026-01-18 02:54:28.848741+00', '2026-02-07 03:48:34.050631+00', NULL, 'aal1', NULL, '2026-02-07 03:48:34.050536', 'Mozilla/5.0 (Linux; Android 10; K) AppleWebKit/537.36 (KHTML, like Gecko) Chrome/144.0.0.0 Mobile Safari/537.36', '99.139.217.176', NULL, NULL, NULL, NULL, NULL),
	('cfd1ccad-0d1e-4c6a-8852-18c10424dbbe', '127da7af-65eb-4cf3-a23d-cd5239bd97fe', '2026-01-18 19:10:14.821633+00', '2026-02-01 04:20:45.252515+00', NULL, 'aal1', NULL, '2026-02-01 04:20:45.252418', 'Mozilla/5.0 (Linux; Android 10; K) AppleWebKit/537.36 (KHTML, like Gecko) Chrome/144.0.0.0 Mobile Safari/537.36', '99.139.217.176', NULL, NULL, NULL, NULL, NULL),
	('883efdde-3a39-4e28-9403-de79ec341ab6', '127da7af-65eb-4cf3-a23d-cd5239bd97fe', '2026-02-02 21:46:05.589392+00', '2026-02-03 01:20:18.101123+00', NULL, 'aal1', NULL, '2026-02-03 01:20:18.101024', 'Next.js Middleware', '99.139.217.176', NULL, NULL, NULL, NULL, NULL),
	('3362aa6f-4bf8-476b-8ac6-b1f3a839afc2', '127da7af-65eb-4cf3-a23d-cd5239bd97fe', '2026-02-03 01:23:53.255404+00', '2026-02-05 05:36:24.603034+00', NULL, 'aal1', NULL, '2026-02-05 05:36:24.602937', 'Next.js Middleware', '99.139.217.176', NULL, NULL, NULL, NULL, NULL),
	('01a77699-467a-4017-992b-a9302766be98', '0a55232c-dd67-4f33-b6f1-7560da7a4b54', '2026-02-28 02:52:18.445283+00', '2026-03-01 07:53:27.260766+00', NULL, 'aal1', NULL, '2026-03-01 07:53:27.260675', 'node', '99.139.217.176', NULL, NULL, NULL, NULL, NULL),
	('e7745291-411b-46b7-9c79-888bababdc0b', '127da7af-65eb-4cf3-a23d-cd5239bd97fe', '2026-02-08 00:59:32.411942+00', '2026-02-08 01:28:43.689426+00', NULL, 'aal1', NULL, '2026-02-08 01:28:43.68933', 'Mozilla/5.0 (Windows NT 10.0; Win64; x64) AppleWebKit/537.36 (KHTML, like Gecko) Chrome/143.0.0.0 Safari/537.36 AVG/143.0.0.0', '99.139.217.176', NULL, NULL, NULL, NULL, NULL),
	('ea1425fb-b06e-46e5-bd57-fb1f228a45eb', '127da7af-65eb-4cf3-a23d-cd5239bd97fe', '2026-02-01 20:54:01.76199+00', '2026-02-05 22:56:41.035992+00', NULL, 'aal1', NULL, '2026-02-05 22:56:41.035893', 'Next.js Middleware', '99.139.217.176', NULL, NULL, NULL, NULL, NULL),
	('6f7d2b32-eef3-4666-a8a0-ab629ffc604b', '127da7af-65eb-4cf3-a23d-cd5239bd97fe', '2026-01-31 18:37:15.931456+00', '2026-01-31 22:14:29.315216+00', NULL, 'aal1', NULL, '2026-01-31 22:14:29.315118', 'Next.js Middleware', '99.139.217.176', NULL, NULL, NULL, NULL, NULL),
	('6692b135-d167-4353-9f15-e7e204dc9d4d', '127da7af-65eb-4cf3-a23d-cd5239bd97fe', '2026-02-05 22:34:30.102332+00', '2026-02-07 01:34:18.948924+00', NULL, 'aal1', NULL, '2026-02-07 01:34:18.948833', 'Next.js Middleware', '99.139.217.176', NULL, NULL, NULL, NULL, NULL),
	('f269eb25-29a9-40ad-8d6d-acb1be6c2b98', '127da7af-65eb-4cf3-a23d-cd5239bd97fe', '2026-02-01 19:06:56.521292+00', '2026-02-01 20:34:57.616619+00', NULL, 'aal1', NULL, '2026-02-01 20:34:57.616524', 'Mozilla/5.0 (Windows NT 10.0; Win64; x64) AppleWebKit/537.36 (KHTML, like Gecko) Chrome/144.0.0.0 Safari/537.36 Edg/144.0.0.0', '99.139.217.176', NULL, NULL, NULL, NULL, NULL),
	('ab4e2027-60ce-406f-aea7-70b81c214ad1', '127da7af-65eb-4cf3-a23d-cd5239bd97fe', '2026-02-01 03:30:27.546168+00', '2026-02-02 21:45:58.969606+00', NULL, 'aal1', NULL, '2026-02-02 21:45:58.969512', 'Mozilla/5.0 (Windows NT 10.0; Win64; x64) AppleWebKit/537.36 (KHTML, like Gecko) Chrome/143.0.0.0 Safari/537.36 AVG/143.0.0.0', '149.88.30.85', NULL, NULL, NULL, NULL, NULL),
	('258cbbb9-ce1e-4667-bef9-516e34efc318', '127da7af-65eb-4cf3-a23d-cd5239bd97fe', '2026-02-08 01:53:25.278306+00', '2026-02-08 02:55:52.760655+00', NULL, 'aal1', NULL, '2026-02-08 02:55:52.760552', 'Mozilla/5.0 (Windows NT 10.0; Win64; x64) AppleWebKit/537.36 (KHTML, like Gecko) Chrome/143.0.0.0 Safari/537.36 AVG/143.0.0.0', '99.139.217.176', NULL, NULL, NULL, NULL, NULL),
	('2f706c9c-b7f7-4f86-a93b-e4b63e43c146', '8ebe37c2-b2db-4415-ae5d-5ec3d32e4f82', '2026-02-08 02:58:41.522281+00', '2026-02-08 02:58:41.522281+00', NULL, 'aal1', NULL, NULL, 'Mozilla/5.0 (Windows NT 10.0; Win64; x64) AppleWebKit/537.36 (KHTML, like Gecko) Chrome/143.0.0.0 Safari/537.36 AVG/143.0.0.0', '99.139.217.176', NULL, NULL, NULL, NULL, NULL),
	('a71b2b7c-9953-40d2-bcd7-1b37e3abf828', '127da7af-65eb-4cf3-a23d-cd5239bd97fe', '2026-02-05 05:37:27.936279+00', '2026-02-07 02:55:30.11014+00', NULL, 'aal1', NULL, '2026-02-07 02:55:30.110046', 'Next.js Middleware', '99.139.217.176', NULL, NULL, NULL, NULL, NULL),
	('1ed82496-2a87-4ba7-954d-3ea65c97131d', '8ebe37c2-b2db-4415-ae5d-5ec3d32e4f82', '2026-02-08 02:58:33.794591+00', '2026-02-08 02:58:33.794591+00', NULL, 'aal1', NULL, NULL, 'Mozilla/5.0 (Windows NT 10.0; Win64; x64) AppleWebKit/537.36 (KHTML, like Gecko) Chrome/143.0.0.0 Safari/537.36 AVG/143.0.0.0', '99.139.217.176', NULL, NULL, NULL, NULL, NULL),
	('fb852659-d904-49d1-9ef4-0151d985a670', '0a55232c-dd67-4f33-b6f1-7560da7a4b54', '2026-02-27 03:30:06.44945+00', '2026-02-27 03:30:06.44945+00', NULL, 'aal1', NULL, NULL, 'Mozilla/5.0 (Linux; Android 10; K) AppleWebKit/537.36 (KHTML, like Gecko) Chrome/145.0.0.0 Mobile Safari/537.36', '99.139.217.176', NULL, NULL, NULL, NULL, NULL),
	('98d6c765-d7c4-4f7c-ae76-a58b7bce63d0', '8ebe37c2-b2db-4415-ae5d-5ec3d32e4f82', '2026-02-08 03:00:28.955696+00', '2026-02-10 02:25:02.335547+00', NULL, 'aal1', NULL, '2026-02-10 02:25:02.335453', 'Next.js Middleware', '99.139.217.176', NULL, NULL, NULL, NULL, NULL),
	('9c5230cd-43c5-4a3b-974c-8b14ac2005a7', '0a55232c-dd67-4f33-b6f1-7560da7a4b54', '2026-02-27 03:31:41.844033+00', '2026-02-28 03:27:42.621734+00', NULL, 'aal1', NULL, '2026-02-28 03:27:42.62164', 'Mozilla/5.0 (Windows NT 10.0; Win64; x64) AppleWebKit/537.36 (KHTML, like Gecko) Chrome/145.0.0.0 Safari/537.36 Edg/145.0.0.0', '99.139.217.176', NULL, NULL, NULL, NULL, NULL),
	('28008365-ad75-49b9-81a6-5ce49e01a9b3', '0a55232c-dd67-4f33-b6f1-7560da7a4b54', '2026-03-01 05:32:17.997105+00', '2026-03-04 13:56:26.791177+00', NULL, 'aal1', NULL, '2026-03-04 13:56:26.791088', 'Mozilla/5.0 (Linux; Android 10; K) AppleWebKit/537.36 (KHTML, like Gecko) Chrome/145.0.0.0 Safari/537.36', '99.139.217.176', NULL, NULL, NULL, NULL, NULL),
	('0e295613-20ed-42e0-9ae4-bedb934f6594', 'f4272ba7-07fb-4dfc-86ca-39ee1d188c78', '2026-02-18 00:00:09.516582+00', '2026-02-18 00:00:09.516582+00', NULL, 'aal1', NULL, NULL, 'Mozilla/5.0 (Windows NT 10.0; Win64; x64) AppleWebKit/537.36 (KHTML, like Gecko) Chrome/145.0.0.0 Safari/537.36 Edg/145.0.0.0', '99.139.217.176', NULL, NULL, NULL, NULL, NULL),
	('7b796f5b-69a2-4fb7-a56c-6d08ec63f374', '2fc4c272-9d94-4482-b98e-bdb8009676b7', '2026-02-19 21:44:23.136971+00', '2026-02-21 00:21:14.763025+00', NULL, 'aal1', NULL, '2026-02-21 00:21:14.762926', 'Mozilla/5.0 (Windows NT 10.0; Win64; x64) AppleWebKit/537.36 (KHTML, like Gecko) Chrome/145.0.0.0 Safari/537.36 Edg/145.0.0.0', '99.139.217.176', NULL, NULL, NULL, NULL, NULL),
	('89a19822-73cc-4e93-92a7-a59bb83674c8', '127da7af-65eb-4cf3-a23d-cd5239bd97fe', '2026-02-11 20:52:04.539174+00', '2026-02-11 20:52:22.390499+00', NULL, 'aal1', NULL, '2026-02-11 20:52:22.390414', 'Mozilla/5.0 (Windows NT 10.0; Win64; x64) AppleWebKit/537.36 (KHTML, like Gecko) Chrome/144.0.0.0 Safari/537.36 Edg/144.0.0.0', '99.139.217.176', NULL, NULL, NULL, NULL, NULL),
	('0d7889ea-6931-42ae-aa84-a7936f31e277', 'ff908dae-85e5-4b91-bf67-ee8eb653a05c', '2026-02-18 00:05:18.955198+00', '2026-02-18 01:59:29.569878+00', NULL, 'aal1', NULL, '2026-02-18 01:59:29.569762', 'Mozilla/5.0 (Windows NT 10.0; Win64; x64) AppleWebKit/537.36 (KHTML, like Gecko) Chrome/145.0.0.0 Safari/537.36 Edg/145.0.0.0', '99.139.217.176', NULL, NULL, NULL, NULL, NULL),
	('64d099f9-f145-4669-a367-50ce5b9dce64', '8ebe37c2-b2db-4415-ae5d-5ec3d32e4f82', '2026-02-11 20:53:32.994659+00', '2026-02-11 22:05:35.726904+00', NULL, 'aal1', NULL, '2026-02-11 22:05:35.726788', 'Next.js Middleware', '99.139.217.176', NULL, NULL, NULL, NULL, NULL),
	('2a826fbe-30e8-4311-a2d7-02584bc77e83', '0d4be763-a832-4a70-a21c-77662c319f7d', '2026-02-11 22:44:36.285368+00', '2026-02-11 22:44:36.285368+00', NULL, 'aal1', NULL, NULL, 'Mozilla/5.0 (Windows NT 10.0; Win64; x64) AppleWebKit/537.36 (KHTML, like Gecko) Chrome/144.0.0.0 Safari/537.36 Edg/144.0.0.0', '99.139.217.176', NULL, NULL, NULL, NULL, NULL),
	('265289b4-ea8c-4914-b903-238f6cd219a1', '66a55186-462a-4084-aef0-74bc6b48a937', '2026-02-11 23:09:37.016311+00', '2026-02-11 23:09:37.016311+00', NULL, 'aal1', NULL, NULL, 'Mozilla/5.0 (Windows NT 10.0; Win64; x64) AppleWebKit/537.36 (KHTML, like Gecko) Chrome/144.0.0.0 Safari/537.36 Edg/144.0.0.0', '99.139.217.176', NULL, NULL, NULL, NULL, NULL),
	('ca63794f-f3d2-47d7-b9fd-0700a2416a7e', '66a55186-462a-4084-aef0-74bc6b48a937', '2026-02-11 23:12:22.901876+00', '2026-02-11 23:12:22.901876+00', NULL, 'aal1', NULL, NULL, 'Mozilla/5.0 (Windows NT 10.0; Win64; x64) AppleWebKit/537.36 (KHTML, like Gecko) Chrome/144.0.0.0 Safari/537.36 Edg/144.0.0.0', '99.139.217.176', NULL, NULL, NULL, NULL, NULL),
	('5eeca43d-ce14-4e79-adac-61f2249532cb', '0a55232c-dd67-4f33-b6f1-7560da7a4b54', '2026-02-28 06:12:36.095038+00', '2026-03-04 13:55:02.550609+00', NULL, 'aal1', NULL, '2026-03-04 13:55:02.550509', 'Mozilla/5.0 (Windows NT 10.0; Win64; x64) AppleWebKit/537.36 (KHTML, like Gecko) Chrome/145.0.0.0 Safari/537.36 Edg/145.0.0.0', '99.139.217.176', NULL, NULL, NULL, NULL, NULL),
	('abea5440-3308-49ba-bffb-6df303752338', '0a55232c-dd67-4f33-b6f1-7560da7a4b54', '2026-02-27 04:23:45.644314+00', '2026-03-03 03:54:40.205678+00', NULL, 'aal1', NULL, '2026-03-03 03:54:40.205576', 'Mozilla/5.0 (Linux; Android 10; K) AppleWebKit/537.36 (KHTML, like Gecko) Chrome/145.0.0.0 Mobile Safari/537.36', '99.139.217.176', NULL, NULL, NULL, NULL, NULL),
	('40890a9b-e7d0-4c7f-b0e7-90c7031057fe', 'a6f06ab9-0461-4a2a-a087-395dbde4775e', '2026-02-12 00:09:52.334705+00', '2026-02-12 00:09:52.334705+00', NULL, 'aal1', NULL, NULL, 'Mozilla/5.0 (Windows NT 10.0; Win64; x64) AppleWebKit/537.36 (KHTML, like Gecko) Chrome/144.0.0.0 Safari/537.36 Edg/144.0.0.0', '99.139.217.176', NULL, NULL, NULL, NULL, NULL),
	('e071ce88-9d50-4082-b1ec-1f995be799cf', 'a6f06ab9-0461-4a2a-a087-395dbde4775e', '2026-02-12 00:10:01.814669+00', '2026-02-12 03:27:50.806382+00', NULL, 'aal1', NULL, '2026-02-12 03:27:50.806295', 'Mozilla/5.0 (Windows NT 10.0; Win64; x64) AppleWebKit/537.36 (KHTML, like Gecko) Chrome/144.0.0.0 Safari/537.36 Edg/144.0.0.0', '99.139.217.176', NULL, NULL, NULL, NULL, NULL),
	('d42360fa-a6ec-491c-8def-abe23c3161c6', '9df383ed-d2d3-4639-91e8-702cbd3792d6', '2026-02-11 03:52:54.376384+00', '2026-02-11 03:52:54.376384+00', NULL, 'aal1', NULL, NULL, 'Mozilla/5.0 (Windows NT 10.0; Win64; x64) AppleWebKit/537.36 (KHTML, like Gecko) Chrome/144.0.0.0 Safari/537.36 Edg/144.0.0.0', '99.139.217.176', NULL, NULL, NULL, NULL, NULL),
	('4fac187d-4aa1-4d7e-b2aa-ef481247edeb', '2fc4c272-9d94-4482-b98e-bdb8009676b7', '2026-02-18 04:33:28.085532+00', '2026-02-19 06:02:07.569233+00', NULL, 'aal1', NULL, '2026-02-19 06:02:07.569141', 'Mozilla/5.0 (Windows NT 10.0; Win64; x64) AppleWebKit/537.36 (KHTML, like Gecko) Chrome/145.0.0.0 Safari/537.36 Edg/145.0.0.0', '99.139.217.176', NULL, NULL, NULL, NULL, NULL),
	('4ed78bc0-5887-49cc-9a66-5e5826545c79', 'ddff783e-42bc-4bd1-8408-8e43261127a4', '2026-02-15 06:56:39.874135+00', '2026-02-16 04:06:58.445366+00', NULL, 'aal1', NULL, '2026-02-16 04:06:58.445276', 'Mozilla/5.0 (Windows NT 10.0; Win64; x64) AppleWebKit/537.36 (KHTML, like Gecko) Chrome/145.0.0.0 Safari/537.36 Edg/145.0.0.0', '99.139.217.176', NULL, NULL, NULL, NULL, NULL),
	('7a5cfd0b-695a-4584-a863-57cba4da0ada', '1932ad24-c7b8-40b7-b636-53e8f3ed0985', '2026-02-15 06:33:37.125636+00', '2026-02-15 06:33:37.125636+00', NULL, 'aal1', NULL, NULL, 'Mozilla/5.0 (Windows NT 10.0; Win64; x64) AppleWebKit/537.36 (KHTML, like Gecko) Chrome/145.0.0.0 Safari/537.36 Edg/145.0.0.0', '99.139.217.176', NULL, NULL, NULL, NULL, NULL),
	('baff7f86-3cc6-40fc-9fe2-afed5ebce473', '794c2bb8-b5c7-4cf2-bc96-cf2a88d6420a', '2026-02-15 00:26:18.646829+00', '2026-02-15 00:26:18.646829+00', NULL, 'aal1', NULL, NULL, 'Mozilla/5.0 (Windows NT 10.0; Win64; x64) AppleWebKit/537.36 (KHTML, like Gecko) Chrome/145.0.0.0 Safari/537.36 Edg/145.0.0.0', '99.139.217.176', NULL, NULL, NULL, NULL, NULL),
	('f3432803-a287-4930-8124-0743654332f5', '339d496a-bcf9-41f8-b55c-195ef43f713e', '2026-02-17 23:58:04.228605+00', '2026-02-17 23:58:04.228605+00', NULL, 'aal1', NULL, NULL, 'Mozilla/5.0 (Windows NT 10.0; Win64; x64) AppleWebKit/537.36 (KHTML, like Gecko) Chrome/145.0.0.0 Safari/537.36 Edg/145.0.0.0', '99.139.217.176', NULL, NULL, NULL, NULL, NULL),
	('f56e2ff6-b0f9-4488-a9ce-eae6221e2189', '2fc4c272-9d94-4482-b98e-bdb8009676b7', '2026-02-18 04:10:53.677249+00', '2026-02-18 04:10:53.677249+00', NULL, 'aal1', NULL, NULL, 'Mozilla/5.0 (Windows NT 10.0; Win64; x64) AppleWebKit/537.36 (KHTML, like Gecko) Chrome/145.0.0.0 Safari/537.36 Edg/145.0.0.0', '99.139.217.176', NULL, NULL, NULL, NULL, NULL),
	('5c0637ab-d0c9-4159-aa7b-0d1890beddb1', '2fc4c272-9d94-4482-b98e-bdb8009676b7', '2026-02-18 04:15:51.625409+00', '2026-02-18 04:15:51.625409+00', NULL, 'aal1', NULL, NULL, 'Mozilla/5.0 (Windows NT 10.0; Win64; x64) AppleWebKit/537.36 (KHTML, like Gecko) Chrome/145.0.0.0 Safari/537.36 Edg/145.0.0.0', '99.139.217.176', NULL, NULL, NULL, NULL, NULL);


--
-- Data for Name: mfa_amr_claims; Type: TABLE DATA; Schema: auth; Owner: supabase_auth_admin
--

INSERT INTO "auth"."mfa_amr_claims" ("session_id", "created_at", "updated_at", "authentication_method", "id") VALUES
	('f3432803-a287-4930-8124-0743654332f5', '2026-02-17 23:58:04.232445+00', '2026-02-17 23:58:04.232445+00', 'password', '23064b59-234f-4ec4-a4ae-6a979e2e3770'),
	('0e295613-20ed-42e0-9ae4-bedb934f6594', '2026-02-18 00:00:09.521343+00', '2026-02-18 00:00:09.521343+00', 'password', 'ddeca0e4-930e-4afd-8d0c-6c2852a220dc'),
	('0d7889ea-6931-42ae-aa84-a7936f31e277', '2026-02-18 00:05:18.958627+00', '2026-02-18 00:05:18.958627+00', 'password', 'b6a8d3ed-15f3-4ba4-8bfb-625a41be252b'),
	('f56e2ff6-b0f9-4488-a9ce-eae6221e2189', '2026-02-18 04:10:53.681061+00', '2026-02-18 04:10:53.681061+00', 'password', '8e31edf3-a9de-4f6a-b8b7-478a227ca734'),
	('5c0637ab-d0c9-4159-aa7b-0d1890beddb1', '2026-02-18 04:15:51.629715+00', '2026-02-18 04:15:51.629715+00', 'password', '884e1716-effb-4f51-ae3e-0643a4a1c08b'),
	('4fac187d-4aa1-4d7e-b2aa-ef481247edeb', '2026-02-18 04:33:28.089358+00', '2026-02-18 04:33:28.089358+00', 'password', 'ec9009c3-4ebe-4561-a420-48f38293c553'),
	('7b796f5b-69a2-4fb7-a56c-6d08ec63f374', '2026-02-19 21:44:23.141911+00', '2026-02-19 21:44:23.141911+00', 'password', '32e7b307-05c9-4c82-ae11-f62c33bc168c'),
	('44b9bb7c-7431-4754-ae56-2820d54e280a', '2026-01-16 01:57:58.942797+00', '2026-01-16 01:57:58.942797+00', 'password', '45de9418-fb3d-459d-8dce-57c7d99945aa'),
	('01206711-a674-4537-8401-9824cdd1a9d9', '2026-01-16 01:58:37.749406+00', '2026-01-16 01:58:37.749406+00', 'password', '565f2786-939a-4c1b-a82f-659cf3cdccda'),
	('e40cca01-eb2c-49dc-82fd-2f8003238170', '2026-01-16 04:08:30.173921+00', '2026-01-16 04:08:30.173921+00', 'password', '3601be9c-df3e-48f9-8802-2af21cbeadb9'),
	('ccca9a35-67b2-4f7d-bf05-5cb1d7d2bcb9', '2026-01-17 09:07:35.786383+00', '2026-01-17 09:07:35.786383+00', 'password', '225ea483-0362-4325-99f0-4378e496b42c'),
	('014cdd38-bd5c-4e7a-9f96-6ab99a66796a', '2026-01-18 01:55:21.805369+00', '2026-01-18 01:55:21.805369+00', 'password', 'a5c54b46-9e27-470e-af8d-3bce3eb10d29'),
	('5503a65c-d33b-4110-8dfd-4ac4342f39c9', '2026-01-18 02:08:23.196948+00', '2026-01-18 02:08:23.196948+00', 'password', 'bcd51b76-86c3-4dbf-a766-49062f3d8416'),
	('fb234fc8-3292-406d-8beb-70d635972f26', '2026-01-18 02:54:28.852272+00', '2026-01-18 02:54:28.852272+00', 'password', 'acae832f-9228-48fc-b40f-63d0a4a0bb3f'),
	('cfd1ccad-0d1e-4c6a-8852-18c10424dbbe', '2026-01-18 19:10:14.825561+00', '2026-01-18 19:10:14.825561+00', 'password', '56bcc0dd-bf64-4382-8933-7d98c3cd3290'),
	('1c263ac6-5052-4e7e-8ab6-770deac841e8', '2026-01-21 02:47:29.514827+00', '2026-01-21 02:47:29.514827+00', 'password', '71079df9-8cc1-4fce-ab2e-5de606d85677'),
	('cc805249-9058-4dc8-9a82-3e859084a7f3', '2026-01-22 23:33:45.765996+00', '2026-01-22 23:33:45.765996+00', 'password', '80243f71-5ac7-4efc-9503-066a4e4ac8a7'),
	('8fff1fc3-d3a8-4b25-88a8-1e89c5382fbf', '2026-01-24 01:53:15.601249+00', '2026-01-24 01:53:15.601249+00', 'password', 'c173109d-667c-41e7-bbf2-a9407b29c141'),
	('536733c0-146f-4b3d-94c5-aed3c1ec1369', '2026-01-24 05:54:40.707732+00', '2026-01-24 05:54:40.707732+00', 'password', 'f85ac968-b6ba-4954-ae17-1c63fdc66cec'),
	('87186535-d8a4-4057-813b-70052ab890ca', '2026-01-28 00:03:57.546386+00', '2026-01-28 00:03:57.546386+00', 'password', '46e99226-fe4b-4d8e-b624-5068f3e08b4b'),
	('d26b9540-f13c-43c2-940c-d1d2b1d4fb05', '2026-01-28 00:06:16.347501+00', '2026-01-28 00:06:16.347501+00', 'password', '7b0bffa5-0074-4841-b69d-cea9bcc42fb5'),
	('b45558c6-d688-4f23-a0a0-9465b4304560', '2026-01-31 17:19:00.971003+00', '2026-01-31 17:19:00.971003+00', 'password', '11101523-cab2-4fd4-90bd-9e9cb8d74bf0'),
	('6f7d2b32-eef3-4666-a8a0-ab629ffc604b', '2026-01-31 18:37:15.935699+00', '2026-01-31 18:37:15.935699+00', 'password', '4fe46131-8e41-4cd6-9d5d-6e9045106507'),
	('ab4e2027-60ce-406f-aea7-70b81c214ad1', '2026-02-01 03:30:27.550617+00', '2026-02-01 03:30:27.550617+00', 'password', '0c37ccf4-81bc-4009-821e-3b3e23c9d60b'),
	('f269eb25-29a9-40ad-8d6d-acb1be6c2b98', '2026-02-01 19:06:56.5284+00', '2026-02-01 19:06:56.5284+00', 'password', 'fccdae89-936c-4117-aecf-32db455e5eca'),
	('ea1425fb-b06e-46e5-bd57-fb1f228a45eb', '2026-02-01 20:54:01.766571+00', '2026-02-01 20:54:01.766571+00', 'password', '0d18fa68-da28-4041-9ad9-2ef3e1a7ea63'),
	('883efdde-3a39-4e28-9403-de79ec341ab6', '2026-02-02 21:46:05.593017+00', '2026-02-02 21:46:05.593017+00', 'password', '64a4f275-055a-4025-8243-a51e5f6ccc64'),
	('3362aa6f-4bf8-476b-8ac6-b1f3a839afc2', '2026-02-03 01:23:53.260016+00', '2026-02-03 01:23:53.260016+00', 'password', 'a6f08d86-f0b7-4815-bfc5-12c001dcffe7'),
	('a71b2b7c-9953-40d2-bcd7-1b37e3abf828', '2026-02-05 05:37:27.948084+00', '2026-02-05 05:37:27.948084+00', 'password', '638ba11f-c705-438e-b14b-39e1a426ffd4'),
	('6692b135-d167-4353-9f15-e7e204dc9d4d', '2026-02-05 22:34:30.107403+00', '2026-02-05 22:34:30.107403+00', 'password', '6f504cd6-67d9-4100-bc36-877e8df688c1'),
	('e7745291-411b-46b7-9c79-888bababdc0b', '2026-02-08 00:59:32.417577+00', '2026-02-08 00:59:32.417577+00', 'password', '6726fdb9-2885-4bda-aa47-8c6e0f49c140'),
	('258cbbb9-ce1e-4667-bef9-516e34efc318', '2026-02-08 01:53:25.282141+00', '2026-02-08 01:53:25.282141+00', 'password', '518187eb-e86e-43d4-b89e-27865af2861c'),
	('1ed82496-2a87-4ba7-954d-3ea65c97131d', '2026-02-08 02:58:33.797848+00', '2026-02-08 02:58:33.797848+00', 'password', '87833ac1-84f3-4f07-9e0c-16d4335a9d8e'),
	('2f706c9c-b7f7-4f86-a93b-e4b63e43c146', '2026-02-08 02:58:41.524823+00', '2026-02-08 02:58:41.524823+00', 'password', '3873c5f9-bef2-4bfb-b857-02dd9f68036a'),
	('98d6c765-d7c4-4f7c-ae76-a58b7bce63d0', '2026-02-08 03:00:28.959444+00', '2026-02-08 03:00:28.959444+00', 'password', 'eb1122be-302a-43f2-8dec-a2c87045f327'),
	('fb852659-d904-49d1-9ef4-0151d985a670', '2026-02-27 03:30:06.453139+00', '2026-02-27 03:30:06.453139+00', 'password', 'f7f0e48e-7023-4d3c-92fd-c6468f6c1684'),
	('9c5230cd-43c5-4a3b-974c-8b14ac2005a7', '2026-02-27 03:31:41.846927+00', '2026-02-27 03:31:41.846927+00', 'password', '47fe7d32-8a47-4788-802b-fda14ed99b67'),
	('abea5440-3308-49ba-bffb-6df303752338', '2026-02-27 04:23:45.649087+00', '2026-02-27 04:23:45.649087+00', 'password', '025470e0-81c8-4172-b23b-35bba27311e8'),
	('01a77699-467a-4017-992b-a9302766be98', '2026-02-28 02:52:18.450852+00', '2026-02-28 02:52:18.450852+00', 'password', '6e47a293-478c-4d78-b2d2-cbdbb072b0d1'),
	('5eeca43d-ce14-4e79-adac-61f2249532cb', '2026-02-28 06:12:36.099634+00', '2026-02-28 06:12:36.099634+00', 'password', 'f7244cb3-7c89-47a7-95fe-65da41ae236b'),
	('d42360fa-a6ec-491c-8def-abe23c3161c6', '2026-02-11 03:52:54.379847+00', '2026-02-11 03:52:54.379847+00', 'password', 'e04ecd6a-9aa6-4fe2-94d7-a5b531cd61ec'),
	('28008365-ad75-49b9-81a6-5ce49e01a9b3', '2026-03-01 05:32:18.006013+00', '2026-03-01 05:32:18.006013+00', 'password', 'e00e7fb5-c605-49d4-90d1-45b199fb3d9c'),
	('89a19822-73cc-4e93-92a7-a59bb83674c8', '2026-02-11 20:52:04.543279+00', '2026-02-11 20:52:04.543279+00', 'password', '96c4735f-3d1f-4c2e-b480-e3f5a12c1ada'),
	('64d099f9-f145-4669-a367-50ce5b9dce64', '2026-02-11 20:53:32.99831+00', '2026-02-11 20:53:32.99831+00', 'password', 'bafa78cb-f7ca-4e4b-bcad-30a0b1fc58d1'),
	('2a826fbe-30e8-4311-a2d7-02584bc77e83', '2026-02-11 22:44:36.288611+00', '2026-02-11 22:44:36.288611+00', 'password', 'c81853ec-e869-4f03-bafb-d72b03b10ae1'),
	('265289b4-ea8c-4914-b903-238f6cd219a1', '2026-02-11 23:09:37.021264+00', '2026-02-11 23:09:37.021264+00', 'password', '1b8f6c58-32f1-4ceb-ac90-dc4d33e0ca8c'),
	('ca63794f-f3d2-47d7-b9fd-0700a2416a7e', '2026-02-11 23:12:22.90552+00', '2026-02-11 23:12:22.90552+00', 'password', '122d9087-8dfa-42f1-974b-becad180faf6'),
	('40890a9b-e7d0-4c7f-b0e7-90c7031057fe', '2026-02-12 00:09:52.337007+00', '2026-02-12 00:09:52.337007+00', 'password', '97084d49-6268-4791-9339-634d145983c8'),
	('e071ce88-9d50-4082-b1ec-1f995be799cf', '2026-02-12 00:10:01.817361+00', '2026-02-12 00:10:01.817361+00', 'password', '787cbb28-ef62-4661-a566-db92a6c3e501'),
	('baff7f86-3cc6-40fc-9fe2-afed5ebce473', '2026-02-15 00:26:18.65033+00', '2026-02-15 00:26:18.65033+00', 'password', '800d8cd8-7066-453e-9f84-702d381d3826'),
	('7a5cfd0b-695a-4584-a863-57cba4da0ada', '2026-02-15 06:33:37.129114+00', '2026-02-15 06:33:37.129114+00', 'password', 'e126723a-321c-4461-86ff-75c1727fa94e'),
	('4ed78bc0-5887-49cc-9a66-5e5826545c79', '2026-02-15 06:56:39.878286+00', '2026-02-15 06:56:39.878286+00', 'password', 'f19f03ec-997a-4cf6-861b-50d742c14561');


--
-- Data for Name: mfa_factors; Type: TABLE DATA; Schema: auth; Owner: supabase_auth_admin
--



--
-- Data for Name: mfa_challenges; Type: TABLE DATA; Schema: auth; Owner: supabase_auth_admin
--



--
-- Data for Name: oauth_authorizations; Type: TABLE DATA; Schema: auth; Owner: supabase_auth_admin
--



--
-- Data for Name: oauth_client_states; Type: TABLE DATA; Schema: auth; Owner: supabase_auth_admin
--



--
-- Data for Name: oauth_consents; Type: TABLE DATA; Schema: auth; Owner: supabase_auth_admin
--



--
-- Data for Name: one_time_tokens; Type: TABLE DATA; Schema: auth; Owner: supabase_auth_admin
--

INSERT INTO "auth"."one_time_tokens" ("id", "user_id", "token_type", "token_hash", "relates_to", "created_at", "updated_at") VALUES
	('726c309b-d4bf-4d4b-9fae-fea33bfb553f', '8ba30d77-2295-4807-a1c5-6f51dd00f734', 'confirmation_token', '4a5ccfd15948afedd4e86166000edbb74894aa93a3084c60ce7bf0ad', '18777804236', '2026-01-03 21:46:20.925463', '2026-01-03 21:46:20.925463');


--
-- Data for Name: refresh_tokens; Type: TABLE DATA; Schema: auth; Owner: supabase_auth_admin
--

INSERT INTO "auth"."refresh_tokens" ("instance_id", "id", "token", "user_id", "revoked", "created_at", "updated_at", "parent", "session_id") VALUES
	('00000000-0000-0000-0000-000000000000', 117, '6oeozmbcp5ms', '127da7af-65eb-4cf3-a23d-cd5239bd97fe', true, '2026-01-18 22:59:19.164681+00', '2026-01-19 06:00:52.665954+00', 'gumdkso3i5b6', 'e40cca01-eb2c-49dc-82fd-2f8003238170'),
	('00000000-0000-0000-0000-000000000000', 563, 'sge6j7zsnzil', '127da7af-65eb-4cf3-a23d-cd5239bd97fe', false, '2026-02-08 02:55:52.757624+00', '2026-02-08 02:55:52.757624+00', 'snss77pquyvl', '258cbbb9-ce1e-4667-bef9-516e34efc318'),
	('00000000-0000-0000-0000-000000000000', 120, '4elhfpdj4wqi', '127da7af-65eb-4cf3-a23d-cd5239bd97fe', true, '2026-01-19 06:00:52.666857+00', '2026-01-19 07:23:20.087367+00', '6oeozmbcp5ms', 'e40cca01-eb2c-49dc-82fd-2f8003238170'),
	('00000000-0000-0000-0000-000000000000', 115, 'b53s7i56nhi7', '127da7af-65eb-4cf3-a23d-cd5239bd97fe', true, '2026-01-18 21:41:45.035745+00', '2026-02-01 00:14:07.020513+00', 'zzkttpd2yanc', 'fb234fc8-3292-406d-8beb-70d635972f26'),
	('00000000-0000-0000-0000-000000000000', 121, 'jvxhvlkbrsjv', '127da7af-65eb-4cf3-a23d-cd5239bd97fe', true, '2026-01-19 07:23:20.088313+00', '2026-01-21 02:45:51.436768+00', '4elhfpdj4wqi', 'e40cca01-eb2c-49dc-82fd-2f8003238170'),
	('00000000-0000-0000-0000-000000000000', 122, 'cfqbpzl3sgee', '127da7af-65eb-4cf3-a23d-cd5239bd97fe', false, '2026-01-21 02:45:51.441029+00', '2026-01-21 02:45:51.441029+00', 'jvxhvlkbrsjv', 'e40cca01-eb2c-49dc-82fd-2f8003238170'),
	('00000000-0000-0000-0000-000000000000', 108, 's56ccjdn6kdu', '127da7af-65eb-4cf3-a23d-cd5239bd97fe', true, '2026-01-18 18:56:35.056038+00', '2026-01-21 02:46:43.208844+00', 'o3itxlcjiyyx', '014cdd38-bd5c-4e7a-9f96-6ab99a66796a'),
	('00000000-0000-0000-0000-000000000000', 931, 'mpd6jkcgk2yi', '0a55232c-dd67-4f33-b6f1-7560da7a4b54', false, '2026-02-27 03:30:06.45095+00', '2026-02-27 03:30:06.45095+00', NULL, 'fb852659-d904-49d1-9ef4-0151d985a670'),
	('00000000-0000-0000-0000-000000000000', 124, 'ud4wkw3ebipd', '127da7af-65eb-4cf3-a23d-cd5239bd97fe', true, '2026-01-21 02:47:29.512425+00', '2026-01-21 03:45:44.413313+00', NULL, '1c263ac6-5052-4e7e-8ab6-770deac841e8'),
	('00000000-0000-0000-0000-000000000000', 821, 'cftd4d2wqvmt', '2fc4c272-9d94-4482-b98e-bdb8009676b7', true, '2026-02-20 20:28:31.531299+00', '2026-02-20 21:26:31.304552+00', '7bvhp3mnb6p4', '7b796f5b-69a2-4fb7-a56c-6d08ec63f374'),
	('00000000-0000-0000-0000-000000000000', 119, 'acuk7y75txkw', '127da7af-65eb-4cf3-a23d-cd5239bd97fe', true, '2026-01-18 23:11:24.312065+00', '2026-01-21 03:48:16.670068+00', 'gum4llkmjdog', 'cfd1ccad-0d1e-4c6a-8852-18c10424dbbe'),
	('00000000-0000-0000-0000-000000000000', 125, 'hmxrr76easir', '127da7af-65eb-4cf3-a23d-cd5239bd97fe', true, '2026-01-21 03:45:44.414659+00', '2026-01-21 04:44:02.395128+00', 'ud4wkw3ebipd', '1c263ac6-5052-4e7e-8ab6-770deac841e8'),
	('00000000-0000-0000-0000-000000000000', 123, 'uvdkfjaa5nii', '127da7af-65eb-4cf3-a23d-cd5239bd97fe', true, '2026-01-21 02:46:43.209253+00', '2026-01-23 23:21:16.353602+00', 's56ccjdn6kdu', '014cdd38-bd5c-4e7a-9f96-6ab99a66796a'),
	('00000000-0000-0000-0000-000000000000', 932, 'wplfjairqxk5', '0a55232c-dd67-4f33-b6f1-7560da7a4b54', true, '2026-02-27 03:31:41.845616+00', '2026-02-27 04:44:42.838328+00', NULL, '9c5230cd-43c5-4a3b-974c-8b14ac2005a7'),
	('00000000-0000-0000-0000-000000000000', 940, 'domr3hlkzkqo', '0a55232c-dd67-4f33-b6f1-7560da7a4b54', true, '2026-02-27 17:38:52.546759+00', '2026-02-28 02:27:03.264668+00', '6guqicosfwut', 'abea5440-3308-49ba-bffb-6df303752338'),
	('00000000-0000-0000-0000-000000000000', 80, 'sypjc6wldoyc', '127da7af-65eb-4cf3-a23d-cd5239bd97fe', false, '2026-01-16 01:57:58.939271+00', '2026-01-16 01:57:58.939271+00', NULL, '44b9bb7c-7431-4754-ae56-2820d54e280a'),
	('00000000-0000-0000-0000-000000000000', 81, 'm3rrmmhzjxjb', '127da7af-65eb-4cf3-a23d-cd5239bd97fe', true, '2026-01-16 01:58:37.747867+00', '2026-01-16 02:56:41.737533+00', NULL, '01206711-a674-4537-8401-9824cdd1a9d9'),
	('00000000-0000-0000-0000-000000000000', 82, '7kr2a44lchsq', '127da7af-65eb-4cf3-a23d-cd5239bd97fe', true, '2026-01-16 02:56:41.738627+00', '2026-01-16 04:00:44.182356+00', 'm3rrmmhzjxjb', '01206711-a674-4537-8401-9824cdd1a9d9'),
	('00000000-0000-0000-0000-000000000000', 85, 'xh7lje5rxixb', '127da7af-65eb-4cf3-a23d-cd5239bd97fe', true, '2026-01-16 04:08:30.171565+00', '2026-01-16 05:14:34.232783+00', NULL, 'e40cca01-eb2c-49dc-82fd-2f8003238170'),
	('00000000-0000-0000-0000-000000000000', 86, 'e6xdkfv6ngpk', '127da7af-65eb-4cf3-a23d-cd5239bd97fe', true, '2026-01-16 05:14:34.233943+00', '2026-01-17 06:24:45.335209+00', 'xh7lje5rxixb', 'e40cca01-eb2c-49dc-82fd-2f8003238170'),
	('00000000-0000-0000-0000-000000000000', 84, 'hf37fwrspqvl', '127da7af-65eb-4cf3-a23d-cd5239bd97fe', true, '2026-01-16 04:00:44.183647+00', '2026-01-17 06:31:04.786614+00', '7kr2a44lchsq', '01206711-a674-4537-8401-9824cdd1a9d9'),
	('00000000-0000-0000-0000-000000000000', 88, 'gob2jxyggbfs', '127da7af-65eb-4cf3-a23d-cd5239bd97fe', true, '2026-01-17 06:31:04.787439+00', '2026-01-17 08:01:18.127083+00', 'hf37fwrspqvl', '01206711-a674-4537-8401-9824cdd1a9d9'),
	('00000000-0000-0000-0000-000000000000', 87, 'zw6prc5nganj', '127da7af-65eb-4cf3-a23d-cd5239bd97fe', true, '2026-01-17 06:24:45.336977+00', '2026-01-17 08:08:51.035552+00', 'e6xdkfv6ngpk', 'e40cca01-eb2c-49dc-82fd-2f8003238170'),
	('00000000-0000-0000-0000-000000000000', 89, 'usnnijzhetqv', '127da7af-65eb-4cf3-a23d-cd5239bd97fe', true, '2026-01-17 08:01:18.128+00', '2026-01-17 09:06:46.441011+00', 'gob2jxyggbfs', '01206711-a674-4537-8401-9824cdd1a9d9'),
	('00000000-0000-0000-0000-000000000000', 91, 'yuviw77o7ebc', '127da7af-65eb-4cf3-a23d-cd5239bd97fe', false, '2026-01-17 09:06:46.442068+00', '2026-01-17 09:06:46.442068+00', 'usnnijzhetqv', '01206711-a674-4537-8401-9824cdd1a9d9'),
	('00000000-0000-0000-0000-000000000000', 90, 'sb3oikdeg535', '127da7af-65eb-4cf3-a23d-cd5239bd97fe', true, '2026-01-17 08:08:51.036345+00', '2026-01-17 09:07:08.350085+00', 'zw6prc5nganj', 'e40cca01-eb2c-49dc-82fd-2f8003238170'),
	('00000000-0000-0000-0000-000000000000', 93, '5zjsu2uvzrwe', '127da7af-65eb-4cf3-a23d-cd5239bd97fe', true, '2026-01-17 09:07:35.785007+00', '2026-01-17 18:14:43.546194+00', NULL, 'ccca9a35-67b2-4f7d-bf05-5cb1d7d2bcb9'),
	('00000000-0000-0000-0000-000000000000', 94, 'akp3eorp65ft', '127da7af-65eb-4cf3-a23d-cd5239bd97fe', true, '2026-01-17 18:14:43.547804+00', '2026-01-18 00:05:54.545635+00', '5zjsu2uvzrwe', 'ccca9a35-67b2-4f7d-bf05-5cb1d7d2bcb9'),
	('00000000-0000-0000-0000-000000000000', 92, 'uuiwxeh43nip', '127da7af-65eb-4cf3-a23d-cd5239bd97fe', true, '2026-01-17 09:07:08.350799+00', '2026-01-18 00:13:52.887788+00', 'sb3oikdeg535', 'e40cca01-eb2c-49dc-82fd-2f8003238170'),
	('00000000-0000-0000-0000-000000000000', 95, 'wtnmmnk3jvdj', '127da7af-65eb-4cf3-a23d-cd5239bd97fe', true, '2026-01-18 00:05:54.546487+00', '2026-01-18 01:03:54.504355+00', 'akp3eorp65ft', 'ccca9a35-67b2-4f7d-bf05-5cb1d7d2bcb9'),
	('00000000-0000-0000-0000-000000000000', 96, 'fpqm7x4zojdf', '127da7af-65eb-4cf3-a23d-cd5239bd97fe', true, '2026-01-18 00:13:52.888938+00', '2026-01-18 01:11:58.798163+00', 'uuiwxeh43nip', 'e40cca01-eb2c-49dc-82fd-2f8003238170'),
	('00000000-0000-0000-0000-000000000000', 97, 'uwgenldsuxer', '127da7af-65eb-4cf3-a23d-cd5239bd97fe', true, '2026-01-18 01:03:54.50545+00', '2026-01-18 02:01:54.406001+00', 'wtnmmnk3jvdj', 'ccca9a35-67b2-4f7d-bf05-5cb1d7d2bcb9'),
	('00000000-0000-0000-0000-000000000000', 101, 'xy7znhmv66je', '127da7af-65eb-4cf3-a23d-cd5239bd97fe', false, '2026-01-18 02:08:23.194628+00', '2026-01-18 02:08:23.194628+00', NULL, '5503a65c-d33b-4110-8dfd-4ac4342f39c9'),
	('00000000-0000-0000-0000-000000000000', 98, 'tfdmoh4cqn73', '127da7af-65eb-4cf3-a23d-cd5239bd97fe', true, '2026-01-18 01:11:58.799057+00', '2026-01-18 02:40:25.096347+00', 'fpqm7x4zojdf', 'e40cca01-eb2c-49dc-82fd-2f8003238170'),
	('00000000-0000-0000-0000-000000000000', 99, 'n6ellzp2rd5x', '127da7af-65eb-4cf3-a23d-cd5239bd97fe', true, '2026-01-18 01:55:21.799918+00', '2026-01-18 02:53:33.218376+00', NULL, '014cdd38-bd5c-4e7a-9f96-6ab99a66796a'),
	('00000000-0000-0000-0000-000000000000', 100, '6g5nawsxnzfs', '127da7af-65eb-4cf3-a23d-cd5239bd97fe', true, '2026-01-18 02:01:54.407146+00', '2026-01-18 03:00:22.30756+00', 'uwgenldsuxer', 'ccca9a35-67b2-4f7d-bf05-5cb1d7d2bcb9'),
	('00000000-0000-0000-0000-000000000000', 102, 'qfv7oqmpqtue', '127da7af-65eb-4cf3-a23d-cd5239bd97fe', true, '2026-01-18 02:40:25.097298+00', '2026-01-18 18:56:34.996194+00', 'tfdmoh4cqn73', 'e40cca01-eb2c-49dc-82fd-2f8003238170'),
	('00000000-0000-0000-0000-000000000000', 105, 'f2x3thty6bwt', '127da7af-65eb-4cf3-a23d-cd5239bd97fe', true, '2026-01-18 03:00:22.308304+00', '2026-01-18 18:56:35.01657+00', '6g5nawsxnzfs', 'ccca9a35-67b2-4f7d-bf05-5cb1d7d2bcb9'),
	('00000000-0000-0000-0000-000000000000', 103, 'o3itxlcjiyyx', '127da7af-65eb-4cf3-a23d-cd5239bd97fe', true, '2026-01-18 02:53:33.219598+00', '2026-01-18 18:56:35.055501+00', 'n6ellzp2rd5x', '014cdd38-bd5c-4e7a-9f96-6ab99a66796a'),
	('00000000-0000-0000-0000-000000000000', 106, 'oz52nf56gvod', '127da7af-65eb-4cf3-a23d-cd5239bd97fe', true, '2026-01-18 18:56:34.99735+00', '2026-01-18 19:54:49.778371+00', 'qfv7oqmpqtue', 'e40cca01-eb2c-49dc-82fd-2f8003238170'),
	('00000000-0000-0000-0000-000000000000', 109, 'fcheax3tlmyo', '127da7af-65eb-4cf3-a23d-cd5239bd97fe', true, '2026-01-18 19:10:14.823356+00', '2026-01-18 20:34:09.740427+00', NULL, 'cfd1ccad-0d1e-4c6a-8852-18c10424dbbe'),
	('00000000-0000-0000-0000-000000000000', 110, '3hvzooovny3g', '127da7af-65eb-4cf3-a23d-cd5239bd97fe', true, '2026-01-18 19:54:49.779288+00', '2026-01-18 20:52:58.088729+00', 'oz52nf56gvod', 'e40cca01-eb2c-49dc-82fd-2f8003238170'),
	('00000000-0000-0000-0000-000000000000', 107, 'a7f2mwmjw776', '127da7af-65eb-4cf3-a23d-cd5239bd97fe', true, '2026-01-18 18:56:35.017528+00', '2026-01-18 21:15:44.204874+00', 'f2x3thty6bwt', 'ccca9a35-67b2-4f7d-bf05-5cb1d7d2bcb9'),
	('00000000-0000-0000-0000-000000000000', 111, '2vhcmnxge6pp', '127da7af-65eb-4cf3-a23d-cd5239bd97fe', true, '2026-01-18 20:34:09.741246+00', '2026-01-18 21:41:13.675886+00', 'fcheax3tlmyo', 'cfd1ccad-0d1e-4c6a-8852-18c10424dbbe'),
	('00000000-0000-0000-0000-000000000000', 104, 'zzkttpd2yanc', '127da7af-65eb-4cf3-a23d-cd5239bd97fe', true, '2026-01-18 02:54:28.850287+00', '2026-01-18 21:41:45.035051+00', NULL, 'fb234fc8-3292-406d-8beb-70d635972f26'),
	('00000000-0000-0000-0000-000000000000', 112, 'c7ovnnbdh77t', '127da7af-65eb-4cf3-a23d-cd5239bd97fe', true, '2026-01-18 20:52:58.089551+00', '2026-01-18 21:51:00.27095+00', '3hvzooovny3g', 'e40cca01-eb2c-49dc-82fd-2f8003238170'),
	('00000000-0000-0000-0000-000000000000', 116, 'gumdkso3i5b6', '127da7af-65eb-4cf3-a23d-cd5239bd97fe', true, '2026-01-18 21:51:00.272428+00', '2026-01-18 22:59:19.16341+00', 'c7ovnnbdh77t', 'e40cca01-eb2c-49dc-82fd-2f8003238170'),
	('00000000-0000-0000-0000-000000000000', 113, '2ft3bfksj4qy', '127da7af-65eb-4cf3-a23d-cd5239bd97fe', true, '2026-01-18 21:15:44.205951+00', '2026-01-18 23:09:16.748842+00', 'a7f2mwmjw776', 'ccca9a35-67b2-4f7d-bf05-5cb1d7d2bcb9'),
	('00000000-0000-0000-0000-000000000000', 118, 'so7ipyftsdrl', '127da7af-65eb-4cf3-a23d-cd5239bd97fe', false, '2026-01-18 23:09:16.749697+00', '2026-01-18 23:09:16.749697+00', '2ft3bfksj4qy', 'ccca9a35-67b2-4f7d-bf05-5cb1d7d2bcb9'),
	('00000000-0000-0000-0000-000000000000', 114, 'gum4llkmjdog', '127da7af-65eb-4cf3-a23d-cd5239bd97fe', true, '2026-01-18 21:41:13.677093+00', '2026-01-18 23:11:24.311288+00', '2vhcmnxge6pp', 'cfd1ccad-0d1e-4c6a-8852-18c10424dbbe'),
	('00000000-0000-0000-0000-000000000000', 191, 'nxznfgzkdiqo', '127da7af-65eb-4cf3-a23d-cd5239bd97fe', true, '2026-01-24 00:43:38.765106+00', '2026-01-24 00:44:44.968842+00', 'pln7njcafezh', 'cc805249-9058-4dc8-9a82-3e859084a7f3'),
	('00000000-0000-0000-0000-000000000000', 411, 'sjzoy3ofcvao', '127da7af-65eb-4cf3-a23d-cd5239bd97fe', true, '2026-02-01 20:34:49.413219+00', '2026-02-01 20:34:57.541609+00', 'v6xbwablzxdn', 'f269eb25-29a9-40ad-8d6d-acb1be6c2b98'),
	('00000000-0000-0000-0000-000000000000', 126, 'swfsjcux53zn', '127da7af-65eb-4cf3-a23d-cd5239bd97fe', true, '2026-01-21 03:48:16.67178+00', '2026-01-21 04:47:50.396591+00', 'acuk7y75txkw', 'cfd1ccad-0d1e-4c6a-8852-18c10424dbbe'),
	('00000000-0000-0000-0000-000000000000', 127, '4ethvdwjof2n', '127da7af-65eb-4cf3-a23d-cd5239bd97fe', true, '2026-01-21 04:44:02.396988+00', '2026-01-22 02:39:22.894985+00', 'hmxrr76easir', '1c263ac6-5052-4e7e-8ab6-770deac841e8'),
	('00000000-0000-0000-0000-000000000000', 129, '5x7f32j6pghz', '127da7af-65eb-4cf3-a23d-cd5239bd97fe', true, '2026-01-22 02:39:22.895751+00', '2026-01-22 14:18:30.336236+00', '4ethvdwjof2n', '1c263ac6-5052-4e7e-8ab6-770deac841e8'),
	('00000000-0000-0000-0000-000000000000', 130, 'kggr7ktd4iqk', '127da7af-65eb-4cf3-a23d-cd5239bd97fe', true, '2026-01-22 14:18:30.339567+00', '2026-01-22 22:47:15.680119+00', '5x7f32j6pghz', '1c263ac6-5052-4e7e-8ab6-770deac841e8'),
	('00000000-0000-0000-0000-000000000000', 131, 'rttnwtvi4aty', '127da7af-65eb-4cf3-a23d-cd5239bd97fe', false, '2026-01-22 22:47:15.68094+00', '2026-01-22 22:47:15.68094+00', 'kggr7ktd4iqk', '1c263ac6-5052-4e7e-8ab6-770deac841e8'),
	('00000000-0000-0000-0000-000000000000', 132, 'ckyuaelkykra', '127da7af-65eb-4cf3-a23d-cd5239bd97fe', true, '2026-01-22 23:33:45.762433+00', '2026-01-23 23:20:11.590883+00', NULL, 'cc805249-9058-4dc8-9a82-3e859084a7f3'),
	('00000000-0000-0000-0000-000000000000', 133, '2ma6zpdjt6lo', '127da7af-65eb-4cf3-a23d-cd5239bd97fe', true, '2026-01-23 23:20:11.591628+00', '2026-01-23 23:20:13.157094+00', 'ckyuaelkykra', 'cc805249-9058-4dc8-9a82-3e859084a7f3'),
	('00000000-0000-0000-0000-000000000000', 134, 'qqjy5qb5px7z', '127da7af-65eb-4cf3-a23d-cd5239bd97fe', true, '2026-01-23 23:20:13.157558+00', '2026-01-23 23:20:13.390675+00', '2ma6zpdjt6lo', 'cc805249-9058-4dc8-9a82-3e859084a7f3'),
	('00000000-0000-0000-0000-000000000000', 135, 'khsvut2af6cf', '127da7af-65eb-4cf3-a23d-cd5239bd97fe', true, '2026-01-23 23:20:13.391117+00', '2026-01-23 23:20:30.50891+00', 'qqjy5qb5px7z', 'cc805249-9058-4dc8-9a82-3e859084a7f3'),
	('00000000-0000-0000-0000-000000000000', 136, 'pjyowa7ojb2n', '127da7af-65eb-4cf3-a23d-cd5239bd97fe', true, '2026-01-23 23:20:30.509289+00', '2026-01-23 23:20:30.575765+00', 'khsvut2af6cf', 'cc805249-9058-4dc8-9a82-3e859084a7f3'),
	('00000000-0000-0000-0000-000000000000', 137, 'vzk3vzogb7f5', '127da7af-65eb-4cf3-a23d-cd5239bd97fe', true, '2026-01-23 23:20:30.576183+00', '2026-01-23 23:20:38.985439+00', 'pjyowa7ojb2n', 'cc805249-9058-4dc8-9a82-3e859084a7f3'),
	('00000000-0000-0000-0000-000000000000', 138, 'p26iv4gw42mw', '127da7af-65eb-4cf3-a23d-cd5239bd97fe', true, '2026-01-23 23:20:38.986679+00', '2026-01-23 23:20:52.151784+00', 'vzk3vzogb7f5', 'cc805249-9058-4dc8-9a82-3e859084a7f3'),
	('00000000-0000-0000-0000-000000000000', 139, 'ynt3eatdsjgo', '127da7af-65eb-4cf3-a23d-cd5239bd97fe', true, '2026-01-23 23:20:52.152102+00', '2026-01-23 23:20:55.487668+00', 'p26iv4gw42mw', 'cc805249-9058-4dc8-9a82-3e859084a7f3'),
	('00000000-0000-0000-0000-000000000000', 141, 'dpdoncoontoo', '127da7af-65eb-4cf3-a23d-cd5239bd97fe', true, '2026-01-23 23:21:16.354119+00', '2026-01-23 23:21:29.517801+00', 'uvdkfjaa5nii', '014cdd38-bd5c-4e7a-9f96-6ab99a66796a'),
	('00000000-0000-0000-0000-000000000000', 142, 'wvijdkqx7jas', '127da7af-65eb-4cf3-a23d-cd5239bd97fe', true, '2026-01-23 23:21:29.518504+00', '2026-01-23 23:21:50.15414+00', 'dpdoncoontoo', '014cdd38-bd5c-4e7a-9f96-6ab99a66796a'),
	('00000000-0000-0000-0000-000000000000', 143, 'm5ayibmxk4ts', '127da7af-65eb-4cf3-a23d-cd5239bd97fe', true, '2026-01-23 23:21:50.154565+00', '2026-01-23 23:21:50.237309+00', 'wvijdkqx7jas', '014cdd38-bd5c-4e7a-9f96-6ab99a66796a'),
	('00000000-0000-0000-0000-000000000000', 140, 'ouglfap44xzk', '127da7af-65eb-4cf3-a23d-cd5239bd97fe', true, '2026-01-23 23:20:55.488027+00', '2026-01-23 23:26:43.800099+00', 'ynt3eatdsjgo', 'cc805249-9058-4dc8-9a82-3e859084a7f3'),
	('00000000-0000-0000-0000-000000000000', 145, '4n6czkpxeex3', '127da7af-65eb-4cf3-a23d-cd5239bd97fe', true, '2026-01-23 23:26:43.80177+00', '2026-01-23 23:26:43.866237+00', 'ouglfap44xzk', 'cc805249-9058-4dc8-9a82-3e859084a7f3'),
	('00000000-0000-0000-0000-000000000000', 146, 'iae5to65e7ci', '127da7af-65eb-4cf3-a23d-cd5239bd97fe', true, '2026-01-23 23:26:43.866764+00', '2026-01-23 23:27:11.462803+00', '4n6czkpxeex3', 'cc805249-9058-4dc8-9a82-3e859084a7f3'),
	('00000000-0000-0000-0000-000000000000', 147, 'v75hxcksjcog', '127da7af-65eb-4cf3-a23d-cd5239bd97fe', true, '2026-01-23 23:27:11.463296+00', '2026-01-23 23:27:11.524217+00', 'iae5to65e7ci', 'cc805249-9058-4dc8-9a82-3e859084a7f3'),
	('00000000-0000-0000-0000-000000000000', 128, 'ofzjyzta4ysp', '127da7af-65eb-4cf3-a23d-cd5239bd97fe', true, '2026-01-21 04:47:50.398082+00', '2026-01-23 23:30:02.791772+00', 'swfsjcux53zn', 'cfd1ccad-0d1e-4c6a-8852-18c10424dbbe'),
	('00000000-0000-0000-0000-000000000000', 148, 'txmxqqiivuly', '127da7af-65eb-4cf3-a23d-cd5239bd97fe', true, '2026-01-23 23:27:11.524593+00', '2026-01-23 23:31:57.061547+00', 'v75hxcksjcog', 'cc805249-9058-4dc8-9a82-3e859084a7f3'),
	('00000000-0000-0000-0000-000000000000', 150, 'szwkyegg4r5g', '127da7af-65eb-4cf3-a23d-cd5239bd97fe', true, '2026-01-23 23:31:57.061953+00', '2026-01-23 23:31:57.130752+00', 'txmxqqiivuly', 'cc805249-9058-4dc8-9a82-3e859084a7f3'),
	('00000000-0000-0000-0000-000000000000', 151, 'h4tv7ipwg6dh', '127da7af-65eb-4cf3-a23d-cd5239bd97fe', true, '2026-01-23 23:31:57.131167+00', '2026-01-23 23:32:25.578775+00', 'szwkyegg4r5g', 'cc805249-9058-4dc8-9a82-3e859084a7f3'),
	('00000000-0000-0000-0000-000000000000', 152, '5h7xhnwswief', '127da7af-65eb-4cf3-a23d-cd5239bd97fe', true, '2026-01-23 23:32:25.579217+00', '2026-01-23 23:32:43.855029+00', 'h4tv7ipwg6dh', 'cc805249-9058-4dc8-9a82-3e859084a7f3'),
	('00000000-0000-0000-0000-000000000000', 153, '542goey2lts5', '127da7af-65eb-4cf3-a23d-cd5239bd97fe', true, '2026-01-23 23:32:43.855422+00', '2026-01-23 23:32:43.932862+00', '5h7xhnwswief', 'cc805249-9058-4dc8-9a82-3e859084a7f3'),
	('00000000-0000-0000-0000-000000000000', 154, 'iy6eaayjjhsk', '127da7af-65eb-4cf3-a23d-cd5239bd97fe', true, '2026-01-23 23:32:43.933254+00', '2026-01-24 00:03:04.921839+00', '542goey2lts5', 'cc805249-9058-4dc8-9a82-3e859084a7f3'),
	('00000000-0000-0000-0000-000000000000', 155, 'qntr4ynbkql2', '127da7af-65eb-4cf3-a23d-cd5239bd97fe', true, '2026-01-24 00:03:04.922665+00', '2026-01-24 00:03:05.605756+00', 'iy6eaayjjhsk', 'cc805249-9058-4dc8-9a82-3e859084a7f3'),
	('00000000-0000-0000-0000-000000000000', 144, 'e22ms3zktt2i', '127da7af-65eb-4cf3-a23d-cd5239bd97fe', true, '2026-01-23 23:21:50.237651+00', '2026-01-24 00:03:07.222557+00', 'm5ayibmxk4ts', '014cdd38-bd5c-4e7a-9f96-6ab99a66796a'),
	('00000000-0000-0000-0000-000000000000', 156, 'seslggpttmpz', '127da7af-65eb-4cf3-a23d-cd5239bd97fe', true, '2026-01-24 00:03:05.606151+00', '2026-01-24 00:03:15.4637+00', 'qntr4ynbkql2', 'cc805249-9058-4dc8-9a82-3e859084a7f3'),
	('00000000-0000-0000-0000-000000000000', 158, 'jyqurmcpssc4', '127da7af-65eb-4cf3-a23d-cd5239bd97fe', true, '2026-01-24 00:03:15.464073+00', '2026-01-24 00:03:15.529543+00', 'seslggpttmpz', 'cc805249-9058-4dc8-9a82-3e859084a7f3'),
	('00000000-0000-0000-0000-000000000000', 159, 'dyikl25vfndh', '127da7af-65eb-4cf3-a23d-cd5239bd97fe', true, '2026-01-24 00:03:15.529951+00', '2026-01-24 00:21:33.459482+00', 'jyqurmcpssc4', 'cc805249-9058-4dc8-9a82-3e859084a7f3'),
	('00000000-0000-0000-0000-000000000000', 157, 'rvgb5xh3kwll', '127da7af-65eb-4cf3-a23d-cd5239bd97fe', true, '2026-01-24 00:03:07.222972+00', '2026-01-24 00:21:35.182659+00', 'e22ms3zktt2i', '014cdd38-bd5c-4e7a-9f96-6ab99a66796a'),
	('00000000-0000-0000-0000-000000000000', 160, 'ypn6dqfe6gxq', '127da7af-65eb-4cf3-a23d-cd5239bd97fe', true, '2026-01-24 00:21:33.460911+00', '2026-01-24 00:22:03.082478+00', 'dyikl25vfndh', 'cc805249-9058-4dc8-9a82-3e859084a7f3'),
	('00000000-0000-0000-0000-000000000000', 162, 'blyud3gfkjlt', '127da7af-65eb-4cf3-a23d-cd5239bd97fe', true, '2026-01-24 00:22:03.082887+00', '2026-01-24 00:22:03.150198+00', 'ypn6dqfe6gxq', 'cc805249-9058-4dc8-9a82-3e859084a7f3'),
	('00000000-0000-0000-0000-000000000000', 161, 'guhor5jxgwbb', '127da7af-65eb-4cf3-a23d-cd5239bd97fe', true, '2026-01-24 00:21:35.183053+00', '2026-01-24 00:23:04.158424+00', 'rvgb5xh3kwll', '014cdd38-bd5c-4e7a-9f96-6ab99a66796a'),
	('00000000-0000-0000-0000-000000000000', 164, 'zgjep5f45zbq', '127da7af-65eb-4cf3-a23d-cd5239bd97fe', true, '2026-01-24 00:23:04.158859+00', '2026-01-24 00:23:04.234422+00', 'guhor5jxgwbb', '014cdd38-bd5c-4e7a-9f96-6ab99a66796a'),
	('00000000-0000-0000-0000-000000000000', 165, 'ldegzpjddgx6', '127da7af-65eb-4cf3-a23d-cd5239bd97fe', true, '2026-01-24 00:23:04.234911+00', '2026-01-24 00:23:46.335697+00', 'zgjep5f45zbq', '014cdd38-bd5c-4e7a-9f96-6ab99a66796a'),
	('00000000-0000-0000-0000-000000000000', 166, '3w6ls5iegcug', '127da7af-65eb-4cf3-a23d-cd5239bd97fe', true, '2026-01-24 00:23:46.336149+00', '2026-01-24 00:23:52.213821+00', 'ldegzpjddgx6', '014cdd38-bd5c-4e7a-9f96-6ab99a66796a'),
	('00000000-0000-0000-0000-000000000000', 163, 'zcwr2u4h7u6g', '127da7af-65eb-4cf3-a23d-cd5239bd97fe', true, '2026-01-24 00:22:03.150691+00', '2026-01-24 00:24:09.680583+00', 'blyud3gfkjlt', 'cc805249-9058-4dc8-9a82-3e859084a7f3'),
	('00000000-0000-0000-0000-000000000000', 168, '7slt3uocltj2', '127da7af-65eb-4cf3-a23d-cd5239bd97fe', true, '2026-01-24 00:24:09.680947+00', '2026-01-24 00:25:11.180585+00', 'zcwr2u4h7u6g', 'cc805249-9058-4dc8-9a82-3e859084a7f3'),
	('00000000-0000-0000-0000-000000000000', 169, 'gxzkywlfokno', '127da7af-65eb-4cf3-a23d-cd5239bd97fe', true, '2026-01-24 00:25:11.181403+00', '2026-01-24 00:25:30.204269+00', '7slt3uocltj2', 'cc805249-9058-4dc8-9a82-3e859084a7f3'),
	('00000000-0000-0000-0000-000000000000', 170, 'jrbqm7mxxa6i', '127da7af-65eb-4cf3-a23d-cd5239bd97fe', true, '2026-01-24 00:25:30.204698+00', '2026-01-24 00:25:30.278151+00', 'gxzkywlfokno', 'cc805249-9058-4dc8-9a82-3e859084a7f3'),
	('00000000-0000-0000-0000-000000000000', 171, '66hh5bn3okzh', '127da7af-65eb-4cf3-a23d-cd5239bd97fe', true, '2026-01-24 00:25:30.278677+00', '2026-01-24 00:25:44.105184+00', 'jrbqm7mxxa6i', 'cc805249-9058-4dc8-9a82-3e859084a7f3'),
	('00000000-0000-0000-0000-000000000000', 172, 'u7my2dntanzj', '127da7af-65eb-4cf3-a23d-cd5239bd97fe', true, '2026-01-24 00:25:44.10583+00', '2026-01-24 00:29:00.295588+00', '66hh5bn3okzh', 'cc805249-9058-4dc8-9a82-3e859084a7f3'),
	('00000000-0000-0000-0000-000000000000', 173, 'sudsz7u2uosx', '127da7af-65eb-4cf3-a23d-cd5239bd97fe', true, '2026-01-24 00:29:00.297319+00', '2026-01-24 00:29:00.374805+00', 'u7my2dntanzj', 'cc805249-9058-4dc8-9a82-3e859084a7f3'),
	('00000000-0000-0000-0000-000000000000', 174, '5mas55pp7vk2', '127da7af-65eb-4cf3-a23d-cd5239bd97fe', true, '2026-01-24 00:29:00.375234+00', '2026-01-24 00:29:34.857436+00', 'sudsz7u2uosx', 'cc805249-9058-4dc8-9a82-3e859084a7f3'),
	('00000000-0000-0000-0000-000000000000', 175, 'quzbubhvt7lj', '127da7af-65eb-4cf3-a23d-cd5239bd97fe', true, '2026-01-24 00:29:34.85791+00', '2026-01-24 00:29:34.921221+00', '5mas55pp7vk2', 'cc805249-9058-4dc8-9a82-3e859084a7f3'),
	('00000000-0000-0000-0000-000000000000', 149, 'wg66iawc42k4', '127da7af-65eb-4cf3-a23d-cd5239bd97fe', true, '2026-01-23 23:30:02.792591+00', '2026-01-24 00:39:30.844475+00', 'ofzjyzta4ysp', 'cfd1ccad-0d1e-4c6a-8852-18c10424dbbe'),
	('00000000-0000-0000-0000-000000000000', 190, 'pln7njcafezh', '127da7af-65eb-4cf3-a23d-cd5239bd97fe', true, '2026-01-24 00:42:17.700359+00', '2026-01-24 00:43:38.764245+00', 'apopv3e6b2c7', 'cc805249-9058-4dc8-9a82-3e859084a7f3'),
	('00000000-0000-0000-0000-000000000000', 176, 'xugze4377622', '127da7af-65eb-4cf3-a23d-cd5239bd97fe', true, '2026-01-24 00:29:34.921602+00', '2026-01-24 00:31:30.81213+00', 'quzbubhvt7lj', 'cc805249-9058-4dc8-9a82-3e859084a7f3'),
	('00000000-0000-0000-0000-000000000000', 284, 'ttx5xakgzhrk', '127da7af-65eb-4cf3-a23d-cd5239bd97fe', true, '2026-01-24 23:22:17.296623+00', '2026-01-25 02:57:37.687309+00', 'klypxuks2g35', 'cfd1ccad-0d1e-4c6a-8852-18c10424dbbe'),
	('00000000-0000-0000-0000-000000000000', 177, 'mfoar3v23ewv', '127da7af-65eb-4cf3-a23d-cd5239bd97fe', true, '2026-01-24 00:31:30.812909+00', '2026-01-24 00:32:13.249594+00', 'xugze4377622', 'cc805249-9058-4dc8-9a82-3e859084a7f3'),
	('00000000-0000-0000-0000-000000000000', 192, 'a4z63dcgq6dr', '127da7af-65eb-4cf3-a23d-cd5239bd97fe', true, '2026-01-24 00:44:44.969818+00', '2026-01-24 00:44:45.036731+00', 'nxznfgzkdiqo', 'cc805249-9058-4dc8-9a82-3e859084a7f3'),
	('00000000-0000-0000-0000-000000000000', 178, '2wmjupiddyj7', '127da7af-65eb-4cf3-a23d-cd5239bd97fe', true, '2026-01-24 00:32:13.250014+00', '2026-01-24 00:32:43.421142+00', 'mfoar3v23ewv', 'cc805249-9058-4dc8-9a82-3e859084a7f3'),
	('00000000-0000-0000-0000-000000000000', 179, 'ax6vczar36ly', '127da7af-65eb-4cf3-a23d-cd5239bd97fe', true, '2026-01-24 00:32:43.421616+00', '2026-01-24 00:32:43.49412+00', '2wmjupiddyj7', 'cc805249-9058-4dc8-9a82-3e859084a7f3'),
	('00000000-0000-0000-0000-000000000000', 193, 'akq4ixskz2sd', '127da7af-65eb-4cf3-a23d-cd5239bd97fe', true, '2026-01-24 00:44:45.037487+00', '2026-01-24 00:47:54.931052+00', 'a4z63dcgq6dr', 'cc805249-9058-4dc8-9a82-3e859084a7f3'),
	('00000000-0000-0000-0000-000000000000', 180, 'zzt3pqioa2ot', '127da7af-65eb-4cf3-a23d-cd5239bd97fe', true, '2026-01-24 00:32:43.494487+00', '2026-01-24 00:33:41.528607+00', 'ax6vczar36ly', 'cc805249-9058-4dc8-9a82-3e859084a7f3'),
	('00000000-0000-0000-0000-000000000000', 181, '5dv73a2ftez6', '127da7af-65eb-4cf3-a23d-cd5239bd97fe', true, '2026-01-24 00:33:41.529057+00', '2026-01-24 00:33:53.424189+00', 'zzt3pqioa2ot', 'cc805249-9058-4dc8-9a82-3e859084a7f3'),
	('00000000-0000-0000-0000-000000000000', 194, 'xklsa5xqfzkp', '127da7af-65eb-4cf3-a23d-cd5239bd97fe', true, '2026-01-24 00:47:54.931845+00', '2026-01-24 00:47:55.014677+00', 'akq4ixskz2sd', 'cc805249-9058-4dc8-9a82-3e859084a7f3'),
	('00000000-0000-0000-0000-000000000000', 182, 'bgdsjeiieajl', '127da7af-65eb-4cf3-a23d-cd5239bd97fe', true, '2026-01-24 00:33:53.424688+00', '2026-01-24 00:33:53.493186+00', '5dv73a2ftez6', 'cc805249-9058-4dc8-9a82-3e859084a7f3'),
	('00000000-0000-0000-0000-000000000000', 183, 'a4ze4c4sq5wt', '127da7af-65eb-4cf3-a23d-cd5239bd97fe', true, '2026-01-24 00:33:53.493556+00', '2026-01-24 00:35:58.199563+00', 'bgdsjeiieajl', 'cc805249-9058-4dc8-9a82-3e859084a7f3'),
	('00000000-0000-0000-0000-000000000000', 195, 'k5ledzas3kge', '127da7af-65eb-4cf3-a23d-cd5239bd97fe', true, '2026-01-24 00:47:55.015109+00', '2026-01-24 00:48:40.672963+00', 'xklsa5xqfzkp', 'cc805249-9058-4dc8-9a82-3e859084a7f3'),
	('00000000-0000-0000-0000-000000000000', 184, '4mmnk3bgp44t', '127da7af-65eb-4cf3-a23d-cd5239bd97fe', true, '2026-01-24 00:35:58.200468+00', '2026-01-24 00:35:58.26511+00', 'a4ze4c4sq5wt', 'cc805249-9058-4dc8-9a82-3e859084a7f3'),
	('00000000-0000-0000-0000-000000000000', 185, 'jqig3nfw3j5h', '127da7af-65eb-4cf3-a23d-cd5239bd97fe', true, '2026-01-24 00:35:58.265621+00', '2026-01-24 00:40:46.2658+00', '4mmnk3bgp44t', 'cc805249-9058-4dc8-9a82-3e859084a7f3'),
	('00000000-0000-0000-0000-000000000000', 196, 'bsekqvuelrbt', '127da7af-65eb-4cf3-a23d-cd5239bd97fe', true, '2026-01-24 00:48:40.673455+00', '2026-01-24 00:50:53.047881+00', 'k5ledzas3kge', 'cc805249-9058-4dc8-9a82-3e859084a7f3'),
	('00000000-0000-0000-0000-000000000000', 187, 'jjfhgiprw7v4', '127da7af-65eb-4cf3-a23d-cd5239bd97fe', true, '2026-01-24 00:40:46.266211+00', '2026-01-24 00:40:46.332001+00', 'jqig3nfw3j5h', 'cc805249-9058-4dc8-9a82-3e859084a7f3'),
	('00000000-0000-0000-0000-000000000000', 188, 'h55b7dubegjz', '127da7af-65eb-4cf3-a23d-cd5239bd97fe', true, '2026-01-24 00:40:46.33237+00', '2026-01-24 00:42:17.628933+00', 'jjfhgiprw7v4', 'cc805249-9058-4dc8-9a82-3e859084a7f3'),
	('00000000-0000-0000-0000-000000000000', 197, 'woeldjzw7jva', '127da7af-65eb-4cf3-a23d-cd5239bd97fe', true, '2026-01-24 00:50:53.048318+00', '2026-01-24 00:50:53.130497+00', 'bsekqvuelrbt', 'cc805249-9058-4dc8-9a82-3e859084a7f3'),
	('00000000-0000-0000-0000-000000000000', 189, 'apopv3e6b2c7', '127da7af-65eb-4cf3-a23d-cd5239bd97fe', true, '2026-01-24 00:42:17.629289+00', '2026-01-24 00:42:17.699262+00', 'h55b7dubegjz', 'cc805249-9058-4dc8-9a82-3e859084a7f3'),
	('00000000-0000-0000-0000-000000000000', 198, 'eut3p2uuhhex', '127da7af-65eb-4cf3-a23d-cd5239bd97fe', true, '2026-01-24 00:50:53.130896+00', '2026-01-24 00:52:22.809757+00', 'woeldjzw7jva', 'cc805249-9058-4dc8-9a82-3e859084a7f3'),
	('00000000-0000-0000-0000-000000000000', 199, 'ai5erhjc2f2x', '127da7af-65eb-4cf3-a23d-cd5239bd97fe', true, '2026-01-24 00:52:22.810143+00', '2026-01-24 00:52:22.871503+00', 'eut3p2uuhhex', 'cc805249-9058-4dc8-9a82-3e859084a7f3'),
	('00000000-0000-0000-0000-000000000000', 200, 'lbyqnfjgan4h', '127da7af-65eb-4cf3-a23d-cd5239bd97fe', true, '2026-01-24 00:52:22.871851+00', '2026-01-24 00:52:30.698592+00', 'ai5erhjc2f2x', 'cc805249-9058-4dc8-9a82-3e859084a7f3'),
	('00000000-0000-0000-0000-000000000000', 201, 'tt5wqmhbarwu', '127da7af-65eb-4cf3-a23d-cd5239bd97fe', true, '2026-01-24 00:52:30.69893+00', '2026-01-24 00:52:30.763682+00', 'lbyqnfjgan4h', 'cc805249-9058-4dc8-9a82-3e859084a7f3'),
	('00000000-0000-0000-0000-000000000000', 202, 'snc7qcsy5vp7', '127da7af-65eb-4cf3-a23d-cd5239bd97fe', true, '2026-01-24 00:52:30.764086+00', '2026-01-24 00:52:38.635921+00', 'tt5wqmhbarwu', 'cc805249-9058-4dc8-9a82-3e859084a7f3'),
	('00000000-0000-0000-0000-000000000000', 203, 'kzirnyqw5ssg', '127da7af-65eb-4cf3-a23d-cd5239bd97fe', true, '2026-01-24 00:52:38.637049+00', '2026-01-24 00:52:38.698882+00', 'snc7qcsy5vp7', 'cc805249-9058-4dc8-9a82-3e859084a7f3'),
	('00000000-0000-0000-0000-000000000000', 204, 'h2geac4ekm4g', '127da7af-65eb-4cf3-a23d-cd5239bd97fe', true, '2026-01-24 00:52:38.69931+00', '2026-01-24 00:52:56.532308+00', 'kzirnyqw5ssg', 'cc805249-9058-4dc8-9a82-3e859084a7f3'),
	('00000000-0000-0000-0000-000000000000', 205, 'mcnse5hgwali', '127da7af-65eb-4cf3-a23d-cd5239bd97fe', true, '2026-01-24 00:52:56.53277+00', '2026-01-24 00:59:36.486899+00', 'h2geac4ekm4g', 'cc805249-9058-4dc8-9a82-3e859084a7f3'),
	('00000000-0000-0000-0000-000000000000', 206, 'efbl7sxhp6ir', '127da7af-65eb-4cf3-a23d-cd5239bd97fe', true, '2026-01-24 00:59:36.487783+00', '2026-01-24 00:59:36.569498+00', 'mcnse5hgwali', 'cc805249-9058-4dc8-9a82-3e859084a7f3'),
	('00000000-0000-0000-0000-000000000000', 207, '7tqdnh3xk27p', '127da7af-65eb-4cf3-a23d-cd5239bd97fe', true, '2026-01-24 00:59:36.570013+00', '2026-01-24 01:48:23.163534+00', 'efbl7sxhp6ir', 'cc805249-9058-4dc8-9a82-3e859084a7f3'),
	('00000000-0000-0000-0000-000000000000', 208, 'mct76ewzinrv', '127da7af-65eb-4cf3-a23d-cd5239bd97fe', true, '2026-01-24 01:48:23.165227+00', '2026-01-24 01:48:36.492614+00', '7tqdnh3xk27p', 'cc805249-9058-4dc8-9a82-3e859084a7f3'),
	('00000000-0000-0000-0000-000000000000', 209, 'eoealdm4fqcl', '127da7af-65eb-4cf3-a23d-cd5239bd97fe', true, '2026-01-24 01:48:36.49303+00', '2026-01-24 01:48:36.562201+00', 'mct76ewzinrv', 'cc805249-9058-4dc8-9a82-3e859084a7f3'),
	('00000000-0000-0000-0000-000000000000', 167, '42xfdqq6tytd', '127da7af-65eb-4cf3-a23d-cd5239bd97fe', true, '2026-01-24 00:23:52.214365+00', '2026-01-24 01:51:25.786445+00', '3w6ls5iegcug', '014cdd38-bd5c-4e7a-9f96-6ab99a66796a'),
	('00000000-0000-0000-0000-000000000000', 211, 'nlygrzzq5nxp', '127da7af-65eb-4cf3-a23d-cd5239bd97fe', true, '2026-01-24 01:51:25.787186+00', '2026-01-24 01:51:27.16914+00', '42xfdqq6tytd', '014cdd38-bd5c-4e7a-9f96-6ab99a66796a'),
	('00000000-0000-0000-0000-000000000000', 212, 'tjryx6nl7saz', '127da7af-65eb-4cf3-a23d-cd5239bd97fe', false, '2026-01-24 01:51:27.169493+00', '2026-01-24 01:51:27.169493+00', 'nlygrzzq5nxp', '014cdd38-bd5c-4e7a-9f96-6ab99a66796a'),
	('00000000-0000-0000-0000-000000000000', 213, 'fzdy23gacm2q', '127da7af-65eb-4cf3-a23d-cd5239bd97fe', true, '2026-01-24 01:53:15.599917+00', '2026-01-24 01:53:34.463473+00', NULL, '8fff1fc3-d3a8-4b25-88a8-1e89c5382fbf'),
	('00000000-0000-0000-0000-000000000000', 214, 'wxnvghqquxcu', '127da7af-65eb-4cf3-a23d-cd5239bd97fe', true, '2026-01-24 01:53:34.463904+00', '2026-01-24 01:53:34.528241+00', 'fzdy23gacm2q', '8fff1fc3-d3a8-4b25-88a8-1e89c5382fbf'),
	('00000000-0000-0000-0000-000000000000', 210, 'slk3dr347qkg', '127da7af-65eb-4cf3-a23d-cd5239bd97fe', true, '2026-01-24 01:48:36.562642+00', '2026-01-24 02:12:16.075431+00', 'eoealdm4fqcl', 'cc805249-9058-4dc8-9a82-3e859084a7f3'),
	('00000000-0000-0000-0000-000000000000', 215, 'tagyyflnifrl', '127da7af-65eb-4cf3-a23d-cd5239bd97fe', true, '2026-01-24 01:53:34.528605+00', '2026-01-24 02:12:49.273853+00', 'wxnvghqquxcu', '8fff1fc3-d3a8-4b25-88a8-1e89c5382fbf'),
	('00000000-0000-0000-0000-000000000000', 217, 'ld7w45s4kazv', '127da7af-65eb-4cf3-a23d-cd5239bd97fe', true, '2026-01-24 02:12:49.274241+00', '2026-01-24 02:12:49.345781+00', 'tagyyflnifrl', '8fff1fc3-d3a8-4b25-88a8-1e89c5382fbf'),
	('00000000-0000-0000-0000-000000000000', 218, '6t4naagub6kp', '127da7af-65eb-4cf3-a23d-cd5239bd97fe', true, '2026-01-24 02:12:49.346191+00', '2026-01-24 02:12:58.499261+00', 'ld7w45s4kazv', '8fff1fc3-d3a8-4b25-88a8-1e89c5382fbf'),
	('00000000-0000-0000-0000-000000000000', 216, 'm57tpgycsei5', '127da7af-65eb-4cf3-a23d-cd5239bd97fe', true, '2026-01-24 02:12:16.076282+00', '2026-01-24 02:13:23.478582+00', 'slk3dr347qkg', 'cc805249-9058-4dc8-9a82-3e859084a7f3'),
	('00000000-0000-0000-0000-000000000000', 220, 'fvp5qoijd2bj', '127da7af-65eb-4cf3-a23d-cd5239bd97fe', true, '2026-01-24 02:13:23.479028+00', '2026-01-24 02:13:23.551192+00', 'm57tpgycsei5', 'cc805249-9058-4dc8-9a82-3e859084a7f3'),
	('00000000-0000-0000-0000-000000000000', 221, 'vi64arshuuv3', '127da7af-65eb-4cf3-a23d-cd5239bd97fe', true, '2026-01-24 02:13:23.551717+00', '2026-01-24 02:13:27.511577+00', 'fvp5qoijd2bj', 'cc805249-9058-4dc8-9a82-3e859084a7f3'),
	('00000000-0000-0000-0000-000000000000', 186, 'fr6hn7btquiw', '127da7af-65eb-4cf3-a23d-cd5239bd97fe', true, '2026-01-24 00:39:30.845722+00', '2026-01-24 02:20:43.623768+00', 'wg66iawc42k4', 'cfd1ccad-0d1e-4c6a-8852-18c10424dbbe'),
	('00000000-0000-0000-0000-000000000000', 222, 'hecvt3blgzsj', '127da7af-65eb-4cf3-a23d-cd5239bd97fe', true, '2026-01-24 02:13:27.511916+00', '2026-01-24 02:21:13.800206+00', 'vi64arshuuv3', 'cc805249-9058-4dc8-9a82-3e859084a7f3'),
	('00000000-0000-0000-0000-000000000000', 224, 'ynz2wag4sdip', '127da7af-65eb-4cf3-a23d-cd5239bd97fe', true, '2026-01-24 02:21:13.800568+00', '2026-01-24 02:21:13.870087+00', 'hecvt3blgzsj', 'cc805249-9058-4dc8-9a82-3e859084a7f3'),
	('00000000-0000-0000-0000-000000000000', 225, 'uv5bkvpphoht', '127da7af-65eb-4cf3-a23d-cd5239bd97fe', true, '2026-01-24 02:21:13.870461+00', '2026-01-24 02:22:27.011087+00', 'ynz2wag4sdip', 'cc805249-9058-4dc8-9a82-3e859084a7f3'),
	('00000000-0000-0000-0000-000000000000', 219, 'shhvjsw4gt7u', '127da7af-65eb-4cf3-a23d-cd5239bd97fe', true, '2026-01-24 02:12:58.499767+00', '2026-01-24 03:11:27.234883+00', '6t4naagub6kp', '8fff1fc3-d3a8-4b25-88a8-1e89c5382fbf'),
	('00000000-0000-0000-0000-000000000000', 223, 'tf2ohnogznii', '127da7af-65eb-4cf3-a23d-cd5239bd97fe', true, '2026-01-24 02:20:43.624859+00', '2026-01-24 03:55:28.784417+00', 'fr6hn7btquiw', 'cfd1ccad-0d1e-4c6a-8852-18c10424dbbe'),
	('00000000-0000-0000-0000-000000000000', 564, '5ovliusoa7qh', '8ebe37c2-b2db-4415-ae5d-5ec3d32e4f82', false, '2026-02-08 02:58:33.795855+00', '2026-02-08 02:58:33.795855+00', NULL, '1ed82496-2a87-4ba7-954d-3ea65c97131d'),
	('00000000-0000-0000-0000-000000000000', 226, 'atyp5trsqyls', '127da7af-65eb-4cf3-a23d-cd5239bd97fe', true, '2026-01-24 02:22:27.011535+00', '2026-01-24 02:22:27.084604+00', 'uv5bkvpphoht', 'cc805249-9058-4dc8-9a82-3e859084a7f3'),
	('00000000-0000-0000-0000-000000000000', 264, 'k5uc567yw5mw', '127da7af-65eb-4cf3-a23d-cd5239bd97fe', true, '2026-01-24 06:02:20.421051+00', '2026-01-26 03:07:59.26182+00', 'fysvwm6hezpd', '536733c0-146f-4b3d-94c5-aed3c1ec1369'),
	('00000000-0000-0000-0000-000000000000', 227, 'hcal5cgqq3dq', '127da7af-65eb-4cf3-a23d-cd5239bd97fe', true, '2026-01-24 02:22:27.085026+00', '2026-01-24 02:23:22.470115+00', 'atyp5trsqyls', 'cc805249-9058-4dc8-9a82-3e859084a7f3'),
	('00000000-0000-0000-0000-000000000000', 228, 'whdjikz6qtun', '127da7af-65eb-4cf3-a23d-cd5239bd97fe', true, '2026-01-24 02:23:22.470504+00', '2026-01-24 02:24:03.488941+00', 'hcal5cgqq3dq', 'cc805249-9058-4dc8-9a82-3e859084a7f3'),
	('00000000-0000-0000-0000-000000000000', 229, 'lunltrwhu7vv', '127da7af-65eb-4cf3-a23d-cd5239bd97fe', true, '2026-01-24 02:24:03.489387+00', '2026-01-24 02:26:21.166142+00', 'whdjikz6qtun', 'cc805249-9058-4dc8-9a82-3e859084a7f3'),
	('00000000-0000-0000-0000-000000000000', 230, '6m4bgsc42zbe', '127da7af-65eb-4cf3-a23d-cd5239bd97fe', true, '2026-01-24 02:26:21.166602+00', '2026-01-24 02:26:50.272278+00', 'lunltrwhu7vv', 'cc805249-9058-4dc8-9a82-3e859084a7f3'),
	('00000000-0000-0000-0000-000000000000', 231, 'z3mmov3ax3ui', '127da7af-65eb-4cf3-a23d-cd5239bd97fe', true, '2026-01-24 02:26:50.272583+00', '2026-01-24 02:27:06.600701+00', '6m4bgsc42zbe', 'cc805249-9058-4dc8-9a82-3e859084a7f3'),
	('00000000-0000-0000-0000-000000000000', 232, 'htm4fbjvg3gy', '127da7af-65eb-4cf3-a23d-cd5239bd97fe', true, '2026-01-24 02:27:06.601053+00', '2026-01-24 02:27:06.663965+00', 'z3mmov3ax3ui', 'cc805249-9058-4dc8-9a82-3e859084a7f3'),
	('00000000-0000-0000-0000-000000000000', 234, 'acrcxd2qpazl', '127da7af-65eb-4cf3-a23d-cd5239bd97fe', true, '2026-01-24 03:11:27.23618+00', '2026-01-24 04:22:08.35258+00', 'shhvjsw4gt7u', '8fff1fc3-d3a8-4b25-88a8-1e89c5382fbf'),
	('00000000-0000-0000-0000-000000000000', 233, 'fggjhor67p6c', '127da7af-65eb-4cf3-a23d-cd5239bd97fe', true, '2026-01-24 02:27:06.664329+00', '2026-01-24 04:22:08.365908+00', 'htm4fbjvg3gy', 'cc805249-9058-4dc8-9a82-3e859084a7f3'),
	('00000000-0000-0000-0000-000000000000', 236, 'vun2bpgfnr4z', '127da7af-65eb-4cf3-a23d-cd5239bd97fe', true, '2026-01-24 04:22:08.353613+00', '2026-01-24 04:23:36.645364+00', 'acrcxd2qpazl', '8fff1fc3-d3a8-4b25-88a8-1e89c5382fbf'),
	('00000000-0000-0000-0000-000000000000', 238, 'lla5thmw4x5j', '127da7af-65eb-4cf3-a23d-cd5239bd97fe', true, '2026-01-24 04:23:36.645866+00', '2026-01-24 04:23:36.707217+00', 'vun2bpgfnr4z', '8fff1fc3-d3a8-4b25-88a8-1e89c5382fbf'),
	('00000000-0000-0000-0000-000000000000', 235, 'axputakhcjjl', '127da7af-65eb-4cf3-a23d-cd5239bd97fe', true, '2026-01-24 03:55:28.787475+00', '2026-01-24 05:03:03.517605+00', 'tf2ohnogznii', 'cfd1ccad-0d1e-4c6a-8852-18c10424dbbe'),
	('00000000-0000-0000-0000-000000000000', 237, 'hnqtb2bvvtps', '127da7af-65eb-4cf3-a23d-cd5239bd97fe', true, '2026-01-24 04:22:08.366341+00', '2026-01-24 05:08:18.524532+00', 'fggjhor67p6c', 'cc805249-9058-4dc8-9a82-3e859084a7f3'),
	('00000000-0000-0000-0000-000000000000', 241, '7j2yjlu7fm33', '127da7af-65eb-4cf3-a23d-cd5239bd97fe', true, '2026-01-24 05:08:18.525396+00', '2026-01-24 05:08:18.601243+00', 'hnqtb2bvvtps', 'cc805249-9058-4dc8-9a82-3e859084a7f3'),
	('00000000-0000-0000-0000-000000000000', 242, 'pfkilew2fu4l', '127da7af-65eb-4cf3-a23d-cd5239bd97fe', true, '2026-01-24 05:08:18.60168+00', '2026-01-24 05:21:56.853033+00', '7j2yjlu7fm33', 'cc805249-9058-4dc8-9a82-3e859084a7f3'),
	('00000000-0000-0000-0000-000000000000', 243, 'nr75k3pbxdwf', '127da7af-65eb-4cf3-a23d-cd5239bd97fe', true, '2026-01-24 05:21:56.855049+00', '2026-01-24 05:22:14.334565+00', 'pfkilew2fu4l', 'cc805249-9058-4dc8-9a82-3e859084a7f3'),
	('00000000-0000-0000-0000-000000000000', 244, 'gk6v5ldq4ew2', '127da7af-65eb-4cf3-a23d-cd5239bd97fe', true, '2026-01-24 05:22:14.334978+00', '2026-01-24 05:22:14.400936+00', 'nr75k3pbxdwf', 'cc805249-9058-4dc8-9a82-3e859084a7f3'),
	('00000000-0000-0000-0000-000000000000', 245, 'ndfwst4vmlp2', '127da7af-65eb-4cf3-a23d-cd5239bd97fe', true, '2026-01-24 05:22:14.401443+00', '2026-01-24 05:24:01.166035+00', 'gk6v5ldq4ew2', 'cc805249-9058-4dc8-9a82-3e859084a7f3'),
	('00000000-0000-0000-0000-000000000000', 246, '24kbao2a5byv', '127da7af-65eb-4cf3-a23d-cd5239bd97fe', true, '2026-01-24 05:24:01.167039+00', '2026-01-24 05:39:11.139492+00', 'ndfwst4vmlp2', 'cc805249-9058-4dc8-9a82-3e859084a7f3'),
	('00000000-0000-0000-0000-000000000000', 247, '2yx3ri3wnevr', '127da7af-65eb-4cf3-a23d-cd5239bd97fe', true, '2026-01-24 05:39:11.140309+00', '2026-01-24 05:53:21.423835+00', '24kbao2a5byv', 'cc805249-9058-4dc8-9a82-3e859084a7f3'),
	('00000000-0000-0000-0000-000000000000', 248, 'urqcagok3b6o', '127da7af-65eb-4cf3-a23d-cd5239bd97fe', true, '2026-01-24 05:53:21.424609+00', '2026-01-24 05:53:28.171127+00', '2yx3ri3wnevr', 'cc805249-9058-4dc8-9a82-3e859084a7f3'),
	('00000000-0000-0000-0000-000000000000', 249, 'hwmh2elyipw2', '127da7af-65eb-4cf3-a23d-cd5239bd97fe', true, '2026-01-24 05:53:28.171903+00', '2026-01-24 05:53:36.841723+00', 'urqcagok3b6o', 'cc805249-9058-4dc8-9a82-3e859084a7f3'),
	('00000000-0000-0000-0000-000000000000', 239, 'x2b5ix2zhd4j', '127da7af-65eb-4cf3-a23d-cd5239bd97fe', true, '2026-01-24 04:23:36.707603+00', '2026-01-24 05:53:44.611367+00', 'lla5thmw4x5j', '8fff1fc3-d3a8-4b25-88a8-1e89c5382fbf'),
	('00000000-0000-0000-0000-000000000000', 251, '2yqxkvbdruuf', '127da7af-65eb-4cf3-a23d-cd5239bd97fe', true, '2026-01-24 05:53:44.611771+00', '2026-01-24 05:53:48.406462+00', 'x2b5ix2zhd4j', '8fff1fc3-d3a8-4b25-88a8-1e89c5382fbf'),
	('00000000-0000-0000-0000-000000000000', 252, 'nbsj6ilouwj2', '127da7af-65eb-4cf3-a23d-cd5239bd97fe', true, '2026-01-24 05:53:48.407031+00', '2026-01-24 05:53:48.472839+00', '2yqxkvbdruuf', '8fff1fc3-d3a8-4b25-88a8-1e89c5382fbf'),
	('00000000-0000-0000-0000-000000000000', 253, 'wjhxui5ekd7l', '127da7af-65eb-4cf3-a23d-cd5239bd97fe', true, '2026-01-24 05:53:48.473255+00', '2026-01-24 05:53:51.824492+00', 'nbsj6ilouwj2', '8fff1fc3-d3a8-4b25-88a8-1e89c5382fbf'),
	('00000000-0000-0000-0000-000000000000', 254, 'ibpdnhag7rrq', '127da7af-65eb-4cf3-a23d-cd5239bd97fe', false, '2026-01-24 05:53:51.824865+00', '2026-01-24 05:53:51.824865+00', 'wjhxui5ekd7l', '8fff1fc3-d3a8-4b25-88a8-1e89c5382fbf'),
	('00000000-0000-0000-0000-000000000000', 255, 'p6bkjpnqzzrr', '127da7af-65eb-4cf3-a23d-cd5239bd97fe', true, '2026-01-24 05:54:40.706424+00', '2026-01-24 05:54:46.825438+00', NULL, '536733c0-146f-4b3d-94c5-aed3c1ec1369'),
	('00000000-0000-0000-0000-000000000000', 256, 'aelewxq7gbqa', '127da7af-65eb-4cf3-a23d-cd5239bd97fe', true, '2026-01-24 05:54:46.825774+00', '2026-01-24 05:54:46.904839+00', 'p6bkjpnqzzrr', '536733c0-146f-4b3d-94c5-aed3c1ec1369'),
	('00000000-0000-0000-0000-000000000000', 250, 'hv72ytb6bt5m', '127da7af-65eb-4cf3-a23d-cd5239bd97fe', true, '2026-01-24 05:53:36.842577+00', '2026-01-24 06:00:21.369982+00', 'hwmh2elyipw2', 'cc805249-9058-4dc8-9a82-3e859084a7f3'),
	('00000000-0000-0000-0000-000000000000', 257, 'picaf3ojs2at', '127da7af-65eb-4cf3-a23d-cd5239bd97fe', true, '2026-01-24 05:54:46.905186+00', '2026-01-24 06:00:27.206548+00', 'aelewxq7gbqa', '536733c0-146f-4b3d-94c5-aed3c1ec1369'),
	('00000000-0000-0000-0000-000000000000', 259, 'buf7kerub3lg', '127da7af-65eb-4cf3-a23d-cd5239bd97fe', true, '2026-01-24 06:00:27.206944+00', '2026-01-24 06:00:35.785618+00', 'picaf3ojs2at', '536733c0-146f-4b3d-94c5-aed3c1ec1369'),
	('00000000-0000-0000-0000-000000000000', 258, 'sqbzt2dh5bd3', '127da7af-65eb-4cf3-a23d-cd5239bd97fe', true, '2026-01-24 06:00:21.373672+00', '2026-01-24 06:01:04.811999+00', 'hv72ytb6bt5m', 'cc805249-9058-4dc8-9a82-3e859084a7f3'),
	('00000000-0000-0000-0000-000000000000', 260, 'jugjhn3pqbfg', '127da7af-65eb-4cf3-a23d-cd5239bd97fe', true, '2026-01-24 06:00:35.78818+00', '2026-01-24 06:01:05.527117+00', 'buf7kerub3lg', '536733c0-146f-4b3d-94c5-aed3c1ec1369'),
	('00000000-0000-0000-0000-000000000000', 262, 'jp7ygysgn23o', '127da7af-65eb-4cf3-a23d-cd5239bd97fe', true, '2026-01-24 06:01:05.528244+00', '2026-01-24 06:01:31.608158+00', 'jugjhn3pqbfg', '536733c0-146f-4b3d-94c5-aed3c1ec1369'),
	('00000000-0000-0000-0000-000000000000', 263, 'fysvwm6hezpd', '127da7af-65eb-4cf3-a23d-cd5239bd97fe', true, '2026-01-24 06:01:31.608708+00', '2026-01-24 06:02:20.419864+00', 'jp7ygysgn23o', '536733c0-146f-4b3d-94c5-aed3c1ec1369'),
	('00000000-0000-0000-0000-000000000000', 261, 'hmcj7vvtw5yi', '127da7af-65eb-4cf3-a23d-cd5239bd97fe', true, '2026-01-24 06:01:04.812437+00', '2026-01-24 06:13:10.533255+00', 'sqbzt2dh5bd3', 'cc805249-9058-4dc8-9a82-3e859084a7f3'),
	('00000000-0000-0000-0000-000000000000', 240, 'akyofxjkqrfn', '127da7af-65eb-4cf3-a23d-cd5239bd97fe', true, '2026-01-24 05:03:03.518597+00', '2026-01-24 06:13:18.898863+00', 'axputakhcjjl', 'cfd1ccad-0d1e-4c6a-8852-18c10424dbbe'),
	('00000000-0000-0000-0000-000000000000', 265, 'cyj4o452blzq', '127da7af-65eb-4cf3-a23d-cd5239bd97fe', true, '2026-01-24 06:13:10.537329+00', '2026-01-24 06:18:58.941568+00', 'hmcj7vvtw5yi', 'cc805249-9058-4dc8-9a82-3e859084a7f3'),
	('00000000-0000-0000-0000-000000000000', 267, 'cx7kapxfmxva', '127da7af-65eb-4cf3-a23d-cd5239bd97fe', true, '2026-01-24 06:18:58.945673+00', '2026-01-24 06:18:59.021514+00', 'cyj4o452blzq', 'cc805249-9058-4dc8-9a82-3e859084a7f3'),
	('00000000-0000-0000-0000-000000000000', 268, 'yjch562756mz', '127da7af-65eb-4cf3-a23d-cd5239bd97fe', true, '2026-01-24 06:18:59.022057+00', '2026-01-24 06:20:34.407255+00', 'cx7kapxfmxva', 'cc805249-9058-4dc8-9a82-3e859084a7f3'),
	('00000000-0000-0000-0000-000000000000', 269, 'txuyjqvchpnn', '127da7af-65eb-4cf3-a23d-cd5239bd97fe', true, '2026-01-24 06:20:34.407655+00', '2026-01-24 06:20:34.471517+00', 'yjch562756mz', 'cc805249-9058-4dc8-9a82-3e859084a7f3'),
	('00000000-0000-0000-0000-000000000000', 270, 'kqs4hjil36a7', '127da7af-65eb-4cf3-a23d-cd5239bd97fe', true, '2026-01-24 06:20:34.472039+00', '2026-01-24 06:20:42.125779+00', 'txuyjqvchpnn', 'cc805249-9058-4dc8-9a82-3e859084a7f3'),
	('00000000-0000-0000-0000-000000000000', 271, 'js4hbgt563se', '127da7af-65eb-4cf3-a23d-cd5239bd97fe', true, '2026-01-24 06:20:42.126331+00', '2026-01-24 06:20:42.191937+00', 'kqs4hjil36a7', 'cc805249-9058-4dc8-9a82-3e859084a7f3'),
	('00000000-0000-0000-0000-000000000000', 266, 'ufjnpjqhjzzg', '127da7af-65eb-4cf3-a23d-cd5239bd97fe', true, '2026-01-24 06:13:18.90035+00', '2026-01-24 07:21:36.611346+00', 'akyofxjkqrfn', 'cfd1ccad-0d1e-4c6a-8852-18c10424dbbe'),
	('00000000-0000-0000-0000-000000000000', 273, 'uczyfn6ipzhe', '127da7af-65eb-4cf3-a23d-cd5239bd97fe', true, '2026-01-24 07:21:36.616356+00', '2026-01-24 15:42:20.970291+00', 'ufjnpjqhjzzg', 'cfd1ccad-0d1e-4c6a-8852-18c10424dbbe'),
	('00000000-0000-0000-0000-000000000000', 272, 'dlhag3pmykuu', '127da7af-65eb-4cf3-a23d-cd5239bd97fe', true, '2026-01-24 06:20:42.193212+00', '2026-01-24 22:02:59.620389+00', 'js4hbgt563se', 'cc805249-9058-4dc8-9a82-3e859084a7f3'),
	('00000000-0000-0000-0000-000000000000', 275, 'dylj2j5fsft2', '127da7af-65eb-4cf3-a23d-cd5239bd97fe', true, '2026-01-24 22:02:59.621432+00', '2026-01-24 22:07:37.868768+00', 'dlhag3pmykuu', 'cc805249-9058-4dc8-9a82-3e859084a7f3'),
	('00000000-0000-0000-0000-000000000000', 274, '3jqoea4zh33w', '127da7af-65eb-4cf3-a23d-cd5239bd97fe', true, '2026-01-24 15:42:20.973862+00', '2026-01-24 22:11:11.567905+00', 'uczyfn6ipzhe', 'cfd1ccad-0d1e-4c6a-8852-18c10424dbbe'),
	('00000000-0000-0000-0000-000000000000', 282, 'jmw3ku2bivmq', '127da7af-65eb-4cf3-a23d-cd5239bd97fe', true, '2026-01-24 22:13:13.71127+00', '2026-01-24 23:11:20.368959+00', 'yqyuygzu62dk', 'cc805249-9058-4dc8-9a82-3e859084a7f3'),
	('00000000-0000-0000-0000-000000000000', 276, 'vbkfqqik7zrr', '127da7af-65eb-4cf3-a23d-cd5239bd97fe', true, '2026-01-24 22:07:37.86982+00', '2026-01-24 22:09:01.666895+00', 'dylj2j5fsft2', 'cc805249-9058-4dc8-9a82-3e859084a7f3'),
	('00000000-0000-0000-0000-000000000000', 279, 'klypxuks2g35', '127da7af-65eb-4cf3-a23d-cd5239bd97fe', true, '2026-01-24 22:11:11.569064+00', '2026-01-24 23:22:17.29572+00', '3jqoea4zh33w', 'cfd1ccad-0d1e-4c6a-8852-18c10424dbbe'),
	('00000000-0000-0000-0000-000000000000', 277, 'bufqy2zrszmq', '127da7af-65eb-4cf3-a23d-cd5239bd97fe', true, '2026-01-24 22:09:01.667369+00', '2026-01-24 22:09:01.750977+00', 'vbkfqqik7zrr', 'cc805249-9058-4dc8-9a82-3e859084a7f3'),
	('00000000-0000-0000-0000-000000000000', 283, '23vfkrf24haa', '127da7af-65eb-4cf3-a23d-cd5239bd97fe', true, '2026-01-24 23:11:20.370022+00', '2026-01-25 04:28:15.618633+00', 'jmw3ku2bivmq', 'cc805249-9058-4dc8-9a82-3e859084a7f3'),
	('00000000-0000-0000-0000-000000000000', 412, '77h73jmg6hcc', '127da7af-65eb-4cf3-a23d-cd5239bd97fe', true, '2026-02-01 20:34:57.542433+00', '2026-02-01 20:34:57.614016+00', 'sjzoy3ofcvao', 'f269eb25-29a9-40ad-8d6d-acb1be6c2b98'),
	('00000000-0000-0000-0000-000000000000', 278, 'pkjmqrh6jcam', '127da7af-65eb-4cf3-a23d-cd5239bd97fe', true, '2026-01-24 22:09:01.751351+00', '2026-01-24 22:12:25.970437+00', 'bufqy2zrszmq', 'cc805249-9058-4dc8-9a82-3e859084a7f3'),
	('00000000-0000-0000-0000-000000000000', 280, 'ohmrgezdbbsk', '127da7af-65eb-4cf3-a23d-cd5239bd97fe', true, '2026-01-24 22:12:25.970923+00', '2026-01-24 22:12:26.041152+00', 'pkjmqrh6jcam', 'cc805249-9058-4dc8-9a82-3e859084a7f3'),
	('00000000-0000-0000-0000-000000000000', 285, 'ltrciqhhnddp', '127da7af-65eb-4cf3-a23d-cd5239bd97fe', true, '2026-01-25 02:57:37.688249+00', '2026-01-25 05:28:40.406738+00', 'ttx5xakgzhrk', 'cfd1ccad-0d1e-4c6a-8852-18c10424dbbe'),
	('00000000-0000-0000-0000-000000000000', 281, 'yqyuygzu62dk', '127da7af-65eb-4cf3-a23d-cd5239bd97fe', true, '2026-01-24 22:12:26.041686+00', '2026-01-24 22:13:13.710362+00', 'ohmrgezdbbsk', 'cc805249-9058-4dc8-9a82-3e859084a7f3'),
	('00000000-0000-0000-0000-000000000000', 286, 'ng3l27fuydzw', '127da7af-65eb-4cf3-a23d-cd5239bd97fe', true, '2026-01-25 04:28:15.619407+00', '2026-01-25 06:09:51.325976+00', '23vfkrf24haa', 'cc805249-9058-4dc8-9a82-3e859084a7f3'),
	('00000000-0000-0000-0000-000000000000', 288, 'lospl2ezhngj', '127da7af-65eb-4cf3-a23d-cd5239bd97fe', true, '2026-01-25 06:09:51.326734+00', '2026-01-25 06:58:44.988367+00', 'ng3l27fuydzw', 'cc805249-9058-4dc8-9a82-3e859084a7f3'),
	('00000000-0000-0000-0000-000000000000', 289, '6t3nmuxvzwsf', '127da7af-65eb-4cf3-a23d-cd5239bd97fe', true, '2026-01-25 06:58:44.989205+00', '2026-01-25 06:58:45.058503+00', 'lospl2ezhngj', 'cc805249-9058-4dc8-9a82-3e859084a7f3'),
	('00000000-0000-0000-0000-000000000000', 290, 'wayzkswck7me', '127da7af-65eb-4cf3-a23d-cd5239bd97fe', true, '2026-01-25 06:58:45.059207+00', '2026-01-25 07:27:19.130919+00', '6t3nmuxvzwsf', 'cc805249-9058-4dc8-9a82-3e859084a7f3'),
	('00000000-0000-0000-0000-000000000000', 291, '24hbo5bnyrfz', '127da7af-65eb-4cf3-a23d-cd5239bd97fe', true, '2026-01-25 07:27:19.131689+00', '2026-01-25 07:27:19.194773+00', 'wayzkswck7me', 'cc805249-9058-4dc8-9a82-3e859084a7f3'),
	('00000000-0000-0000-0000-000000000000', 292, 'fnzesv5lnzdc', '127da7af-65eb-4cf3-a23d-cd5239bd97fe', true, '2026-01-25 07:27:19.195161+00', '2026-01-25 07:29:02.184937+00', '24hbo5bnyrfz', 'cc805249-9058-4dc8-9a82-3e859084a7f3'),
	('00000000-0000-0000-0000-000000000000', 293, 'dqnnmopphz7g', '127da7af-65eb-4cf3-a23d-cd5239bd97fe', true, '2026-01-25 07:29:02.185327+00', '2026-01-25 07:29:02.250872+00', 'fnzesv5lnzdc', 'cc805249-9058-4dc8-9a82-3e859084a7f3'),
	('00000000-0000-0000-0000-000000000000', 287, '4h4ubs55xkvx', '127da7af-65eb-4cf3-a23d-cd5239bd97fe', true, '2026-01-25 05:28:40.407654+00', '2026-01-25 07:32:49.854082+00', 'ltrciqhhnddp', 'cfd1ccad-0d1e-4c6a-8852-18c10424dbbe'),
	('00000000-0000-0000-0000-000000000000', 295, 'f4mcxvz7pw2c', '127da7af-65eb-4cf3-a23d-cd5239bd97fe', true, '2026-01-25 07:32:49.854908+00', '2026-01-25 08:43:04.572881+00', '4h4ubs55xkvx', 'cfd1ccad-0d1e-4c6a-8852-18c10424dbbe'),
	('00000000-0000-0000-0000-000000000000', 294, 'cbnuojjm5qhp', '127da7af-65eb-4cf3-a23d-cd5239bd97fe', true, '2026-01-25 07:29:02.251281+00', '2026-01-25 21:23:16.889055+00', 'dqnnmopphz7g', 'cc805249-9058-4dc8-9a82-3e859084a7f3'),
	('00000000-0000-0000-0000-000000000000', 297, 'dtrmsrjyvx5n', '127da7af-65eb-4cf3-a23d-cd5239bd97fe', true, '2026-01-25 21:23:16.890198+00', '2026-01-26 01:22:08.590503+00', 'cbnuojjm5qhp', 'cc805249-9058-4dc8-9a82-3e859084a7f3'),
	('00000000-0000-0000-0000-000000000000', 298, '3bcyduzohmgt', '127da7af-65eb-4cf3-a23d-cd5239bd97fe', true, '2026-01-26 01:22:08.591579+00', '2026-01-26 03:03:28.216328+00', 'dtrmsrjyvx5n', 'cc805249-9058-4dc8-9a82-3e859084a7f3'),
	('00000000-0000-0000-0000-000000000000', 300, 'kokujqw5o4su', '127da7af-65eb-4cf3-a23d-cd5239bd97fe', true, '2026-01-26 03:07:59.262654+00', '2026-01-26 03:08:00.179452+00', 'k5uc567yw5mw', '536733c0-146f-4b3d-94c5-aed3c1ec1369'),
	('00000000-0000-0000-0000-000000000000', 299, '33onv3m4clln', '127da7af-65eb-4cf3-a23d-cd5239bd97fe', true, '2026-01-26 03:03:28.217452+00', '2026-01-26 03:30:36.150436+00', '3bcyduzohmgt', 'cc805249-9058-4dc8-9a82-3e859084a7f3'),
	('00000000-0000-0000-0000-000000000000', 302, '4ggn3mbyjvsk', '127da7af-65eb-4cf3-a23d-cd5239bd97fe', true, '2026-01-26 03:30:36.151341+00', '2026-01-26 03:30:36.538435+00', '33onv3m4clln', 'cc805249-9058-4dc8-9a82-3e859084a7f3'),
	('00000000-0000-0000-0000-000000000000', 303, 'bz3xzo6wq2pp', '127da7af-65eb-4cf3-a23d-cd5239bd97fe', true, '2026-01-26 03:30:36.538786+00', '2026-01-26 03:37:23.513546+00', '4ggn3mbyjvsk', 'cc805249-9058-4dc8-9a82-3e859084a7f3'),
	('00000000-0000-0000-0000-000000000000', 304, 'lf2y2g2w3wxi', '127da7af-65eb-4cf3-a23d-cd5239bd97fe', true, '2026-01-26 03:37:23.514356+00', '2026-01-26 03:37:23.672264+00', 'bz3xzo6wq2pp', 'cc805249-9058-4dc8-9a82-3e859084a7f3'),
	('00000000-0000-0000-0000-000000000000', 305, 'fbgisuxosyat', '127da7af-65eb-4cf3-a23d-cd5239bd97fe', true, '2026-01-26 03:37:23.672721+00', '2026-01-26 03:38:09.19662+00', 'lf2y2g2w3wxi', 'cc805249-9058-4dc8-9a82-3e859084a7f3'),
	('00000000-0000-0000-0000-000000000000', 306, 'ynzzyk5amjfk', '127da7af-65eb-4cf3-a23d-cd5239bd97fe', true, '2026-01-26 03:38:09.197177+00', '2026-01-26 03:38:09.351166+00', 'fbgisuxosyat', 'cc805249-9058-4dc8-9a82-3e859084a7f3'),
	('00000000-0000-0000-0000-000000000000', 301, '7g5k7qs6mwxw', '127da7af-65eb-4cf3-a23d-cd5239bd97fe', true, '2026-01-26 03:08:00.180155+00', '2026-01-26 04:06:03.743621+00', 'kokujqw5o4su', '536733c0-146f-4b3d-94c5-aed3c1ec1369'),
	('00000000-0000-0000-0000-000000000000', 307, 'jrpvepy4jspm', '127da7af-65eb-4cf3-a23d-cd5239bd97fe', true, '2026-01-26 03:38:09.352543+00', '2026-01-26 04:39:24.537735+00', 'ynzzyk5amjfk', 'cc805249-9058-4dc8-9a82-3e859084a7f3'),
	('00000000-0000-0000-0000-000000000000', 309, 'czucvmyoegtu', '127da7af-65eb-4cf3-a23d-cd5239bd97fe', true, '2026-01-26 04:39:24.538628+00', '2026-01-26 06:14:48.254371+00', 'jrpvepy4jspm', 'cc805249-9058-4dc8-9a82-3e859084a7f3'),
	('00000000-0000-0000-0000-000000000000', 310, 'htmuvs3lmx4f', '127da7af-65eb-4cf3-a23d-cd5239bd97fe', true, '2026-01-26 06:14:48.255168+00', '2026-01-26 19:35:22.67249+00', 'czucvmyoegtu', 'cc805249-9058-4dc8-9a82-3e859084a7f3'),
	('00000000-0000-0000-0000-000000000000', 308, 'utrkufdkjrmd', '127da7af-65eb-4cf3-a23d-cd5239bd97fe', true, '2026-01-26 04:06:03.744581+00', '2026-01-26 19:57:03.78248+00', '7g5k7qs6mwxw', '536733c0-146f-4b3d-94c5-aed3c1ec1369'),
	('00000000-0000-0000-0000-000000000000', 312, 'lyoubwr75nqu', '127da7af-65eb-4cf3-a23d-cd5239bd97fe', true, '2026-01-26 19:57:03.783543+00', '2026-01-26 20:15:40.362556+00', 'utrkufdkjrmd', '536733c0-146f-4b3d-94c5-aed3c1ec1369'),
	('00000000-0000-0000-0000-000000000000', 311, 'nsv6qxvwvkro', '127da7af-65eb-4cf3-a23d-cd5239bd97fe', true, '2026-01-26 19:35:22.673597+00', '2026-01-26 20:33:23.153039+00', 'htmuvs3lmx4f', 'cc805249-9058-4dc8-9a82-3e859084a7f3'),
	('00000000-0000-0000-0000-000000000000', 314, 'ausunbq3uteu', '127da7af-65eb-4cf3-a23d-cd5239bd97fe', true, '2026-01-26 20:33:23.153801+00', '2026-01-26 21:55:09.536155+00', 'nsv6qxvwvkro', 'cc805249-9058-4dc8-9a82-3e859084a7f3'),
	('00000000-0000-0000-0000-000000000000', 315, 'd25aews6uuaz', '127da7af-65eb-4cf3-a23d-cd5239bd97fe', true, '2026-01-26 21:55:09.536942+00', '2026-01-26 23:01:33.311551+00', 'ausunbq3uteu', 'cc805249-9058-4dc8-9a82-3e859084a7f3'),
	('00000000-0000-0000-0000-000000000000', 316, 'olw6eoy45ay3', '127da7af-65eb-4cf3-a23d-cd5239bd97fe', true, '2026-01-26 23:01:33.31257+00', '2026-01-26 23:44:47.976918+00', 'd25aews6uuaz', 'cc805249-9058-4dc8-9a82-3e859084a7f3'),
	('00000000-0000-0000-0000-000000000000', 317, 'jnmep35uas7s', '127da7af-65eb-4cf3-a23d-cd5239bd97fe', true, '2026-01-26 23:44:47.977657+00', '2026-01-26 23:44:48.048299+00', 'olw6eoy45ay3', 'cc805249-9058-4dc8-9a82-3e859084a7f3'),
	('00000000-0000-0000-0000-000000000000', 318, 'k4p6s4cqbfix', '127da7af-65eb-4cf3-a23d-cd5239bd97fe', true, '2026-01-26 23:44:48.048943+00', '2026-01-27 22:25:38.875124+00', 'jnmep35uas7s', 'cc805249-9058-4dc8-9a82-3e859084a7f3'),
	('00000000-0000-0000-0000-000000000000', 319, 'vrat5qzgf26d', '127da7af-65eb-4cf3-a23d-cd5239bd97fe', true, '2026-01-27 22:25:38.875986+00', '2026-01-27 22:25:51.580659+00', 'k4p6s4cqbfix', 'cc805249-9058-4dc8-9a82-3e859084a7f3'),
	('00000000-0000-0000-0000-000000000000', 296, 'ntsgofpdl4tr', '127da7af-65eb-4cf3-a23d-cd5239bd97fe', true, '2026-01-25 08:43:04.573885+00', '2026-01-27 22:43:25.507727+00', 'f4mcxvz7pw2c', 'cfd1ccad-0d1e-4c6a-8852-18c10424dbbe'),
	('00000000-0000-0000-0000-000000000000', 320, 'z7d6xzpvvb6g', '127da7af-65eb-4cf3-a23d-cd5239bd97fe', true, '2026-01-27 22:25:51.581547+00', '2026-01-27 23:24:01.642984+00', 'vrat5qzgf26d', 'cc805249-9058-4dc8-9a82-3e859084a7f3'),
	('00000000-0000-0000-0000-000000000000', 313, '4n65kvnzvtir', '127da7af-65eb-4cf3-a23d-cd5239bd97fe', true, '2026-01-26 20:15:40.363487+00', '2026-01-27 23:29:50.836002+00', 'lyoubwr75nqu', '536733c0-146f-4b3d-94c5-aed3c1ec1369'),
	('00000000-0000-0000-0000-000000000000', 324, 'nibujte3ornl', '127da7af-65eb-4cf3-a23d-cd5239bd97fe', false, '2026-01-28 00:03:57.543821+00', '2026-01-28 00:03:57.543821+00', NULL, '87186535-d8a4-4057-813b-70052ab890ca'),
	('00000000-0000-0000-0000-000000000000', 325, 'gfz5pev7kkro', '127da7af-65eb-4cf3-a23d-cd5239bd97fe', false, '2026-01-28 00:06:16.345922+00', '2026-01-28 00:06:16.345922+00', NULL, 'd26b9540-f13c-43c2-940c-d1d2b1d4fb05'),
	('00000000-0000-0000-0000-000000000000', 322, '5s3otkchmr2j', '127da7af-65eb-4cf3-a23d-cd5239bd97fe', true, '2026-01-27 23:24:01.643832+00', '2026-01-28 00:23:23.236922+00', 'z7d6xzpvvb6g', 'cc805249-9058-4dc8-9a82-3e859084a7f3'),
	('00000000-0000-0000-0000-000000000000', 321, '5ziy62zjj3nt', '127da7af-65eb-4cf3-a23d-cd5239bd97fe', true, '2026-01-27 22:43:25.509063+00', '2026-01-28 01:04:01.051003+00', 'ntsgofpdl4tr', 'cfd1ccad-0d1e-4c6a-8852-18c10424dbbe'),
	('00000000-0000-0000-0000-000000000000', 326, 'rcwbyc5uj7ta', '127da7af-65eb-4cf3-a23d-cd5239bd97fe', true, '2026-01-28 00:23:23.237869+00', '2026-01-28 01:21:31.747169+00', '5s3otkchmr2j', 'cc805249-9058-4dc8-9a82-3e859084a7f3'),
	('00000000-0000-0000-0000-000000000000', 323, '4md6gxv3dvzn', '127da7af-65eb-4cf3-a23d-cd5239bd97fe', true, '2026-01-27 23:29:50.836837+00', '2026-01-28 02:54:13.104153+00', '4n65kvnzvtir', '536733c0-146f-4b3d-94c5-aed3c1ec1369'),
	('00000000-0000-0000-0000-000000000000', 413, 'h66m2jasolns', '127da7af-65eb-4cf3-a23d-cd5239bd97fe', false, '2026-02-01 20:34:57.614553+00', '2026-02-01 20:34:57.614553+00', '77h73jmg6hcc', 'f269eb25-29a9-40ad-8d6d-acb1be6c2b98'),
	('00000000-0000-0000-0000-000000000000', 328, '22ljnyseyciw', '127da7af-65eb-4cf3-a23d-cd5239bd97fe', true, '2026-01-28 01:21:31.748046+00', '2026-01-28 02:45:58.128055+00', 'rcwbyc5uj7ta', 'cc805249-9058-4dc8-9a82-3e859084a7f3'),
	('00000000-0000-0000-0000-000000000000', 814, 'xftuupjeyfeq', '2fc4c272-9d94-4482-b98e-bdb8009676b7', true, '2026-02-19 21:44:23.139913+00', '2026-02-19 22:42:29.207699+00', NULL, '7b796f5b-69a2-4fb7-a56c-6d08ec63f374'),
	('00000000-0000-0000-0000-000000000000', 933, '7ci7t6r57qhk', '0a55232c-dd67-4f33-b6f1-7560da7a4b54', true, '2026-02-27 04:23:45.646386+00', '2026-02-27 05:24:23.951789+00', NULL, 'abea5440-3308-49ba-bffb-6df303752338'),
	('00000000-0000-0000-0000-000000000000', 329, 'dozug2z45a7r', '127da7af-65eb-4cf3-a23d-cd5239bd97fe', true, '2026-01-28 02:45:58.129108+00', '2026-01-28 03:44:13.062084+00', '22ljnyseyciw', 'cc805249-9058-4dc8-9a82-3e859084a7f3'),
	('00000000-0000-0000-0000-000000000000', 822, 'ijxxrc5tgguu', '2fc4c272-9d94-4482-b98e-bdb8009676b7', true, '2026-02-20 21:26:31.305784+00', '2026-02-20 22:24:53.003216+00', 'cftd4d2wqvmt', '7b796f5b-69a2-4fb7-a56c-6d08ec63f374'),
	('00000000-0000-0000-0000-000000000000', 331, 'r7iggbjga6se', '127da7af-65eb-4cf3-a23d-cd5239bd97fe', true, '2026-01-28 03:44:13.063287+00', '2026-01-28 04:29:59.186344+00', 'dozug2z45a7r', 'cc805249-9058-4dc8-9a82-3e859084a7f3'),
	('00000000-0000-0000-0000-000000000000', 332, '2sw76xy6pu3y', '127da7af-65eb-4cf3-a23d-cd5239bd97fe', true, '2026-01-28 04:29:59.187322+00', '2026-01-28 04:29:59.261427+00', 'r7iggbjga6se', 'cc805249-9058-4dc8-9a82-3e859084a7f3'),
	('00000000-0000-0000-0000-000000000000', 941, 'yflgmbyjl2hi', '0a55232c-dd67-4f33-b6f1-7560da7a4b54', true, '2026-02-28 02:27:03.266454+00', '2026-02-28 04:12:53.114379+00', 'domr3hlkzkqo', 'abea5440-3308-49ba-bffb-6df303752338'),
	('00000000-0000-0000-0000-000000000000', 333, 'qeu4ufnhlkih', '127da7af-65eb-4cf3-a23d-cd5239bd97fe', true, '2026-01-28 04:29:59.261885+00', '2026-01-28 05:18:07.074554+00', '2sw76xy6pu3y', 'cc805249-9058-4dc8-9a82-3e859084a7f3'),
	('00000000-0000-0000-0000-000000000000', 334, 'hinlqmjpz466', '127da7af-65eb-4cf3-a23d-cd5239bd97fe', true, '2026-01-28 05:18:07.075391+00', '2026-01-28 05:18:07.146598+00', 'qeu4ufnhlkih', 'cc805249-9058-4dc8-9a82-3e859084a7f3'),
	('00000000-0000-0000-0000-000000000000', 714, 'ifxlrtskzaet', '8ebe37c2-b2db-4415-ae5d-5ec3d32e4f82', true, '2026-02-11 20:56:48.397381+00', '2026-02-11 22:05:35.721983+00', 'rb6eeyn3vvev', '64d099f9-f145-4669-a367-50ce5b9dce64'),
	('00000000-0000-0000-0000-000000000000', 335, 'yegwbble6ut6', '127da7af-65eb-4cf3-a23d-cd5239bd97fe', true, '2026-01-28 05:18:07.147117+00', '2026-01-28 05:22:57.373771+00', 'hinlqmjpz466', 'cc805249-9058-4dc8-9a82-3e859084a7f3'),
	('00000000-0000-0000-0000-000000000000', 330, '64hpvslb65g7', '127da7af-65eb-4cf3-a23d-cd5239bd97fe', true, '2026-01-28 02:54:13.104981+00', '2026-01-28 05:27:03.657252+00', '4md6gxv3dvzn', '536733c0-146f-4b3d-94c5-aed3c1ec1369'),
	('00000000-0000-0000-0000-000000000000', 955, 'dzqdygxhw4in', '0a55232c-dd67-4f33-b6f1-7560da7a4b54', true, '2026-03-01 08:42:38.706003+00', '2026-03-01 21:17:09.0074+00', 'mnyn67fnn5e6', '5eeca43d-ce14-4e79-adac-61f2249532cb'),
	('00000000-0000-0000-0000-000000000000', 336, '45ulkhiqoeta', '127da7af-65eb-4cf3-a23d-cd5239bd97fe', true, '2026-01-28 05:22:57.375662+00', '2026-01-28 06:24:28.213675+00', 'yegwbble6ut6', 'cc805249-9058-4dc8-9a82-3e859084a7f3'),
	('00000000-0000-0000-0000-000000000000', 949, 'k7tvyg72oumg', '0a55232c-dd67-4f33-b6f1-7560da7a4b54', true, '2026-03-01 05:32:18.002865+00', '2026-03-02 02:19:01.533593+00', NULL, '28008365-ad75-49b9-81a6-5ce49e01a9b3'),
	('00000000-0000-0000-0000-000000000000', 337, 'g4nm54s6kzxz', '127da7af-65eb-4cf3-a23d-cd5239bd97fe', true, '2026-01-28 05:27:03.658327+00', '2026-01-28 06:30:01.211848+00', '64hpvslb65g7', '536733c0-146f-4b3d-94c5-aed3c1ec1369'),
	('00000000-0000-0000-0000-000000000000', 327, '5h2fliziom5r', '127da7af-65eb-4cf3-a23d-cd5239bd97fe', true, '2026-01-28 01:04:01.052289+00', '2026-01-28 16:45:01.92894+00', '5ziy62zjj3nt', 'cfd1ccad-0d1e-4c6a-8852-18c10424dbbe'),
	('00000000-0000-0000-0000-000000000000', 338, '6ybuhbrq6kle', '127da7af-65eb-4cf3-a23d-cd5239bd97fe', true, '2026-01-28 06:24:28.214797+00', '2026-01-28 17:53:54.980895+00', '45ulkhiqoeta', 'cc805249-9058-4dc8-9a82-3e859084a7f3'),
	('00000000-0000-0000-0000-000000000000', 341, 'qy5pgwj6samp', '127da7af-65eb-4cf3-a23d-cd5239bd97fe', true, '2026-01-28 17:53:54.982052+00', '2026-01-29 02:51:38.301013+00', '6ybuhbrq6kle', 'cc805249-9058-4dc8-9a82-3e859084a7f3'),
	('00000000-0000-0000-0000-000000000000', 342, 'pzdaisus4q7m', '127da7af-65eb-4cf3-a23d-cd5239bd97fe', true, '2026-01-29 02:51:38.306102+00', '2026-01-29 03:50:10.505935+00', 'qy5pgwj6samp', 'cc805249-9058-4dc8-9a82-3e859084a7f3'),
	('00000000-0000-0000-0000-000000000000', 339, 'lsqimf5fxblx', '127da7af-65eb-4cf3-a23d-cd5239bd97fe', true, '2026-01-28 06:30:01.213181+00', '2026-01-29 03:55:09.720002+00', 'g4nm54s6kzxz', '536733c0-146f-4b3d-94c5-aed3c1ec1369'),
	('00000000-0000-0000-0000-000000000000', 340, '6gxbjpdxwae7', '127da7af-65eb-4cf3-a23d-cd5239bd97fe', true, '2026-01-28 16:45:01.931837+00', '2026-01-29 04:47:11.500203+00', '5h2fliziom5r', 'cfd1ccad-0d1e-4c6a-8852-18c10424dbbe'),
	('00000000-0000-0000-0000-000000000000', 343, 'hpw7nsywr2wh', '127da7af-65eb-4cf3-a23d-cd5239bd97fe', true, '2026-01-29 03:50:10.507078+00', '2026-01-29 04:48:10.626041+00', 'pzdaisus4q7m', 'cc805249-9058-4dc8-9a82-3e859084a7f3'),
	('00000000-0000-0000-0000-000000000000', 346, '5u5mtrvbwbsb', '127da7af-65eb-4cf3-a23d-cd5239bd97fe', true, '2026-01-29 04:48:10.626708+00', '2026-01-30 00:35:32.555387+00', 'hpw7nsywr2wh', 'cc805249-9058-4dc8-9a82-3e859084a7f3'),
	('00000000-0000-0000-0000-000000000000', 344, 'x3tf6ojohtkt', '127da7af-65eb-4cf3-a23d-cd5239bd97fe', true, '2026-01-29 03:55:09.721069+00', '2026-01-30 00:37:05.724154+00', 'lsqimf5fxblx', '536733c0-146f-4b3d-94c5-aed3c1ec1369'),
	('00000000-0000-0000-0000-000000000000', 347, 'fya4ysin7fgg', '127da7af-65eb-4cf3-a23d-cd5239bd97fe', true, '2026-01-30 00:35:32.557294+00', '2026-01-30 01:37:32.453658+00', '5u5mtrvbwbsb', 'cc805249-9058-4dc8-9a82-3e859084a7f3'),
	('00000000-0000-0000-0000-000000000000', 349, 'zj57gyrqahcn', '127da7af-65eb-4cf3-a23d-cd5239bd97fe', true, '2026-01-30 01:37:32.455799+00', '2026-01-30 03:25:31.662707+00', 'fya4ysin7fgg', 'cc805249-9058-4dc8-9a82-3e859084a7f3'),
	('00000000-0000-0000-0000-000000000000', 350, 'xevvw6qb2pgt', '127da7af-65eb-4cf3-a23d-cd5239bd97fe', true, '2026-01-30 03:25:31.664156+00', '2026-01-30 04:27:35.650874+00', 'zj57gyrqahcn', 'cc805249-9058-4dc8-9a82-3e859084a7f3'),
	('00000000-0000-0000-0000-000000000000', 351, 'ycqk4qgtir7k', '127da7af-65eb-4cf3-a23d-cd5239bd97fe', true, '2026-01-30 04:27:35.652058+00', '2026-01-30 04:28:52.661076+00', 'xevvw6qb2pgt', 'cc805249-9058-4dc8-9a82-3e859084a7f3'),
	('00000000-0000-0000-0000-000000000000', 352, 'vgxhsn7274zh', '127da7af-65eb-4cf3-a23d-cd5239bd97fe', true, '2026-01-30 04:28:52.661921+00', '2026-01-30 04:28:52.731542+00', 'ycqk4qgtir7k', 'cc805249-9058-4dc8-9a82-3e859084a7f3'),
	('00000000-0000-0000-0000-000000000000', 353, 'jf5onuue6nsk', '127da7af-65eb-4cf3-a23d-cd5239bd97fe', true, '2026-01-30 04:28:52.731965+00', '2026-01-30 05:27:02.199948+00', 'vgxhsn7274zh', 'cc805249-9058-4dc8-9a82-3e859084a7f3'),
	('00000000-0000-0000-0000-000000000000', 354, 'gcno6nuorgjs', '127da7af-65eb-4cf3-a23d-cd5239bd97fe', true, '2026-01-30 05:27:02.201269+00', '2026-01-30 06:12:16.721995+00', 'jf5onuue6nsk', 'cc805249-9058-4dc8-9a82-3e859084a7f3'),
	('00000000-0000-0000-0000-000000000000', 355, 'mnexlle7mfcv', '127da7af-65eb-4cf3-a23d-cd5239bd97fe', true, '2026-01-30 06:12:16.723129+00', '2026-01-30 06:12:16.78679+00', 'gcno6nuorgjs', 'cc805249-9058-4dc8-9a82-3e859084a7f3'),
	('00000000-0000-0000-0000-000000000000', 356, 'ws5j2ocadrey', '127da7af-65eb-4cf3-a23d-cd5239bd97fe', true, '2026-01-30 06:12:16.787428+00', '2026-01-30 06:42:55.677964+00', 'mnexlle7mfcv', 'cc805249-9058-4dc8-9a82-3e859084a7f3'),
	('00000000-0000-0000-0000-000000000000', 357, 'wumy5fkg3dpq', '127da7af-65eb-4cf3-a23d-cd5239bd97fe', true, '2026-01-30 06:42:55.679594+00', '2026-01-30 06:42:55.746946+00', 'ws5j2ocadrey', 'cc805249-9058-4dc8-9a82-3e859084a7f3'),
	('00000000-0000-0000-0000-000000000000', 358, 'lv5cwt66yly6', '127da7af-65eb-4cf3-a23d-cd5239bd97fe', true, '2026-01-30 06:42:55.747479+00', '2026-01-30 07:40:56.74033+00', 'wumy5fkg3dpq', 'cc805249-9058-4dc8-9a82-3e859084a7f3'),
	('00000000-0000-0000-0000-000000000000', 359, 'yfd2mdxjijqh', '127da7af-65eb-4cf3-a23d-cd5239bd97fe', true, '2026-01-30 07:40:56.741169+00', '2026-01-30 07:57:10.574825+00', 'lv5cwt66yly6', 'cc805249-9058-4dc8-9a82-3e859084a7f3'),
	('00000000-0000-0000-0000-000000000000', 360, '7jibh7tnoiwf', '127da7af-65eb-4cf3-a23d-cd5239bd97fe', true, '2026-01-30 07:57:10.575638+00', '2026-01-30 07:57:10.63991+00', 'yfd2mdxjijqh', 'cc805249-9058-4dc8-9a82-3e859084a7f3'),
	('00000000-0000-0000-0000-000000000000', 361, 'tfrimzqkznya', '127da7af-65eb-4cf3-a23d-cd5239bd97fe', true, '2026-01-30 07:57:10.640298+00', '2026-01-30 08:55:26.635162+00', '7jibh7tnoiwf', 'cc805249-9058-4dc8-9a82-3e859084a7f3'),
	('00000000-0000-0000-0000-000000000000', 362, 'v6rvicvdpwmf', '127da7af-65eb-4cf3-a23d-cd5239bd97fe', true, '2026-01-30 08:55:26.635991+00', '2026-01-30 12:55:30.010513+00', 'tfrimzqkznya', 'cc805249-9058-4dc8-9a82-3e859084a7f3'),
	('00000000-0000-0000-0000-000000000000', 363, 'jhyvjz7rmucz', '127da7af-65eb-4cf3-a23d-cd5239bd97fe', true, '2026-01-30 12:55:30.011775+00', '2026-01-31 12:44:28.758669+00', 'v6rvicvdpwmf', 'cc805249-9058-4dc8-9a82-3e859084a7f3'),
	('00000000-0000-0000-0000-000000000000', 364, 'wku7hsptoqvm', '127da7af-65eb-4cf3-a23d-cd5239bd97fe', true, '2026-01-31 12:44:28.760207+00', '2026-01-31 16:02:26.078894+00', 'jhyvjz7rmucz', 'cc805249-9058-4dc8-9a82-3e859084a7f3'),
	('00000000-0000-0000-0000-000000000000', 365, '6gju7cx5ufzt', '127da7af-65eb-4cf3-a23d-cd5239bd97fe', false, '2026-01-31 16:02:26.082532+00', '2026-01-31 16:02:26.082532+00', 'wku7hsptoqvm', 'cc805249-9058-4dc8-9a82-3e859084a7f3'),
	('00000000-0000-0000-0000-000000000000', 366, 'mzt2mtskapix', '127da7af-65eb-4cf3-a23d-cd5239bd97fe', false, '2026-01-31 17:19:00.968714+00', '2026-01-31 17:19:00.968714+00', NULL, 'b45558c6-d688-4f23-a0a0-9465b4304560'),
	('00000000-0000-0000-0000-000000000000', 348, 'luhnigihloun', '127da7af-65eb-4cf3-a23d-cd5239bd97fe', true, '2026-01-30 00:37:05.725019+00', '2026-01-31 18:38:43.930316+00', 'x3tf6ojohtkt', '536733c0-146f-4b3d-94c5-aed3c1ec1369'),
	('00000000-0000-0000-0000-000000000000', 372, 'npr6bc5hftnc', '127da7af-65eb-4cf3-a23d-cd5239bd97fe', false, '2026-01-31 18:38:43.931568+00', '2026-01-31 18:38:43.931568+00', 'luhnigihloun', '536733c0-146f-4b3d-94c5-aed3c1ec1369'),
	('00000000-0000-0000-0000-000000000000', 371, 'sfm7lhjswqgo', '127da7af-65eb-4cf3-a23d-cd5239bd97fe', true, '2026-01-31 18:37:15.933595+00', '2026-01-31 20:37:23.748957+00', NULL, '6f7d2b32-eef3-4666-a8a0-ab629ffc604b'),
	('00000000-0000-0000-0000-000000000000', 345, 'qvufw4tad67t', '127da7af-65eb-4cf3-a23d-cd5239bd97fe', true, '2026-01-29 04:47:11.501513+00', '2026-01-31 21:41:46.385743+00', '6gxbjpdxwae7', 'cfd1ccad-0d1e-4c6a-8852-18c10424dbbe'),
	('00000000-0000-0000-0000-000000000000', 409, 'v6xbwablzxdn', '127da7af-65eb-4cf3-a23d-cd5239bd97fe', true, '2026-02-01 19:18:15.459111+00', '2026-02-01 20:34:49.411589+00', 'sb2unxkcmzjr', 'f269eb25-29a9-40ad-8d6d-acb1be6c2b98'),
	('00000000-0000-0000-0000-000000000000', 815, 'qetx7yasrksq', '2fc4c272-9d94-4482-b98e-bdb8009676b7', true, '2026-02-19 22:42:29.208602+00', '2026-02-20 03:07:10.909612+00', 'xftuupjeyfeq', '7b796f5b-69a2-4fb7-a56c-6d08ec63f374'),
	('00000000-0000-0000-0000-000000000000', 414, 'zzqujtwtby7l', '127da7af-65eb-4cf3-a23d-cd5239bd97fe', true, '2026-02-01 20:54:01.76417+00', '2026-02-01 20:54:17.940355+00', NULL, 'ea1425fb-b06e-46e5-bd57-fb1f228a45eb'),
	('00000000-0000-0000-0000-000000000000', 934, 'va3tcvuwbav4', '0a55232c-dd67-4f33-b6f1-7560da7a4b54', true, '2026-02-27 04:44:42.839589+00', '2026-02-27 05:42:52.26509+00', 'wplfjairqxk5', '9c5230cd-43c5-4a3b-974c-8b14ac2005a7'),
	('00000000-0000-0000-0000-000000000000', 823, 's73gw6wlux4h', '2fc4c272-9d94-4482-b98e-bdb8009676b7', true, '2026-02-20 22:24:53.004796+00', '2026-02-20 23:23:05.479599+00', 'ijxxrc5tgguu', '7b796f5b-69a2-4fb7-a56c-6d08ec63f374'),
	('00000000-0000-0000-0000-000000000000', 415, '3z36be7z2vxa', '127da7af-65eb-4cf3-a23d-cd5239bd97fe', true, '2026-02-01 20:54:17.941104+00', '2026-02-01 20:54:18.011241+00', 'zzqujtwtby7l', 'ea1425fb-b06e-46e5-bd57-fb1f228a45eb'),
	('00000000-0000-0000-0000-000000000000', 942, 'ty7moudvm7zv', '0a55232c-dd67-4f33-b6f1-7560da7a4b54', true, '2026-02-28 02:29:28.661603+00', '2026-02-28 03:27:42.61801+00', 'paesadox4cqg', '9c5230cd-43c5-4a3b-974c-8b14ac2005a7'),
	('00000000-0000-0000-0000-000000000000', 377, 'ipaozyapfnex', '127da7af-65eb-4cf3-a23d-cd5239bd97fe', true, '2026-01-31 20:37:23.750091+00', '2026-01-31 22:13:35.183194+00', 'sfm7lhjswqgo', '6f7d2b32-eef3-4666-a8a0-ab629ffc604b'),
	('00000000-0000-0000-0000-000000000000', 384, 'rwl3j7eswpmb', '127da7af-65eb-4cf3-a23d-cd5239bd97fe', false, '2026-01-31 22:13:35.184355+00', '2026-01-31 22:13:35.184355+00', 'ipaozyapfnex', '6f7d2b32-eef3-4666-a8a0-ab629ffc604b'),
	('00000000-0000-0000-0000-000000000000', 950, 'k3ih3dij2xst', '0a55232c-dd67-4f33-b6f1-7560da7a4b54', true, '2026-03-01 05:47:34.161653+00', '2026-03-01 06:45:42.38379+00', 'ddnzge6rhk3a', '5eeca43d-ce14-4e79-adac-61f2249532cb'),
	('00000000-0000-0000-0000-000000000000', 410, 'uufelyqcrphy', '127da7af-65eb-4cf3-a23d-cd5239bd97fe', true, '2026-02-01 20:29:05.010557+00', '2026-02-01 21:27:34.597359+00', 'rbtukfe7f6bq', 'ab4e2027-60ce-406f-aea7-70b81c214ad1'),
	('00000000-0000-0000-0000-000000000000', 960, 'r72dfotfmhya', '0a55232c-dd67-4f33-b6f1-7560da7a4b54', true, '2026-03-02 02:19:01.534692+00', '2026-03-02 02:21:08.192669+00', 'k7tvyg72oumg', '28008365-ad75-49b9-81a6-5ce49e01a9b3'),
	('00000000-0000-0000-0000-000000000000', 416, 'k2vurhk6me22', '127da7af-65eb-4cf3-a23d-cd5239bd97fe', true, '2026-02-01 20:54:18.011647+00', '2026-02-01 21:31:36.058027+00', '3z36be7z2vxa', 'ea1425fb-b06e-46e5-bd57-fb1f228a45eb'),
	('00000000-0000-0000-0000-000000000000', 715, 'qafvyb2wsr5e', '8ebe37c2-b2db-4415-ae5d-5ec3d32e4f82', false, '2026-02-11 22:05:35.723165+00', '2026-02-11 22:05:35.723165+00', 'ifxlrtskzaet', '64d099f9-f145-4669-a367-50ce5b9dce64'),
	('00000000-0000-0000-0000-000000000000', 964, 'jne7fakcqczv', '0a55232c-dd67-4f33-b6f1-7560da7a4b54', true, '2026-03-02 04:10:05.611247+00', '2026-03-03 00:22:41.796946+00', '7syd6qkzd64v', '5eeca43d-ce14-4e79-adac-61f2249532cb'),
	('00000000-0000-0000-0000-000000000000', 956, '5y72nmjdk4qp', '0a55232c-dd67-4f33-b6f1-7560da7a4b54', true, '2026-03-01 19:36:11.674411+00', '2026-03-03 00:32:56.117195+00', 'guzen7h3tt3j', 'abea5440-3308-49ba-bffb-6df303752338'),
	('00000000-0000-0000-0000-000000000000', 418, 'gyuwv3lx7p72', '127da7af-65eb-4cf3-a23d-cd5239bd97fe', true, '2026-02-01 21:31:36.059105+00', '2026-02-01 21:31:36.129997+00', 'k2vurhk6me22', 'ea1425fb-b06e-46e5-bd57-fb1f228a45eb'),
	('00000000-0000-0000-0000-000000000000', 382, 'hkqjyadyi2d6', '127da7af-65eb-4cf3-a23d-cd5239bd97fe', true, '2026-01-31 21:41:46.386484+00', '2026-02-01 03:15:11.415748+00', 'qvufw4tad67t', 'cfd1ccad-0d1e-4c6a-8852-18c10424dbbe'),
	('00000000-0000-0000-0000-000000000000', 723, 'h67z2w3okdxn', 'a6f06ab9-0461-4a2a-a087-395dbde4775e', false, '2026-02-12 00:09:52.335624+00', '2026-02-12 00:09:52.335624+00', NULL, '40890a9b-e7d0-4c7f-b0e7-90c7031057fe'),
	('00000000-0000-0000-0000-000000000000', 419, 'zcpumchaackj', '127da7af-65eb-4cf3-a23d-cd5239bd97fe', true, '2026-02-01 21:31:36.130392+00', '2026-02-01 21:34:10.814455+00', 'gyuwv3lx7p72', 'ea1425fb-b06e-46e5-bd57-fb1f228a45eb'),
	('00000000-0000-0000-0000-000000000000', 392, 'imin5ybsf4xi', '127da7af-65eb-4cf3-a23d-cd5239bd97fe', true, '2026-02-01 03:30:27.548126+00', '2026-02-01 03:31:16.220034+00', NULL, 'ab4e2027-60ce-406f-aea7-70b81c214ad1'),
	('00000000-0000-0000-0000-000000000000', 393, 'iuh7sebrrw2x', '127da7af-65eb-4cf3-a23d-cd5239bd97fe', true, '2026-02-01 03:31:16.220647+00', '2026-02-01 03:31:16.292949+00', 'imin5ybsf4xi', 'ab4e2027-60ce-406f-aea7-70b81c214ad1'),
	('00000000-0000-0000-0000-000000000000', 420, 'ulyvzwkymsvz', '127da7af-65eb-4cf3-a23d-cd5239bd97fe', true, '2026-02-01 21:34:10.815431+00', '2026-02-01 21:34:10.895062+00', 'zcpumchaackj', 'ea1425fb-b06e-46e5-bd57-fb1f228a45eb'),
	('00000000-0000-0000-0000-000000000000', 394, 'wmb7dcwgdjbx', '127da7af-65eb-4cf3-a23d-cd5239bd97fe', true, '2026-02-01 03:31:16.294725+00', '2026-02-01 03:34:51.970937+00', 'iuh7sebrrw2x', 'ab4e2027-60ce-406f-aea7-70b81c214ad1'),
	('00000000-0000-0000-0000-000000000000', 724, 'w4b3ak5y3sty', 'a6f06ab9-0461-4a2a-a087-395dbde4775e', true, '2026-02-12 00:10:01.816018+00', '2026-02-12 01:36:09.981238+00', NULL, 'e071ce88-9d50-4082-b1ec-1f995be799cf'),
	('00000000-0000-0000-0000-000000000000', 395, 'fdmjowb57fl4', '127da7af-65eb-4cf3-a23d-cd5239bd97fe', true, '2026-02-01 03:34:51.972061+00', '2026-02-01 03:34:52.098351+00', 'wmb7dcwgdjbx', 'ab4e2027-60ce-406f-aea7-70b81c214ad1'),
	('00000000-0000-0000-0000-000000000000', 421, '5f63pgkmx55o', '127da7af-65eb-4cf3-a23d-cd5239bd97fe', true, '2026-02-01 21:34:10.895477+00', '2026-02-01 21:34:42.634142+00', 'ulyvzwkymsvz', 'ea1425fb-b06e-46e5-bd57-fb1f228a45eb'),
	('00000000-0000-0000-0000-000000000000', 396, '2yutg6mpmylj', '127da7af-65eb-4cf3-a23d-cd5239bd97fe', true, '2026-02-01 03:34:52.098972+00', '2026-02-01 03:59:48.077355+00', 'fdmjowb57fl4', 'ab4e2027-60ce-406f-aea7-70b81c214ad1'),
	('00000000-0000-0000-0000-000000000000', 969, 'wpwepkyzghcl', '0a55232c-dd67-4f33-b6f1-7560da7a4b54', true, '2026-03-03 01:20:46.398672+00', '2026-03-03 02:18:46.327165+00', 'lnnkram2rngc', '5eeca43d-ce14-4e79-adac-61f2249532cb'),
	('00000000-0000-0000-0000-000000000000', 397, 'cd3xn7mfp6cr', '127da7af-65eb-4cf3-a23d-cd5239bd97fe', true, '2026-02-01 03:59:48.078645+00', '2026-02-01 03:59:48.150817+00', '2yutg6mpmylj', 'ab4e2027-60ce-406f-aea7-70b81c214ad1'),
	('00000000-0000-0000-0000-000000000000', 422, '3aucf5ljfrxx', '127da7af-65eb-4cf3-a23d-cd5239bd97fe', true, '2026-02-01 21:34:42.634893+00', '2026-02-01 21:34:42.722283+00', '5f63pgkmx55o', 'ea1425fb-b06e-46e5-bd57-fb1f228a45eb'),
	('00000000-0000-0000-0000-000000000000', 973, 'apw5ladxgusw', '0a55232c-dd67-4f33-b6f1-7560da7a4b54', false, '2026-03-03 03:54:40.202132+00', '2026-03-03 03:54:40.202132+00', 'scr4c2zia4z7', 'abea5440-3308-49ba-bffb-6df303752338'),
	('00000000-0000-0000-0000-000000000000', 391, '3usde2mccygc', '127da7af-65eb-4cf3-a23d-cd5239bd97fe', true, '2026-02-01 03:15:11.416638+00', '2026-02-01 04:20:45.247932+00', 'hkqjyadyi2d6', 'cfd1ccad-0d1e-4c6a-8852-18c10424dbbe'),
	('00000000-0000-0000-0000-000000000000', 400, 'yllerfta5wgz', '127da7af-65eb-4cf3-a23d-cd5239bd97fe', false, '2026-02-01 04:20:45.249205+00', '2026-02-01 04:20:45.249205+00', '3usde2mccygc', 'cfd1ccad-0d1e-4c6a-8852-18c10424dbbe'),
	('00000000-0000-0000-0000-000000000000', 398, 'xiz46khv6e6g', '127da7af-65eb-4cf3-a23d-cd5239bd97fe', true, '2026-02-01 03:59:48.151328+00', '2026-02-01 04:58:12.630284+00', 'cd3xn7mfp6cr', 'ab4e2027-60ce-406f-aea7-70b81c214ad1'),
	('00000000-0000-0000-0000-000000000000', 423, 'nermakz2tq2k', '127da7af-65eb-4cf3-a23d-cd5239bd97fe', true, '2026-02-01 21:34:42.72272+00', '2026-02-01 22:01:25.093162+00', '3aucf5ljfrxx', 'ea1425fb-b06e-46e5-bd57-fb1f228a45eb'),
	('00000000-0000-0000-0000-000000000000', 977, 'hqt2aajrebj4', '0a55232c-dd67-4f33-b6f1-7560da7a4b54', true, '2026-03-03 15:08:09.340115+00', '2026-03-03 16:06:09.256723+00', 'xuew4io6vd3a', '5eeca43d-ce14-4e79-adac-61f2249532cb'),
	('00000000-0000-0000-0000-000000000000', 401, 'zukqhdkresko', '127da7af-65eb-4cf3-a23d-cd5239bd97fe', true, '2026-02-01 04:58:12.63136+00', '2026-02-01 17:36:40.067993+00', 'xiz46khv6e6g', 'ab4e2027-60ce-406f-aea7-70b81c214ad1'),
	('00000000-0000-0000-0000-000000000000', 424, 'w6l5ewk5oh5o', '127da7af-65eb-4cf3-a23d-cd5239bd97fe', true, '2026-02-01 22:01:25.09416+00', '2026-02-01 22:01:25.163622+00', 'nermakz2tq2k', 'ea1425fb-b06e-46e5-bd57-fb1f228a45eb'),
	('00000000-0000-0000-0000-000000000000', 403, 'wix6mv5dlcut', '127da7af-65eb-4cf3-a23d-cd5239bd97fe', true, '2026-02-01 17:36:40.069073+00', '2026-02-01 18:48:16.558627+00', 'zukqhdkresko', 'ab4e2027-60ce-406f-aea7-70b81c214ad1'),
	('00000000-0000-0000-0000-000000000000', 425, 'foz3s5ijubx7', '127da7af-65eb-4cf3-a23d-cd5239bd97fe', true, '2026-02-01 22:01:25.164207+00', '2026-02-01 22:02:15.011137+00', 'w6l5ewk5oh5o', 'ea1425fb-b06e-46e5-bd57-fb1f228a45eb'),
	('00000000-0000-0000-0000-000000000000', 407, 'cdetl6wmryoa', '127da7af-65eb-4cf3-a23d-cd5239bd97fe', true, '2026-02-01 19:06:56.525941+00', '2026-02-01 19:18:15.392872+00', NULL, 'f269eb25-29a9-40ad-8d6d-acb1be6c2b98'),
	('00000000-0000-0000-0000-000000000000', 426, 'se2zergdrwmz', '127da7af-65eb-4cf3-a23d-cd5239bd97fe', true, '2026-02-01 22:02:15.012513+00', '2026-02-01 22:02:15.101704+00', 'foz3s5ijubx7', 'ea1425fb-b06e-46e5-bd57-fb1f228a45eb'),
	('00000000-0000-0000-0000-000000000000', 408, 'sb2unxkcmzjr', '127da7af-65eb-4cf3-a23d-cd5239bd97fe', true, '2026-02-01 19:18:15.393727+00', '2026-02-01 19:18:15.458527+00', 'cdetl6wmryoa', 'f269eb25-29a9-40ad-8d6d-acb1be6c2b98'),
	('00000000-0000-0000-0000-000000000000', 406, 'rbtukfe7f6bq', '127da7af-65eb-4cf3-a23d-cd5239bd97fe', true, '2026-02-01 18:48:16.559691+00', '2026-02-01 20:29:05.009052+00', 'wix6mv5dlcut', 'ab4e2027-60ce-406f-aea7-70b81c214ad1'),
	('00000000-0000-0000-0000-000000000000', 427, 'o6k7fxzevgb3', '127da7af-65eb-4cf3-a23d-cd5239bd97fe', true, '2026-02-01 22:02:15.102272+00', '2026-02-01 22:02:50.507659+00', 'se2zergdrwmz', 'ea1425fb-b06e-46e5-bd57-fb1f228a45eb'),
	('00000000-0000-0000-0000-000000000000', 428, 'xiizfdixn5ja', '127da7af-65eb-4cf3-a23d-cd5239bd97fe', true, '2026-02-01 22:02:50.5081+00', '2026-02-01 22:02:50.590602+00', 'o6k7fxzevgb3', 'ea1425fb-b06e-46e5-bd57-fb1f228a45eb'),
	('00000000-0000-0000-0000-000000000000', 429, 'dbyjudt37dt5', '127da7af-65eb-4cf3-a23d-cd5239bd97fe', true, '2026-02-01 22:02:50.591019+00', '2026-02-01 22:03:57.987289+00', 'xiizfdixn5ja', 'ea1425fb-b06e-46e5-bd57-fb1f228a45eb'),
	('00000000-0000-0000-0000-000000000000', 430, 'qvdkokwgbyk4', '127da7af-65eb-4cf3-a23d-cd5239bd97fe', true, '2026-02-01 22:03:57.987677+00', '2026-02-01 22:03:58.119767+00', 'dbyjudt37dt5', 'ea1425fb-b06e-46e5-bd57-fb1f228a45eb'),
	('00000000-0000-0000-0000-000000000000', 417, 'u3eecu5ozmht', '127da7af-65eb-4cf3-a23d-cd5239bd97fe', true, '2026-02-01 21:27:34.598244+00', '2026-02-01 22:28:34.355937+00', 'uufelyqcrphy', 'ab4e2027-60ce-406f-aea7-70b81c214ad1'),
	('00000000-0000-0000-0000-000000000000', 388, 'vfk5s5ihe34z', '127da7af-65eb-4cf3-a23d-cd5239bd97fe', true, '2026-02-01 00:14:07.021368+00', '2026-02-07 02:23:36.554948+00', 'b53s7i56nhi7', 'fb234fc8-3292-406d-8beb-70d635972f26'),
	('00000000-0000-0000-0000-000000000000', 565, '4ssgcj2qhvlr', '8ebe37c2-b2db-4415-ae5d-5ec3d32e4f82', false, '2026-02-08 02:58:41.523547+00', '2026-02-08 02:58:41.523547+00', NULL, '2f706c9c-b7f7-4f86-a93b-e4b63e43c146'),
	('00000000-0000-0000-0000-000000000000', 431, 'lbsybo6srwqz', '127da7af-65eb-4cf3-a23d-cd5239bd97fe', true, '2026-02-01 22:03:58.122174+00', '2026-02-01 22:04:30.958965+00', 'qvdkokwgbyk4', 'ea1425fb-b06e-46e5-bd57-fb1f228a45eb'),
	('00000000-0000-0000-0000-000000000000', 432, 'q5ciopc5sgxm', '127da7af-65eb-4cf3-a23d-cd5239bd97fe', true, '2026-02-01 22:04:30.959338+00', '2026-02-01 22:04:31.052876+00', 'lbsybo6srwqz', 'ea1425fb-b06e-46e5-bd57-fb1f228a45eb'),
	('00000000-0000-0000-0000-000000000000', 816, 'wgdlhxxqbr22', '2fc4c272-9d94-4482-b98e-bdb8009676b7', true, '2026-02-20 03:07:10.910616+00', '2026-02-20 04:05:14.964546+00', 'qetx7yasrksq', '7b796f5b-69a2-4fb7-a56c-6d08ec63f374'),
	('00000000-0000-0000-0000-000000000000', 433, 'ldzhm7y3ip5t', '127da7af-65eb-4cf3-a23d-cd5239bd97fe', true, '2026-02-01 22:04:31.053375+00', '2026-02-01 22:05:13.635366+00', 'q5ciopc5sgxm', 'ea1425fb-b06e-46e5-bd57-fb1f228a45eb'),
	('00000000-0000-0000-0000-000000000000', 935, 'zbtkty5vyj22', '0a55232c-dd67-4f33-b6f1-7560da7a4b54', true, '2026-02-27 05:24:23.953026+00', '2026-02-27 07:09:53.286174+00', '7ci7t6r57qhk', 'abea5440-3308-49ba-bffb-6df303752338'),
	('00000000-0000-0000-0000-000000000000', 434, 'mhz4mqcuu7aq', '127da7af-65eb-4cf3-a23d-cd5239bd97fe', true, '2026-02-01 22:05:13.635716+00', '2026-02-01 22:05:13.705692+00', 'ldzhm7y3ip5t', 'ea1425fb-b06e-46e5-bd57-fb1f228a45eb'),
	('00000000-0000-0000-0000-000000000000', 824, 'sttfkggguyqc', '2fc4c272-9d94-4482-b98e-bdb8009676b7', true, '2026-02-20 23:23:05.480693+00', '2026-02-21 00:21:14.758298+00', 's73gw6wlux4h', '7b796f5b-69a2-4fb7-a56c-6d08ec63f374'),
	('00000000-0000-0000-0000-000000000000', 435, 'nskiwkij75t3', '127da7af-65eb-4cf3-a23d-cd5239bd97fe', true, '2026-02-01 22:05:13.706056+00', '2026-02-01 22:05:23.384004+00', 'mhz4mqcuu7aq', 'ea1425fb-b06e-46e5-bd57-fb1f228a45eb'),
	('00000000-0000-0000-0000-000000000000', 436, 'hsb6f4olilpn', '127da7af-65eb-4cf3-a23d-cd5239bd97fe', true, '2026-02-01 22:05:23.384363+00', '2026-02-01 22:05:23.450199+00', 'nskiwkij75t3', 'ea1425fb-b06e-46e5-bd57-fb1f228a45eb'),
	('00000000-0000-0000-0000-000000000000', 437, 'dl5uacjwseek', '127da7af-65eb-4cf3-a23d-cd5239bd97fe', true, '2026-02-01 22:05:23.450573+00', '2026-02-01 22:06:09.704174+00', 'hsb6f4olilpn', 'ea1425fb-b06e-46e5-bd57-fb1f228a45eb'),
	('00000000-0000-0000-0000-000000000000', 951, 'u2wcb2bplg7z', '0a55232c-dd67-4f33-b6f1-7560da7a4b54', true, '2026-03-01 06:45:42.384695+00', '2026-03-01 07:44:10.909553+00', 'k3ih3dij2xst', '5eeca43d-ce14-4e79-adac-61f2249532cb'),
	('00000000-0000-0000-0000-000000000000', 438, 'unfm4lucj25j', '127da7af-65eb-4cf3-a23d-cd5239bd97fe', true, '2026-02-01 22:06:09.704753+00', '2026-02-01 22:06:09.776628+00', 'dl5uacjwseek', 'ea1425fb-b06e-46e5-bd57-fb1f228a45eb'),
	('00000000-0000-0000-0000-000000000000', 943, 'sdrp3dhb6qpk', '0a55232c-dd67-4f33-b6f1-7560da7a4b54', true, '2026-02-28 02:52:18.448538+00', '2026-03-01 07:53:27.256887+00', NULL, '01a77699-467a-4017-992b-a9302766be98'),
	('00000000-0000-0000-0000-000000000000', 439, 'fqon6badd56w', '127da7af-65eb-4cf3-a23d-cd5239bd97fe', true, '2026-02-01 22:06:09.776977+00', '2026-02-01 22:06:43.432068+00', 'unfm4lucj25j', 'ea1425fb-b06e-46e5-bd57-fb1f228a45eb'),
	('00000000-0000-0000-0000-000000000000', 440, 'xkl3pieid6pu', '127da7af-65eb-4cf3-a23d-cd5239bd97fe', true, '2026-02-01 22:06:43.432423+00', '2026-02-01 22:06:43.50662+00', 'fqon6badd56w', 'ea1425fb-b06e-46e5-bd57-fb1f228a45eb'),
	('00000000-0000-0000-0000-000000000000', 441, '75cwxnvkgaqk', '127da7af-65eb-4cf3-a23d-cd5239bd97fe', true, '2026-02-01 22:06:43.506986+00', '2026-02-01 22:13:16.480426+00', 'xkl3pieid6pu', 'ea1425fb-b06e-46e5-bd57-fb1f228a45eb'),
	('00000000-0000-0000-0000-000000000000', 442, 'cgzcyt7stb3z', '127da7af-65eb-4cf3-a23d-cd5239bd97fe', true, '2026-02-01 22:13:16.481297+00', '2026-02-01 22:13:16.560893+00', '75cwxnvkgaqk', 'ea1425fb-b06e-46e5-bd57-fb1f228a45eb'),
	('00000000-0000-0000-0000-000000000000', 717, 'r5wlkmclbki4', '0d4be763-a832-4a70-a21c-77662c319f7d', false, '2026-02-11 22:44:36.286545+00', '2026-02-11 22:44:36.286545+00', NULL, '2a826fbe-30e8-4311-a2d7-02584bc77e83'),
	('00000000-0000-0000-0000-000000000000', 443, 'xgdb4pwkcihv', '127da7af-65eb-4cf3-a23d-cd5239bd97fe', true, '2026-02-01 22:13:16.561291+00', '2026-02-01 22:13:20.889869+00', 'cgzcyt7stb3z', 'ea1425fb-b06e-46e5-bd57-fb1f228a45eb'),
	('00000000-0000-0000-0000-000000000000', 444, 'k7zfcrjlnswx', '127da7af-65eb-4cf3-a23d-cd5239bd97fe', true, '2026-02-01 22:13:20.890274+00', '2026-02-01 22:13:20.957096+00', 'xgdb4pwkcihv', 'ea1425fb-b06e-46e5-bd57-fb1f228a45eb'),
	('00000000-0000-0000-0000-000000000000', 725, 'cu7r56b3jvec', 'a6f06ab9-0461-4a2a-a087-395dbde4775e', true, '2026-02-12 01:36:09.982059+00', '2026-02-12 03:27:50.802104+00', 'w4b3ak5y3sty', 'e071ce88-9d50-4082-b1ec-1f995be799cf'),
	('00000000-0000-0000-0000-000000000000', 445, 'nyegxsy5twmq', '127da7af-65eb-4cf3-a23d-cd5239bd97fe', true, '2026-02-01 22:13:20.957631+00', '2026-02-01 22:15:00.460927+00', 'k7zfcrjlnswx', 'ea1425fb-b06e-46e5-bd57-fb1f228a45eb'),
	('00000000-0000-0000-0000-000000000000', 446, '6qayuzxclclf', '127da7af-65eb-4cf3-a23d-cd5239bd97fe', true, '2026-02-01 22:15:00.461505+00', '2026-02-01 22:15:00.54054+00', 'nyegxsy5twmq', 'ea1425fb-b06e-46e5-bd57-fb1f228a45eb'),
	('00000000-0000-0000-0000-000000000000', 448, 'nsvio3phjgk3', '127da7af-65eb-4cf3-a23d-cd5239bd97fe', true, '2026-02-01 22:28:34.356983+00', '2026-02-02 21:45:58.964252+00', 'u3eecu5ozmht', 'ab4e2027-60ce-406f-aea7-70b81c214ad1'),
	('00000000-0000-0000-0000-000000000000', 450, 'xo2up2bmezhw', '127da7af-65eb-4cf3-a23d-cd5239bd97fe', false, '2026-02-02 21:45:58.966234+00', '2026-02-02 21:45:58.966234+00', 'nsvio3phjgk3', 'ab4e2027-60ce-406f-aea7-70b81c214ad1'),
	('00000000-0000-0000-0000-000000000000', 451, 'd4kvuygeekp6', '127da7af-65eb-4cf3-a23d-cd5239bd97fe', true, '2026-02-02 21:46:05.591609+00', '2026-02-02 21:49:21.283533+00', NULL, '883efdde-3a39-4e28-9403-de79ec341ab6'),
	('00000000-0000-0000-0000-000000000000', 750, 'ik63g532zeht', '794c2bb8-b5c7-4cf2-bc96-cf2a88d6420a', false, '2026-02-15 00:26:18.648366+00', '2026-02-15 00:26:18.648366+00', NULL, 'baff7f86-3cc6-40fc-9fe2-afed5ebce473'),
	('00000000-0000-0000-0000-000000000000', 452, 'xfblrrelvwwm', '127da7af-65eb-4cf3-a23d-cd5239bd97fe', true, '2026-02-02 21:49:21.284423+00', '2026-02-02 21:49:21.525847+00', 'd4kvuygeekp6', '883efdde-3a39-4e28-9403-de79ec341ab6'),
	('00000000-0000-0000-0000-000000000000', 453, 'vcymm2uyh67p', '127da7af-65eb-4cf3-a23d-cd5239bd97fe', true, '2026-02-02 21:49:21.527161+00', '2026-02-02 21:54:57.94909+00', 'xfblrrelvwwm', '883efdde-3a39-4e28-9403-de79ec341ab6'),
	('00000000-0000-0000-0000-000000000000', 454, 'nomujazhaub3', '127da7af-65eb-4cf3-a23d-cd5239bd97fe', true, '2026-02-02 21:54:57.949795+00', '2026-02-02 21:54:58.104087+00', 'vcymm2uyh67p', '883efdde-3a39-4e28-9403-de79ec341ab6'),
	('00000000-0000-0000-0000-000000000000', 455, 'dfpuahpldvil', '127da7af-65eb-4cf3-a23d-cd5239bd97fe', true, '2026-02-02 21:54:58.104716+00', '2026-02-02 22:53:23.918773+00', 'nomujazhaub3', '883efdde-3a39-4e28-9403-de79ec341ab6'),
	('00000000-0000-0000-0000-000000000000', 457, 'qdhlljcuem43', '127da7af-65eb-4cf3-a23d-cd5239bd97fe', true, '2026-02-02 22:53:23.920086+00', '2026-02-02 23:51:23.891048+00', 'dfpuahpldvil', '883efdde-3a39-4e28-9403-de79ec341ab6'),
	('00000000-0000-0000-0000-000000000000', 459, 'vhp43vdjt3zh', '127da7af-65eb-4cf3-a23d-cd5239bd97fe', true, '2026-02-02 23:51:23.892286+00', '2026-02-03 01:20:18.095958+00', 'qdhlljcuem43', '883efdde-3a39-4e28-9403-de79ec341ab6'),
	('00000000-0000-0000-0000-000000000000', 461, '2mkslgmeywst', '127da7af-65eb-4cf3-a23d-cd5239bd97fe', false, '2026-02-03 01:20:18.096858+00', '2026-02-03 01:20:18.096858+00', 'vhp43vdjt3zh', '883efdde-3a39-4e28-9403-de79ec341ab6'),
	('00000000-0000-0000-0000-000000000000', 462, 'lqsfnknjvw76', '127da7af-65eb-4cf3-a23d-cd5239bd97fe', true, '2026-02-03 01:23:53.257543+00', '2026-02-03 01:24:08.979433+00', NULL, '3362aa6f-4bf8-476b-8ac6-b1f3a839afc2'),
	('00000000-0000-0000-0000-000000000000', 463, '7kg7tbkddcsh', '127da7af-65eb-4cf3-a23d-cd5239bd97fe', true, '2026-02-03 01:24:08.980241+00', '2026-02-03 01:24:09.043681+00', 'lqsfnknjvw76', '3362aa6f-4bf8-476b-8ac6-b1f3a839afc2'),
	('00000000-0000-0000-0000-000000000000', 464, 'i6bw6uxv4v57', '127da7af-65eb-4cf3-a23d-cd5239bd97fe', true, '2026-02-03 01:24:09.044125+00', '2026-02-03 04:46:05.677544+00', '7kg7tbkddcsh', '3362aa6f-4bf8-476b-8ac6-b1f3a839afc2'),
	('00000000-0000-0000-0000-000000000000', 468, 'aqllziqq5ahh', '127da7af-65eb-4cf3-a23d-cd5239bd97fe', true, '2026-02-03 04:46:05.678508+00', '2026-02-03 05:51:39.626402+00', 'i6bw6uxv4v57', '3362aa6f-4bf8-476b-8ac6-b1f3a839afc2'),
	('00000000-0000-0000-0000-000000000000', 470, 'o4plpxc5zbpk', '127da7af-65eb-4cf3-a23d-cd5239bd97fe', true, '2026-02-03 05:51:39.627583+00', '2026-02-03 06:07:28.357558+00', 'aqllziqq5ahh', '3362aa6f-4bf8-476b-8ac6-b1f3a839afc2'),
	('00000000-0000-0000-0000-000000000000', 472, 'et7ew6jjvts5', '127da7af-65eb-4cf3-a23d-cd5239bd97fe', true, '2026-02-03 06:07:28.358464+00', '2026-02-03 06:07:28.425923+00', 'o4plpxc5zbpk', '3362aa6f-4bf8-476b-8ac6-b1f3a839afc2'),
	('00000000-0000-0000-0000-000000000000', 473, 'b4b4ax4ey6bk', '127da7af-65eb-4cf3-a23d-cd5239bd97fe', true, '2026-02-03 06:07:28.426334+00', '2026-02-03 06:07:34.716914+00', 'et7ew6jjvts5', '3362aa6f-4bf8-476b-8ac6-b1f3a839afc2'),
	('00000000-0000-0000-0000-000000000000', 474, 'harm3soluex5', '127da7af-65eb-4cf3-a23d-cd5239bd97fe', true, '2026-02-03 06:07:34.717313+00', '2026-02-03 06:07:34.778575+00', 'b4b4ax4ey6bk', '3362aa6f-4bf8-476b-8ac6-b1f3a839afc2'),
	('00000000-0000-0000-0000-000000000000', 475, 'ehaujulnsr3l', '127da7af-65eb-4cf3-a23d-cd5239bd97fe', true, '2026-02-03 06:07:34.779045+00', '2026-02-03 06:10:03.061143+00', 'harm3soluex5', '3362aa6f-4bf8-476b-8ac6-b1f3a839afc2'),
	('00000000-0000-0000-0000-000000000000', 476, 'inlrdb25p4yg', '127da7af-65eb-4cf3-a23d-cd5239bd97fe', true, '2026-02-03 06:10:03.062069+00', '2026-02-04 02:33:34.836575+00', 'ehaujulnsr3l', '3362aa6f-4bf8-476b-8ac6-b1f3a839afc2'),
	('00000000-0000-0000-0000-000000000000', 477, '2jk7iu2ulfne', '127da7af-65eb-4cf3-a23d-cd5239bd97fe', true, '2026-02-04 02:33:34.839197+00', '2026-02-04 02:33:51.889837+00', 'inlrdb25p4yg', '3362aa6f-4bf8-476b-8ac6-b1f3a839afc2'),
	('00000000-0000-0000-0000-000000000000', 478, 'wonnvqqogl6k', '127da7af-65eb-4cf3-a23d-cd5239bd97fe', true, '2026-02-04 02:33:51.89031+00', '2026-02-04 02:33:51.962047+00', '2jk7iu2ulfne', '3362aa6f-4bf8-476b-8ac6-b1f3a839afc2'),
	('00000000-0000-0000-0000-000000000000', 479, 'o3jgvjdh2x4m', '127da7af-65eb-4cf3-a23d-cd5239bd97fe', true, '2026-02-04 02:33:51.962625+00', '2026-02-04 03:32:02.525422+00', 'wonnvqqogl6k', '3362aa6f-4bf8-476b-8ac6-b1f3a839afc2'),
	('00000000-0000-0000-0000-000000000000', 447, 'wsqoo7tjey3f', '127da7af-65eb-4cf3-a23d-cd5239bd97fe', true, '2026-02-01 22:15:00.541062+00', '2026-02-04 03:42:02.054974+00', '6qayuzxclclf', 'ea1425fb-b06e-46e5-bd57-fb1f228a45eb'),
	('00000000-0000-0000-0000-000000000000', 480, 'wti32y4orhjd', '127da7af-65eb-4cf3-a23d-cd5239bd97fe', true, '2026-02-04 03:32:02.526363+00', '2026-02-04 03:53:44.361607+00', 'o3jgvjdh2x4m', '3362aa6f-4bf8-476b-8ac6-b1f3a839afc2'),
	('00000000-0000-0000-0000-000000000000', 817, 'wxpzbqyb6vuf', '2fc4c272-9d94-4482-b98e-bdb8009676b7', true, '2026-02-20 04:05:14.965666+00', '2026-02-20 05:44:57.445692+00', 'wgdlhxxqbr22', '7b796f5b-69a2-4fb7-a56c-6d08ec63f374'),
	('00000000-0000-0000-0000-000000000000', 482, 'hnp46hyu34eh', '127da7af-65eb-4cf3-a23d-cd5239bd97fe', true, '2026-02-04 03:53:44.362457+00', '2026-02-04 03:53:44.441867+00', 'wti32y4orhjd', '3362aa6f-4bf8-476b-8ac6-b1f3a839afc2'),
	('00000000-0000-0000-0000-000000000000', 825, 'dzdjoe7muhoz', '2fc4c272-9d94-4482-b98e-bdb8009676b7', false, '2026-02-21 00:21:14.759423+00', '2026-02-21 00:21:14.759423+00', 'sttfkggguyqc', '7b796f5b-69a2-4fb7-a56c-6d08ec63f374'),
	('00000000-0000-0000-0000-000000000000', 483, 'ukpqcho4zd3y', '127da7af-65eb-4cf3-a23d-cd5239bd97fe', true, '2026-02-04 03:53:44.442289+00', '2026-02-04 03:54:03.730569+00', 'hnp46hyu34eh', '3362aa6f-4bf8-476b-8ac6-b1f3a839afc2'),
	('00000000-0000-0000-0000-000000000000', 936, '5phumjxfytaw', '0a55232c-dd67-4f33-b6f1-7560da7a4b54', true, '2026-02-27 05:42:52.265912+00', '2026-02-27 07:11:06.768692+00', 'va3tcvuwbav4', '9c5230cd-43c5-4a3b-974c-8b14ac2005a7'),
	('00000000-0000-0000-0000-000000000000', 944, '4fgb62uk5xsc', '0a55232c-dd67-4f33-b6f1-7560da7a4b54', false, '2026-02-28 03:27:42.618822+00', '2026-02-28 03:27:42.618822+00', 'ty7moudvm7zv', '9c5230cd-43c5-4a3b-974c-8b14ac2005a7'),
	('00000000-0000-0000-0000-000000000000', 484, 'vm42rwn3shng', '127da7af-65eb-4cf3-a23d-cd5239bd97fe', true, '2026-02-04 03:54:03.73098+00', '2026-02-05 04:31:20.568845+00', 'ukpqcho4zd3y', '3362aa6f-4bf8-476b-8ac6-b1f3a839afc2'),
	('00000000-0000-0000-0000-000000000000', 481, 'qo2jq6r32dlk', '127da7af-65eb-4cf3-a23d-cd5239bd97fe', true, '2026-02-04 03:42:02.056247+00', '2026-02-05 05:29:33.617101+00', 'wsqoo7tjey3f', 'ea1425fb-b06e-46e5-bd57-fb1f228a45eb'),
	('00000000-0000-0000-0000-000000000000', 952, 'mnyn67fnn5e6', '0a55232c-dd67-4f33-b6f1-7560da7a4b54', true, '2026-03-01 07:44:10.910717+00', '2026-03-01 08:42:38.705102+00', 'u2wcb2bplg7z', '5eeca43d-ce14-4e79-adac-61f2249532cb'),
	('00000000-0000-0000-0000-000000000000', 486, '2xazburdgkdn', '127da7af-65eb-4cf3-a23d-cd5239bd97fe', true, '2026-02-05 04:31:20.570591+00', '2026-02-05 05:36:04.499327+00', 'vm42rwn3shng', '3362aa6f-4bf8-476b-8ac6-b1f3a839afc2'),
	('00000000-0000-0000-0000-000000000000', 488, '7uawip5fzfle', '127da7af-65eb-4cf3-a23d-cd5239bd97fe', false, '2026-02-05 05:36:04.501631+00', '2026-02-05 05:36:04.501631+00', '2xazburdgkdn', '3362aa6f-4bf8-476b-8ac6-b1f3a839afc2'),
	('00000000-0000-0000-0000-000000000000', 718, 'qlrf4tos46js', '66a55186-462a-4084-aef0-74bc6b48a937', false, '2026-02-11 23:09:37.018148+00', '2026-02-11 23:09:37.018148+00', NULL, '265289b4-ea8c-4914-b903-238f6cd219a1'),
	('00000000-0000-0000-0000-000000000000', 489, 'x2di6ek3d2xo', '127da7af-65eb-4cf3-a23d-cd5239bd97fe', true, '2026-02-05 05:37:27.944777+00', '2026-02-05 14:43:50.773649+00', NULL, 'a71b2b7c-9953-40d2-bcd7-1b37e3abf828'),
	('00000000-0000-0000-0000-000000000000', 487, '4wmrsrmywx4v', '127da7af-65eb-4cf3-a23d-cd5239bd97fe', true, '2026-02-05 05:29:33.617963+00', '2026-02-05 14:43:50.773792+00', 'qo2jq6r32dlk', 'ea1425fb-b06e-46e5-bd57-fb1f228a45eb'),
	('00000000-0000-0000-0000-000000000000', 726, 'yg4tqe4yybal', 'a6f06ab9-0461-4a2a-a087-395dbde4775e', false, '2026-02-12 03:27:50.803256+00', '2026-02-12 03:27:50.803256+00', 'cu7r56b3jvec', 'e071ce88-9d50-4082-b1ec-1f995be799cf'),
	('00000000-0000-0000-0000-000000000000', 490, 'n33t3avnjpeu', '127da7af-65eb-4cf3-a23d-cd5239bd97fe', true, '2026-02-05 14:43:50.775568+00', '2026-02-05 19:02:32.81031+00', '4wmrsrmywx4v', 'ea1425fb-b06e-46e5-bd57-fb1f228a45eb'),
	('00000000-0000-0000-0000-000000000000', 491, 'stleyyuff2r2', '127da7af-65eb-4cf3-a23d-cd5239bd97fe', true, '2026-02-05 14:43:50.775295+00', '2026-02-05 19:02:32.810432+00', 'x2di6ek3d2xo', 'a71b2b7c-9953-40d2-bcd7-1b37e3abf828'),
	('00000000-0000-0000-0000-000000000000', 957, 'eep3sniier2k', '0a55232c-dd67-4f33-b6f1-7560da7a4b54', true, '2026-03-01 21:17:09.008295+00', '2026-03-01 22:15:38.748801+00', 'dzqdygxhw4in', '5eeca43d-ce14-4e79-adac-61f2249532cb'),
	('00000000-0000-0000-0000-000000000000', 493, 'wijgvtzkafrr', '127da7af-65eb-4cf3-a23d-cd5239bd97fe', true, '2026-02-05 19:02:32.811408+00', '2026-02-05 19:29:10.808797+00', 'stleyyuff2r2', 'a71b2b7c-9953-40d2-bcd7-1b37e3abf828'),
	('00000000-0000-0000-0000-000000000000', 961, 'oalpesxkuj5h', '0a55232c-dd67-4f33-b6f1-7560da7a4b54', true, '2026-03-02 02:21:08.193653+00', '2026-03-02 02:47:26.834748+00', 'r72dfotfmhya', '28008365-ad75-49b9-81a6-5ce49e01a9b3'),
	('00000000-0000-0000-0000-000000000000', 494, 'dh4dwwtjfrkt', '127da7af-65eb-4cf3-a23d-cd5239bd97fe', true, '2026-02-05 19:29:10.810748+00', '2026-02-05 19:29:10.887344+00', 'wijgvtzkafrr', 'a71b2b7c-9953-40d2-bcd7-1b37e3abf828'),
	('00000000-0000-0000-0000-000000000000', 492, 't4nmkywzcal7', '127da7af-65eb-4cf3-a23d-cd5239bd97fe', true, '2026-02-05 19:02:32.811298+00', '2026-02-05 20:00:47.919461+00', 'n33t3avnjpeu', 'ea1425fb-b06e-46e5-bd57-fb1f228a45eb'),
	('00000000-0000-0000-0000-000000000000', 965, 'jr52tkopcqy3', '0a55232c-dd67-4f33-b6f1-7560da7a4b54', true, '2026-03-02 04:26:19.195539+00', '2026-03-02 04:26:49.402422+00', 'psxjeybzxigd', '28008365-ad75-49b9-81a6-5ce49e01a9b3'),
	('00000000-0000-0000-0000-000000000000', 495, '474264fimngm', '127da7af-65eb-4cf3-a23d-cd5239bd97fe', true, '2026-02-05 19:29:10.887789+00', '2026-02-05 20:28:41.906304+00', 'dh4dwwtjfrkt', 'a71b2b7c-9953-40d2-bcd7-1b37e3abf828'),
	('00000000-0000-0000-0000-000000000000', 496, 'nme56zhnxrzz', '127da7af-65eb-4cf3-a23d-cd5239bd97fe', true, '2026-02-05 20:00:47.9203+00', '2026-02-05 20:59:15.827901+00', 't4nmkywzcal7', 'ea1425fb-b06e-46e5-bd57-fb1f228a45eb'),
	('00000000-0000-0000-0000-000000000000', 497, 'jewohdbhpqln', '127da7af-65eb-4cf3-a23d-cd5239bd97fe', true, '2026-02-05 20:28:41.907666+00', '2026-02-05 21:35:03.195622+00', '474264fimngm', 'a71b2b7c-9953-40d2-bcd7-1b37e3abf828'),
	('00000000-0000-0000-0000-000000000000', 764, 'e4lbdne4yyn2', '1932ad24-c7b8-40b7-b636-53e8f3ed0985', false, '2026-02-15 06:33:37.127065+00', '2026-02-15 06:33:37.127065+00', NULL, '7a5cfd0b-695a-4584-a863-57cba4da0ada'),
	('00000000-0000-0000-0000-000000000000', 498, 'wcjdlszsizwu', '127da7af-65eb-4cf3-a23d-cd5239bd97fe', true, '2026-02-05 20:59:15.82871+00', '2026-02-05 21:57:58.331934+00', 'nme56zhnxrzz', 'ea1425fb-b06e-46e5-bd57-fb1f228a45eb'),
	('00000000-0000-0000-0000-000000000000', 970, '3ton4y3bcgvm', '0a55232c-dd67-4f33-b6f1-7560da7a4b54', true, '2026-03-03 02:18:46.328245+00', '2026-03-03 03:16:45.38378+00', 'wpwepkyzghcl', '5eeca43d-ce14-4e79-adac-61f2249532cb'),
	('00000000-0000-0000-0000-000000000000', 766, '5pntfx5kk5ah', 'ddff783e-42bc-4bd1-8408-8e43261127a4', true, '2026-02-15 06:56:39.87632+00', '2026-02-15 20:05:07.867901+00', NULL, '4ed78bc0-5887-49cc-9a66-5e5826545c79'),
	('00000000-0000-0000-0000-000000000000', 499, 'bmjfltnllii3', '127da7af-65eb-4cf3-a23d-cd5239bd97fe', true, '2026-02-05 21:35:03.196436+00', '2026-02-05 22:35:27.34133+00', 'jewohdbhpqln', 'a71b2b7c-9953-40d2-bcd7-1b37e3abf828'),
	('00000000-0000-0000-0000-000000000000', 500, 'fvifu3wsnk4b', '127da7af-65eb-4cf3-a23d-cd5239bd97fe', true, '2026-02-05 21:57:58.332676+00', '2026-02-05 22:56:26.906165+00', 'wcjdlszsizwu', 'ea1425fb-b06e-46e5-bd57-fb1f228a45eb'),
	('00000000-0000-0000-0000-000000000000', 503, 'dueq54w7dokh', '127da7af-65eb-4cf3-a23d-cd5239bd97fe', false, '2026-02-05 22:56:26.906989+00', '2026-02-05 22:56:26.906989+00', 'fvifu3wsnk4b', 'ea1425fb-b06e-46e5-bd57-fb1f228a45eb'),
	('00000000-0000-0000-0000-000000000000', 501, 'a2guwjh63wn3', '127da7af-65eb-4cf3-a23d-cd5239bd97fe', true, '2026-02-05 22:34:30.105105+00', '2026-02-06 02:10:18.824754+00', NULL, '6692b135-d167-4353-9f15-e7e204dc9d4d'),
	('00000000-0000-0000-0000-000000000000', 974, 'lvwgslpfebya', '0a55232c-dd67-4f33-b6f1-7560da7a4b54', true, '2026-03-03 04:00:46.3011+00', '2026-03-03 04:59:00.671247+00', 'qreznreptahw', '5eeca43d-ce14-4e79-adac-61f2249532cb'),
	('00000000-0000-0000-0000-000000000000', 504, 'kirkhzemz2i7', '127da7af-65eb-4cf3-a23d-cd5239bd97fe', true, '2026-02-06 02:10:18.827369+00', '2026-02-07 00:34:49.726798+00', 'a2guwjh63wn3', '6692b135-d167-4353-9f15-e7e204dc9d4d'),
	('00000000-0000-0000-0000-000000000000', 966, 'vhyqg3yrvxmz', '0a55232c-dd67-4f33-b6f1-7560da7a4b54', true, '2026-03-02 04:26:49.402872+00', '2026-03-03 12:24:56.136955+00', 'jr52tkopcqy3', '28008365-ad75-49b9-81a6-5ce49e01a9b3'),
	('00000000-0000-0000-0000-000000000000', 502, 'd4i4z56x2v7b', '127da7af-65eb-4cf3-a23d-cd5239bd97fe', true, '2026-02-05 22:35:27.342046+00', '2026-02-07 00:38:47.919925+00', 'bmjfltnllii3', 'a71b2b7c-9953-40d2-bcd7-1b37e3abf828'),
	('00000000-0000-0000-0000-000000000000', 506, 'zrvscytp2toi', '127da7af-65eb-4cf3-a23d-cd5239bd97fe', true, '2026-02-07 00:38:47.922156+00', '2026-02-07 01:20:10.299846+00', 'd4i4z56x2v7b', 'a71b2b7c-9953-40d2-bcd7-1b37e3abf828'),
	('00000000-0000-0000-0000-000000000000', 978, 'c7iyythzkzw4', '0a55232c-dd67-4f33-b6f1-7560da7a4b54', true, '2026-03-03 15:36:57.005112+00', '2026-03-04 02:43:30.960712+00', 'sjuxfowb3d5w', '28008365-ad75-49b9-81a6-5ce49e01a9b3'),
	('00000000-0000-0000-0000-000000000000', 507, 'p3khw2tnob4i', '127da7af-65eb-4cf3-a23d-cd5239bd97fe', true, '2026-02-07 01:20:10.300652+00', '2026-02-07 01:20:10.442523+00', 'zrvscytp2toi', 'a71b2b7c-9953-40d2-bcd7-1b37e3abf828'),
	('00000000-0000-0000-0000-000000000000', 505, 'gbdrsdsjgegv', '127da7af-65eb-4cf3-a23d-cd5239bd97fe', true, '2026-02-07 00:34:49.736646+00', '2026-02-07 01:33:40.734476+00', 'kirkhzemz2i7', '6692b135-d167-4353-9f15-e7e204dc9d4d'),
	('00000000-0000-0000-0000-000000000000', 509, 'nb5a4bg2iowj', '127da7af-65eb-4cf3-a23d-cd5239bd97fe', false, '2026-02-07 01:33:40.735314+00', '2026-02-07 01:33:40.735314+00', 'gbdrsdsjgegv', '6692b135-d167-4353-9f15-e7e204dc9d4d'),
	('00000000-0000-0000-0000-000000000000', 771, 'qlmv27bej3kz', 'ddff783e-42bc-4bd1-8408-8e43261127a4', true, '2026-02-15 22:01:17.609693+00', '2026-02-16 03:08:52.987227+00', '7dhswtulrt42', '4ed78bc0-5887-49cc-9a66-5e5826545c79'),
	('00000000-0000-0000-0000-000000000000', 775, 'xko724kc44vw', 'ddff783e-42bc-4bd1-8408-8e43261127a4', true, '2026-02-16 03:08:52.98817+00', '2026-02-16 04:06:58.441443+00', 'qlmv27bej3kz', '4ed78bc0-5887-49cc-9a66-5e5826545c79'),
	('00000000-0000-0000-0000-000000000000', 776, 'hiukoiyvd45y', 'ddff783e-42bc-4bd1-8408-8e43261127a4', false, '2026-02-16 04:06:58.442409+00', '2026-02-16 04:06:58.442409+00', 'xko724kc44vw', '4ed78bc0-5887-49cc-9a66-5e5826545c79'),
	('00000000-0000-0000-0000-000000000000', 508, 'phcjt2suked4', '127da7af-65eb-4cf3-a23d-cd5239bd97fe', true, '2026-02-07 01:20:10.443258+00', '2026-02-07 02:54:54.108601+00', 'p3khw2tnob4i', 'a71b2b7c-9953-40d2-bcd7-1b37e3abf828'),
	('00000000-0000-0000-0000-000000000000', 528, 'o6ua6ycz22hl', '127da7af-65eb-4cf3-a23d-cd5239bd97fe', false, '2026-02-07 02:54:54.109436+00', '2026-02-07 02:54:54.109436+00', 'phcjt2suked4', 'a71b2b7c-9953-40d2-bcd7-1b37e3abf828'),
	('00000000-0000-0000-0000-000000000000', 516, 'jpldg6lpfuj6', '127da7af-65eb-4cf3-a23d-cd5239bd97fe', true, '2026-02-07 02:23:36.555914+00', '2026-02-07 03:48:34.04602+00', 'vfk5s5ihe34z', 'fb234fc8-3292-406d-8beb-70d635972f26'),
	('00000000-0000-0000-0000-000000000000', 530, 'k65ewpuz3x2e', '127da7af-65eb-4cf3-a23d-cd5239bd97fe', false, '2026-02-07 03:48:34.047386+00', '2026-02-07 03:48:34.047386+00', 'jpldg6lpfuj6', 'fb234fc8-3292-406d-8beb-70d635972f26'),
	('00000000-0000-0000-0000-000000000000', 562, 'snss77pquyvl', '127da7af-65eb-4cf3-a23d-cd5239bd97fe', true, '2026-02-08 01:57:31.985511+00', '2026-02-08 02:55:52.756703+00', 'wrcq7qshvdhy', '258cbbb9-ce1e-4667-bef9-516e34efc318'),
	('00000000-0000-0000-0000-000000000000', 566, 'tfrof4goyo2t', '8ebe37c2-b2db-4415-ae5d-5ec3d32e4f82', true, '2026-02-08 03:00:28.957203+00', '2026-02-08 03:03:14.415964+00', NULL, '98d6c765-d7c4-4f7c-ae76-a58b7bce63d0'),
	('00000000-0000-0000-0000-000000000000', 818, '2odtv7swo2um', '2fc4c272-9d94-4482-b98e-bdb8009676b7', true, '2026-02-20 05:44:57.446548+00', '2026-02-20 06:59:36.446343+00', 'wxpzbqyb6vuf', '7b796f5b-69a2-4fb7-a56c-6d08ec63f374'),
	('00000000-0000-0000-0000-000000000000', 937, 'wvg7vvra3igw', '0a55232c-dd67-4f33-b6f1-7560da7a4b54', true, '2026-02-27 07:09:53.287007+00', '2026-02-27 16:39:52.588689+00', 'zbtkty5vyj22', 'abea5440-3308-49ba-bffb-6df303752338'),
	('00000000-0000-0000-0000-000000000000', 945, 'zc6tefomqv5s', '0a55232c-dd67-4f33-b6f1-7560da7a4b54', true, '2026-02-28 04:12:53.115249+00', '2026-02-28 05:34:48.111326+00', 'yflgmbyjl2hi', 'abea5440-3308-49ba-bffb-6df303752338'),
	('00000000-0000-0000-0000-000000000000', 567, 'f76lc5czlvbc', '8ebe37c2-b2db-4415-ae5d-5ec3d32e4f82', true, '2026-02-08 03:03:14.416784+00', '2026-02-08 03:03:14.488182+00', 'tfrof4goyo2t', '98d6c765-d7c4-4f7c-ae76-a58b7bce63d0'),
	('00000000-0000-0000-0000-000000000000', 535, 'kcf5qxoyvzg5', '127da7af-65eb-4cf3-a23d-cd5239bd97fe', true, '2026-02-08 00:59:32.415259+00', '2026-02-08 00:59:40.182952+00', NULL, 'e7745291-411b-46b7-9c79-888bababdc0b'),
	('00000000-0000-0000-0000-000000000000', 708, 'yj3rewuemnvj', '127da7af-65eb-4cf3-a23d-cd5239bd97fe', true, '2026-02-11 20:52:04.541035+00', '2026-02-11 20:52:22.291716+00', NULL, '89a19822-73cc-4e93-92a7-a59bb83674c8'),
	('00000000-0000-0000-0000-000000000000', 536, 'tgsul3ev57wi', '127da7af-65eb-4cf3-a23d-cd5239bd97fe', true, '2026-02-08 00:59:40.1837+00', '2026-02-08 00:59:40.25259+00', 'kcf5qxoyvzg5', 'e7745291-411b-46b7-9c79-888bababdc0b'),
	('00000000-0000-0000-0000-000000000000', 568, 'zew4e6qeowb6', '8ebe37c2-b2db-4415-ae5d-5ec3d32e4f82', true, '2026-02-08 03:03:14.488562+00', '2026-02-08 03:25:03.809883+00', 'f76lc5czlvbc', '98d6c765-d7c4-4f7c-ae76-a58b7bce63d0'),
	('00000000-0000-0000-0000-000000000000', 537, 'n4qeq67ow7ds', '127da7af-65eb-4cf3-a23d-cd5239bd97fe', true, '2026-02-08 00:59:40.253926+00', '2026-02-08 01:07:36.108737+00', 'tgsul3ev57wi', 'e7745291-411b-46b7-9c79-888bababdc0b'),
	('00000000-0000-0000-0000-000000000000', 538, '6bempjaziixt', '127da7af-65eb-4cf3-a23d-cd5239bd97fe', true, '2026-02-08 01:07:36.109734+00', '2026-02-08 01:07:36.238918+00', 'n4qeq67ow7ds', 'e7745291-411b-46b7-9c79-888bababdc0b'),
	('00000000-0000-0000-0000-000000000000', 569, 'ro6wm2diig2b', '8ebe37c2-b2db-4415-ae5d-5ec3d32e4f82', true, '2026-02-08 03:25:03.810773+00', '2026-02-08 03:25:51.534537+00', 'zew4e6qeowb6', '98d6c765-d7c4-4f7c-ae76-a58b7bce63d0'),
	('00000000-0000-0000-0000-000000000000', 539, 'hfnwdrnvdul2', '127da7af-65eb-4cf3-a23d-cd5239bd97fe', true, '2026-02-08 01:07:36.240106+00', '2026-02-08 01:09:45.891526+00', '6bempjaziixt', 'e7745291-411b-46b7-9c79-888bababdc0b'),
	('00000000-0000-0000-0000-000000000000', 540, 'x43dniya2o67', '127da7af-65eb-4cf3-a23d-cd5239bd97fe', true, '2026-02-08 01:09:45.892498+00', '2026-02-08 01:09:45.963328+00', 'hfnwdrnvdul2', 'e7745291-411b-46b7-9c79-888bababdc0b'),
	('00000000-0000-0000-0000-000000000000', 570, 'vthpjd5hxzi2', '8ebe37c2-b2db-4415-ae5d-5ec3d32e4f82', true, '2026-02-08 03:25:51.535024+00', '2026-02-08 03:25:51.601255+00', 'ro6wm2diig2b', '98d6c765-d7c4-4f7c-ae76-a58b7bce63d0'),
	('00000000-0000-0000-0000-000000000000', 541, 'gmqrr7cpz3tu', '127da7af-65eb-4cf3-a23d-cd5239bd97fe', true, '2026-02-08 01:09:45.963724+00', '2026-02-08 01:10:27.519652+00', 'x43dniya2o67', 'e7745291-411b-46b7-9c79-888bababdc0b'),
	('00000000-0000-0000-0000-000000000000', 542, 'sbqaov5w77sv', '127da7af-65eb-4cf3-a23d-cd5239bd97fe', true, '2026-02-08 01:10:27.520518+00', '2026-02-08 01:10:27.59233+00', 'gmqrr7cpz3tu', 'e7745291-411b-46b7-9c79-888bababdc0b'),
	('00000000-0000-0000-0000-000000000000', 571, 'xhzr3hfdzno2', '8ebe37c2-b2db-4415-ae5d-5ec3d32e4f82', true, '2026-02-08 03:25:51.60161+00', '2026-02-08 03:36:48.819239+00', 'vthpjd5hxzi2', '98d6c765-d7c4-4f7c-ae76-a58b7bce63d0'),
	('00000000-0000-0000-0000-000000000000', 543, 'shaqw7qgeezv', '127da7af-65eb-4cf3-a23d-cd5239bd97fe', true, '2026-02-08 01:10:27.592789+00', '2026-02-08 01:17:37.661996+00', 'sbqaov5w77sv', 'e7745291-411b-46b7-9c79-888bababdc0b'),
	('00000000-0000-0000-0000-000000000000', 544, 'obf6ke56vk25', '127da7af-65eb-4cf3-a23d-cd5239bd97fe', true, '2026-02-08 01:17:37.662828+00', '2026-02-08 01:17:37.738429+00', 'shaqw7qgeezv', 'e7745291-411b-46b7-9c79-888bababdc0b'),
	('00000000-0000-0000-0000-000000000000', 572, 'gz4ud4r6d5yw', '8ebe37c2-b2db-4415-ae5d-5ec3d32e4f82', true, '2026-02-08 03:36:48.820104+00', '2026-02-08 03:36:48.908639+00', 'xhzr3hfdzno2', '98d6c765-d7c4-4f7c-ae76-a58b7bce63d0'),
	('00000000-0000-0000-0000-000000000000', 545, 'imbeqa4v2hrm', '127da7af-65eb-4cf3-a23d-cd5239bd97fe', true, '2026-02-08 01:17:37.738938+00', '2026-02-08 01:18:32.056388+00', 'obf6ke56vk25', 'e7745291-411b-46b7-9c79-888bababdc0b'),
	('00000000-0000-0000-0000-000000000000', 546, '6r2itme36vua', '127da7af-65eb-4cf3-a23d-cd5239bd97fe', true, '2026-02-08 01:18:32.05687+00', '2026-02-08 01:18:32.124899+00', 'imbeqa4v2hrm', 'e7745291-411b-46b7-9c79-888bababdc0b'),
	('00000000-0000-0000-0000-000000000000', 573, 'hdqpam7ak4st', '8ebe37c2-b2db-4415-ae5d-5ec3d32e4f82', true, '2026-02-08 03:36:48.909048+00', '2026-02-08 03:42:12.422635+00', 'gz4ud4r6d5yw', '98d6c765-d7c4-4f7c-ae76-a58b7bce63d0'),
	('00000000-0000-0000-0000-000000000000', 547, '54nxveharuip', '127da7af-65eb-4cf3-a23d-cd5239bd97fe', true, '2026-02-08 01:18:32.125313+00', '2026-02-08 01:20:49.118724+00', '6r2itme36vua', 'e7745291-411b-46b7-9c79-888bababdc0b'),
	('00000000-0000-0000-0000-000000000000', 548, '4l2a5mmnhewn', '127da7af-65eb-4cf3-a23d-cd5239bd97fe', true, '2026-02-08 01:20:49.119608+00', '2026-02-08 01:20:49.20115+00', '54nxveharuip', 'e7745291-411b-46b7-9c79-888bababdc0b'),
	('00000000-0000-0000-0000-000000000000', 574, 'ext62undaom2', '8ebe37c2-b2db-4415-ae5d-5ec3d32e4f82', true, '2026-02-08 03:42:12.423509+00', '2026-02-08 03:42:12.488867+00', 'hdqpam7ak4st', '98d6c765-d7c4-4f7c-ae76-a58b7bce63d0'),
	('00000000-0000-0000-0000-000000000000', 549, 'ulbnmi2jrvf7', '127da7af-65eb-4cf3-a23d-cd5239bd97fe', true, '2026-02-08 01:20:49.201546+00', '2026-02-08 01:21:57.703074+00', '4l2a5mmnhewn', 'e7745291-411b-46b7-9c79-888bababdc0b'),
	('00000000-0000-0000-0000-000000000000', 550, 'wbjm3kkvtd65', '127da7af-65eb-4cf3-a23d-cd5239bd97fe', true, '2026-02-08 01:21:57.703865+00', '2026-02-08 01:25:41.419336+00', 'ulbnmi2jrvf7', 'e7745291-411b-46b7-9c79-888bababdc0b'),
	('00000000-0000-0000-0000-000000000000', 575, 'gw3fikduxo5t', '8ebe37c2-b2db-4415-ae5d-5ec3d32e4f82', true, '2026-02-08 03:42:12.489256+00', '2026-02-08 03:43:43.242382+00', 'ext62undaom2', '98d6c765-d7c4-4f7c-ae76-a58b7bce63d0'),
	('00000000-0000-0000-0000-000000000000', 551, 'hwyvqbhzdfbc', '127da7af-65eb-4cf3-a23d-cd5239bd97fe', true, '2026-02-08 01:25:41.420306+00', '2026-02-08 01:25:41.488181+00', 'wbjm3kkvtd65', 'e7745291-411b-46b7-9c79-888bababdc0b'),
	('00000000-0000-0000-0000-000000000000', 552, 'zm2i6tb4qlcd', '127da7af-65eb-4cf3-a23d-cd5239bd97fe', true, '2026-02-08 01:25:41.488714+00', '2026-02-08 01:26:33.489211+00', 'hwyvqbhzdfbc', 'e7745291-411b-46b7-9c79-888bababdc0b'),
	('00000000-0000-0000-0000-000000000000', 576, 'kqkfjwj6dnoz', '8ebe37c2-b2db-4415-ae5d-5ec3d32e4f82', true, '2026-02-08 03:43:43.242832+00', '2026-02-08 03:43:43.314513+00', 'gw3fikduxo5t', '98d6c765-d7c4-4f7c-ae76-a58b7bce63d0'),
	('00000000-0000-0000-0000-000000000000', 553, 'mvpemwlgvql4', '127da7af-65eb-4cf3-a23d-cd5239bd97fe', true, '2026-02-08 01:26:33.489663+00', '2026-02-08 01:26:33.565335+00', 'zm2i6tb4qlcd', 'e7745291-411b-46b7-9c79-888bababdc0b'),
	('00000000-0000-0000-0000-000000000000', 554, 'ksrvflmayxgp', '127da7af-65eb-4cf3-a23d-cd5239bd97fe', true, '2026-02-08 01:26:33.565914+00', '2026-02-08 01:28:43.622541+00', 'mvpemwlgvql4', 'e7745291-411b-46b7-9c79-888bababdc0b'),
	('00000000-0000-0000-0000-000000000000', 577, 'rmde65yourpq', '8ebe37c2-b2db-4415-ae5d-5ec3d32e4f82', true, '2026-02-08 03:43:43.314919+00', '2026-02-08 03:44:14.405451+00', 'kqkfjwj6dnoz', '98d6c765-d7c4-4f7c-ae76-a58b7bce63d0'),
	('00000000-0000-0000-0000-000000000000', 555, 'ybxefvs3csbo', '127da7af-65eb-4cf3-a23d-cd5239bd97fe', true, '2026-02-08 01:28:43.623439+00', '2026-02-08 01:28:43.686786+00', 'ksrvflmayxgp', 'e7745291-411b-46b7-9c79-888bababdc0b'),
	('00000000-0000-0000-0000-000000000000', 556, 'mltmdixeau2l', '127da7af-65eb-4cf3-a23d-cd5239bd97fe', false, '2026-02-08 01:28:43.6872+00', '2026-02-08 01:28:43.6872+00', 'ybxefvs3csbo', 'e7745291-411b-46b7-9c79-888bababdc0b'),
	('00000000-0000-0000-0000-000000000000', 557, 'ln3kxbwwmodf', '127da7af-65eb-4cf3-a23d-cd5239bd97fe', true, '2026-02-08 01:53:25.279868+00', '2026-02-08 01:55:12.88515+00', NULL, '258cbbb9-ce1e-4667-bef9-516e34efc318'),
	('00000000-0000-0000-0000-000000000000', 578, 'oamc53o3edyc', '8ebe37c2-b2db-4415-ae5d-5ec3d32e4f82', true, '2026-02-08 03:44:14.405834+00', '2026-02-08 03:44:14.472584+00', 'rmde65yourpq', '98d6c765-d7c4-4f7c-ae76-a58b7bce63d0'),
	('00000000-0000-0000-0000-000000000000', 558, 'h2xeh5sswjdu', '127da7af-65eb-4cf3-a23d-cd5239bd97fe', true, '2026-02-08 01:55:12.886087+00', '2026-02-08 01:55:12.960937+00', 'ln3kxbwwmodf', '258cbbb9-ce1e-4667-bef9-516e34efc318'),
	('00000000-0000-0000-0000-000000000000', 559, 'tyfno6vlsbga', '127da7af-65eb-4cf3-a23d-cd5239bd97fe', true, '2026-02-08 01:55:12.962013+00', '2026-02-08 01:56:21.590563+00', 'h2xeh5sswjdu', '258cbbb9-ce1e-4667-bef9-516e34efc318'),
	('00000000-0000-0000-0000-000000000000', 579, 'on622teattjr', '8ebe37c2-b2db-4415-ae5d-5ec3d32e4f82', true, '2026-02-08 03:44:14.473039+00', '2026-02-08 03:52:39.271457+00', 'oamc53o3edyc', '98d6c765-d7c4-4f7c-ae76-a58b7bce63d0'),
	('00000000-0000-0000-0000-000000000000', 560, 'ykbgdssdp4j4', '127da7af-65eb-4cf3-a23d-cd5239bd97fe', true, '2026-02-08 01:56:21.591355+00', '2026-02-08 01:57:31.910586+00', 'tyfno6vlsbga', '258cbbb9-ce1e-4667-bef9-516e34efc318'),
	('00000000-0000-0000-0000-000000000000', 561, 'wrcq7qshvdhy', '127da7af-65eb-4cf3-a23d-cd5239bd97fe', true, '2026-02-08 01:57:31.911484+00', '2026-02-08 01:57:31.985129+00', 'ykbgdssdp4j4', '258cbbb9-ce1e-4667-bef9-516e34efc318'),
	('00000000-0000-0000-0000-000000000000', 580, 'golqzkj62nvl', '8ebe37c2-b2db-4415-ae5d-5ec3d32e4f82', true, '2026-02-08 03:52:39.272339+00', '2026-02-08 03:52:39.346301+00', 'on622teattjr', '98d6c765-d7c4-4f7c-ae76-a58b7bce63d0'),
	('00000000-0000-0000-0000-000000000000', 581, 'sdeu2nkpzgti', '8ebe37c2-b2db-4415-ae5d-5ec3d32e4f82', true, '2026-02-08 03:52:39.346761+00', '2026-02-08 03:56:00.330634+00', 'golqzkj62nvl', '98d6c765-d7c4-4f7c-ae76-a58b7bce63d0'),
	('00000000-0000-0000-0000-000000000000', 582, 'ec2zon2iwn5w', '8ebe37c2-b2db-4415-ae5d-5ec3d32e4f82', true, '2026-02-08 03:56:00.331755+00', '2026-02-08 03:56:00.42419+00', 'sdeu2nkpzgti', '98d6c765-d7c4-4f7c-ae76-a58b7bce63d0'),
	('00000000-0000-0000-0000-000000000000', 583, 'ab7bwkibxcjy', '8ebe37c2-b2db-4415-ae5d-5ec3d32e4f82', true, '2026-02-08 03:56:00.425926+00', '2026-02-08 03:56:47.718934+00', 'ec2zon2iwn5w', '98d6c765-d7c4-4f7c-ae76-a58b7bce63d0'),
	('00000000-0000-0000-0000-000000000000', 584, 'bv4fvedjkxzs', '8ebe37c2-b2db-4415-ae5d-5ec3d32e4f82', true, '2026-02-08 03:56:47.719336+00', '2026-02-08 03:56:47.786306+00', 'ab7bwkibxcjy', '98d6c765-d7c4-4f7c-ae76-a58b7bce63d0'),
	('00000000-0000-0000-0000-000000000000', 585, '4xgimdzvfzc2', '8ebe37c2-b2db-4415-ae5d-5ec3d32e4f82', true, '2026-02-08 03:56:47.786701+00', '2026-02-08 05:12:22.935371+00', 'bv4fvedjkxzs', '98d6c765-d7c4-4f7c-ae76-a58b7bce63d0'),
	('00000000-0000-0000-0000-000000000000', 701, 'usgfblhi57of', '9df383ed-d2d3-4639-91e8-702cbd3792d6', false, '2026-02-11 03:52:54.377847+00', '2026-02-11 03:52:54.377847+00', NULL, 'd42360fa-a6ec-491c-8def-abe23c3161c6'),
	('00000000-0000-0000-0000-000000000000', 586, 'wwzgcf7wmja3', '8ebe37c2-b2db-4415-ae5d-5ec3d32e4f82', true, '2026-02-08 05:12:22.936283+00', '2026-02-08 05:27:36.377576+00', '4xgimdzvfzc2', '98d6c765-d7c4-4f7c-ae76-a58b7bce63d0'),
	('00000000-0000-0000-0000-000000000000', 587, 'vxtu67eh5ycy', '8ebe37c2-b2db-4415-ae5d-5ec3d32e4f82', true, '2026-02-08 05:27:36.378419+00', '2026-02-08 05:27:36.459294+00', 'wwzgcf7wmja3', '98d6c765-d7c4-4f7c-ae76-a58b7bce63d0'),
	('00000000-0000-0000-0000-000000000000', 588, 'fnu374dxjoqe', '8ebe37c2-b2db-4415-ae5d-5ec3d32e4f82', true, '2026-02-08 05:27:36.459711+00', '2026-02-08 05:27:55.926626+00', 'vxtu67eh5ycy', '98d6c765-d7c4-4f7c-ae76-a58b7bce63d0'),
	('00000000-0000-0000-0000-000000000000', 589, 'ikr73oly6nql', '8ebe37c2-b2db-4415-ae5d-5ec3d32e4f82', true, '2026-02-08 05:27:55.927026+00', '2026-02-08 05:27:55.995038+00', 'fnu374dxjoqe', '98d6c765-d7c4-4f7c-ae76-a58b7bce63d0'),
	('00000000-0000-0000-0000-000000000000', 590, 'tqnppd6xhwrb', '8ebe37c2-b2db-4415-ae5d-5ec3d32e4f82', true, '2026-02-08 05:27:55.995446+00', '2026-02-08 05:29:19.318846+00', 'ikr73oly6nql', '98d6c765-d7c4-4f7c-ae76-a58b7bce63d0'),
	('00000000-0000-0000-0000-000000000000', 591, 'iyukvxf7co2l', '8ebe37c2-b2db-4415-ae5d-5ec3d32e4f82', true, '2026-02-08 05:29:19.319362+00', '2026-02-08 05:29:19.39055+00', 'tqnppd6xhwrb', '98d6c765-d7c4-4f7c-ae76-a58b7bce63d0'),
	('00000000-0000-0000-0000-000000000000', 592, 'ekj5nwwavyh6', '8ebe37c2-b2db-4415-ae5d-5ec3d32e4f82', true, '2026-02-08 05:29:19.391018+00', '2026-02-08 05:40:22.106507+00', 'iyukvxf7co2l', '98d6c765-d7c4-4f7c-ae76-a58b7bce63d0'),
	('00000000-0000-0000-0000-000000000000', 593, 'god5og6w5ief', '8ebe37c2-b2db-4415-ae5d-5ec3d32e4f82', true, '2026-02-08 05:40:22.107422+00', '2026-02-08 05:59:55.960398+00', 'ekj5nwwavyh6', '98d6c765-d7c4-4f7c-ae76-a58b7bce63d0'),
	('00000000-0000-0000-0000-000000000000', 594, 'jvv3rpu4w7vz', '8ebe37c2-b2db-4415-ae5d-5ec3d32e4f82', true, '2026-02-08 05:59:55.961749+00', '2026-02-08 06:00:40.952179+00', 'god5og6w5ief', '98d6c765-d7c4-4f7c-ae76-a58b7bce63d0'),
	('00000000-0000-0000-0000-000000000000', 595, '5xprec4dgh4m', '8ebe37c2-b2db-4415-ae5d-5ec3d32e4f82', true, '2026-02-08 06:00:40.953236+00', '2026-02-08 06:01:35.475968+00', 'jvv3rpu4w7vz', '98d6c765-d7c4-4f7c-ae76-a58b7bce63d0'),
	('00000000-0000-0000-0000-000000000000', 596, 'i63x5mqugioa', '8ebe37c2-b2db-4415-ae5d-5ec3d32e4f82', true, '2026-02-08 06:01:35.476356+00', '2026-02-08 06:02:35.038417+00', '5xprec4dgh4m', '98d6c765-d7c4-4f7c-ae76-a58b7bce63d0'),
	('00000000-0000-0000-0000-000000000000', 597, 'kkvhsyhfyerb', '8ebe37c2-b2db-4415-ae5d-5ec3d32e4f82', true, '2026-02-08 06:02:35.038974+00', '2026-02-08 06:02:55.526937+00', 'i63x5mqugioa', '98d6c765-d7c4-4f7c-ae76-a58b7bce63d0'),
	('00000000-0000-0000-0000-000000000000', 598, 'aqn2qdh45gdo', '8ebe37c2-b2db-4415-ae5d-5ec3d32e4f82', true, '2026-02-08 06:02:55.527332+00', '2026-02-08 06:06:04.096308+00', 'kkvhsyhfyerb', '98d6c765-d7c4-4f7c-ae76-a58b7bce63d0'),
	('00000000-0000-0000-0000-000000000000', 599, 'yaeydo4aytcp', '8ebe37c2-b2db-4415-ae5d-5ec3d32e4f82', true, '2026-02-08 06:06:04.097259+00', '2026-02-08 06:06:04.160884+00', 'aqn2qdh45gdo', '98d6c765-d7c4-4f7c-ae76-a58b7bce63d0'),
	('00000000-0000-0000-0000-000000000000', 600, '24ta7tthryym', '8ebe37c2-b2db-4415-ae5d-5ec3d32e4f82', true, '2026-02-08 06:06:04.16137+00', '2026-02-08 06:06:08.659354+00', 'yaeydo4aytcp', '98d6c765-d7c4-4f7c-ae76-a58b7bce63d0'),
	('00000000-0000-0000-0000-000000000000', 601, 'lmkaym6p6nab', '8ebe37c2-b2db-4415-ae5d-5ec3d32e4f82', true, '2026-02-08 06:06:08.659784+00', '2026-02-08 06:06:20.516944+00', '24ta7tthryym', '98d6c765-d7c4-4f7c-ae76-a58b7bce63d0'),
	('00000000-0000-0000-0000-000000000000', 602, 'nwxkkggf3d7g', '8ebe37c2-b2db-4415-ae5d-5ec3d32e4f82', true, '2026-02-08 06:06:20.517372+00', '2026-02-08 06:08:22.290693+00', 'lmkaym6p6nab', '98d6c765-d7c4-4f7c-ae76-a58b7bce63d0'),
	('00000000-0000-0000-0000-000000000000', 603, 'b5zeuvv32g6z', '8ebe37c2-b2db-4415-ae5d-5ec3d32e4f82', true, '2026-02-08 06:08:22.291504+00', '2026-02-08 06:09:00.090049+00', 'nwxkkggf3d7g', '98d6c765-d7c4-4f7c-ae76-a58b7bce63d0'),
	('00000000-0000-0000-0000-000000000000', 604, 'bhzsa747qmwv', '8ebe37c2-b2db-4415-ae5d-5ec3d32e4f82', true, '2026-02-08 06:09:00.091878+00', '2026-02-08 06:10:10.481273+00', 'b5zeuvv32g6z', '98d6c765-d7c4-4f7c-ae76-a58b7bce63d0'),
	('00000000-0000-0000-0000-000000000000', 605, 'iyhvrbuejht3', '8ebe37c2-b2db-4415-ae5d-5ec3d32e4f82', true, '2026-02-08 06:10:10.482131+00', '2026-02-08 06:10:15.7908+00', 'bhzsa747qmwv', '98d6c765-d7c4-4f7c-ae76-a58b7bce63d0'),
	('00000000-0000-0000-0000-000000000000', 606, 'kh3xcx6z7syk', '8ebe37c2-b2db-4415-ae5d-5ec3d32e4f82', true, '2026-02-08 06:10:15.791564+00', '2026-02-08 06:10:40.219003+00', 'iyhvrbuejht3', '98d6c765-d7c4-4f7c-ae76-a58b7bce63d0'),
	('00000000-0000-0000-0000-000000000000', 607, 'elu27nxrze5v', '8ebe37c2-b2db-4415-ae5d-5ec3d32e4f82', true, '2026-02-08 06:10:40.219448+00', '2026-02-08 06:10:48.402545+00', 'kh3xcx6z7syk', '98d6c765-d7c4-4f7c-ae76-a58b7bce63d0'),
	('00000000-0000-0000-0000-000000000000', 608, 'hoe7ggq44nfh', '8ebe37c2-b2db-4415-ae5d-5ec3d32e4f82', true, '2026-02-08 06:10:48.402995+00', '2026-02-08 06:17:23.23278+00', 'elu27nxrze5v', '98d6c765-d7c4-4f7c-ae76-a58b7bce63d0'),
	('00000000-0000-0000-0000-000000000000', 609, 'ppp6f7qo3cvw', '8ebe37c2-b2db-4415-ae5d-5ec3d32e4f82', true, '2026-02-08 06:17:23.23382+00', '2026-02-08 06:17:23.318469+00', 'hoe7ggq44nfh', '98d6c765-d7c4-4f7c-ae76-a58b7bce63d0'),
	('00000000-0000-0000-0000-000000000000', 610, 'form2bsdw2nw', '8ebe37c2-b2db-4415-ae5d-5ec3d32e4f82', true, '2026-02-08 06:17:23.319033+00', '2026-02-08 06:17:28.015558+00', 'ppp6f7qo3cvw', '98d6c765-d7c4-4f7c-ae76-a58b7bce63d0'),
	('00000000-0000-0000-0000-000000000000', 611, 'gsn5uvkipvf2', '8ebe37c2-b2db-4415-ae5d-5ec3d32e4f82', true, '2026-02-08 06:17:28.016146+00', '2026-02-08 06:17:32.741138+00', 'form2bsdw2nw', '98d6c765-d7c4-4f7c-ae76-a58b7bce63d0'),
	('00000000-0000-0000-0000-000000000000', 612, 'phpe6acfe5ag', '8ebe37c2-b2db-4415-ae5d-5ec3d32e4f82', true, '2026-02-08 06:17:32.741579+00', '2026-02-08 06:17:37.998514+00', 'gsn5uvkipvf2', '98d6c765-d7c4-4f7c-ae76-a58b7bce63d0'),
	('00000000-0000-0000-0000-000000000000', 613, 'xjplurm2c74g', '8ebe37c2-b2db-4415-ae5d-5ec3d32e4f82', true, '2026-02-08 06:17:37.999459+00', '2026-02-08 06:17:41.343961+00', 'phpe6acfe5ag', '98d6c765-d7c4-4f7c-ae76-a58b7bce63d0'),
	('00000000-0000-0000-0000-000000000000', 614, 'ki4ec55go2wv', '8ebe37c2-b2db-4415-ae5d-5ec3d32e4f82', true, '2026-02-08 06:17:41.344701+00', '2026-02-08 06:17:41.424988+00', 'xjplurm2c74g', '98d6c765-d7c4-4f7c-ae76-a58b7bce63d0'),
	('00000000-0000-0000-0000-000000000000', 615, '53hytj6e7zun', '8ebe37c2-b2db-4415-ae5d-5ec3d32e4f82', true, '2026-02-08 06:17:41.425301+00', '2026-02-08 06:17:46.583951+00', 'ki4ec55go2wv', '98d6c765-d7c4-4f7c-ae76-a58b7bce63d0'),
	('00000000-0000-0000-0000-000000000000', 616, 'db74dl5lpdtu', '8ebe37c2-b2db-4415-ae5d-5ec3d32e4f82', true, '2026-02-08 06:17:46.585218+00', '2026-02-08 06:17:46.647928+00', '53hytj6e7zun', '98d6c765-d7c4-4f7c-ae76-a58b7bce63d0'),
	('00000000-0000-0000-0000-000000000000', 617, 'p7innr3woxqx', '8ebe37c2-b2db-4415-ae5d-5ec3d32e4f82', true, '2026-02-08 06:17:46.648281+00', '2026-02-08 06:17:54.804051+00', 'db74dl5lpdtu', '98d6c765-d7c4-4f7c-ae76-a58b7bce63d0'),
	('00000000-0000-0000-0000-000000000000', 618, 'spujbszf4mbc', '8ebe37c2-b2db-4415-ae5d-5ec3d32e4f82', true, '2026-02-08 06:17:54.804451+00', '2026-02-08 19:01:23.736537+00', 'p7innr3woxqx', '98d6c765-d7c4-4f7c-ae76-a58b7bce63d0'),
	('00000000-0000-0000-0000-000000000000', 619, 'erjihy3r2gux', '8ebe37c2-b2db-4415-ae5d-5ec3d32e4f82', true, '2026-02-08 19:01:23.741955+00', '2026-02-08 19:03:02.667399+00', 'spujbszf4mbc', '98d6c765-d7c4-4f7c-ae76-a58b7bce63d0'),
	('00000000-0000-0000-0000-000000000000', 620, 'djejig5cn6vs', '8ebe37c2-b2db-4415-ae5d-5ec3d32e4f82', true, '2026-02-08 19:03:02.66863+00', '2026-02-08 19:04:22.278094+00', 'erjihy3r2gux', '98d6c765-d7c4-4f7c-ae76-a58b7bce63d0'),
	('00000000-0000-0000-0000-000000000000', 621, 'cmmufejynmnq', '8ebe37c2-b2db-4415-ae5d-5ec3d32e4f82', true, '2026-02-08 19:04:22.278502+00', '2026-02-08 19:04:22.416547+00', 'djejig5cn6vs', '98d6c765-d7c4-4f7c-ae76-a58b7bce63d0'),
	('00000000-0000-0000-0000-000000000000', 622, 'fkatsdjp3yni', '8ebe37c2-b2db-4415-ae5d-5ec3d32e4f82', true, '2026-02-08 19:04:22.416961+00', '2026-02-08 20:06:26.415481+00', 'cmmufejynmnq', '98d6c765-d7c4-4f7c-ae76-a58b7bce63d0'),
	('00000000-0000-0000-0000-000000000000', 623, '46kmrf5wevgm', '8ebe37c2-b2db-4415-ae5d-5ec3d32e4f82', true, '2026-02-08 20:06:26.416315+00', '2026-02-08 20:08:43.995278+00', 'fkatsdjp3yni', '98d6c765-d7c4-4f7c-ae76-a58b7bce63d0'),
	('00000000-0000-0000-0000-000000000000', 624, '3fvn37kj73zv', '8ebe37c2-b2db-4415-ae5d-5ec3d32e4f82', true, '2026-02-08 20:08:43.996095+00', '2026-02-08 20:08:44.06114+00', '46kmrf5wevgm', '98d6c765-d7c4-4f7c-ae76-a58b7bce63d0'),
	('00000000-0000-0000-0000-000000000000', 625, '57vte36qatf2', '8ebe37c2-b2db-4415-ae5d-5ec3d32e4f82', true, '2026-02-08 20:08:44.06166+00', '2026-02-08 20:42:13.736243+00', '3fvn37kj73zv', '98d6c765-d7c4-4f7c-ae76-a58b7bce63d0'),
	('00000000-0000-0000-0000-000000000000', 626, 'aip32zuvwroi', '8ebe37c2-b2db-4415-ae5d-5ec3d32e4f82', true, '2026-02-08 20:42:13.737272+00', '2026-02-08 20:42:13.814501+00', '57vte36qatf2', '98d6c765-d7c4-4f7c-ae76-a58b7bce63d0'),
	('00000000-0000-0000-0000-000000000000', 627, 'nrraonxo26wj', '8ebe37c2-b2db-4415-ae5d-5ec3d32e4f82', true, '2026-02-08 20:42:13.815174+00', '2026-02-08 20:47:53.190322+00', 'aip32zuvwroi', '98d6c765-d7c4-4f7c-ae76-a58b7bce63d0'),
	('00000000-0000-0000-0000-000000000000', 628, 'ldfouzpgd7a6', '8ebe37c2-b2db-4415-ae5d-5ec3d32e4f82', true, '2026-02-08 20:47:53.191131+00', '2026-02-08 20:47:53.271166+00', 'nrraonxo26wj', '98d6c765-d7c4-4f7c-ae76-a58b7bce63d0'),
	('00000000-0000-0000-0000-000000000000', 629, 'kayonn5prspu', '8ebe37c2-b2db-4415-ae5d-5ec3d32e4f82', true, '2026-02-08 20:47:53.2716+00', '2026-02-08 21:17:08.96498+00', 'ldfouzpgd7a6', '98d6c765-d7c4-4f7c-ae76-a58b7bce63d0'),
	('00000000-0000-0000-0000-000000000000', 630, 'z3pp7ilfwlib', '8ebe37c2-b2db-4415-ae5d-5ec3d32e4f82', true, '2026-02-08 21:17:08.965858+00', '2026-02-08 21:17:09.045324+00', 'kayonn5prspu', '98d6c765-d7c4-4f7c-ae76-a58b7bce63d0'),
	('00000000-0000-0000-0000-000000000000', 631, 'sm5hux4gwknk', '8ebe37c2-b2db-4415-ae5d-5ec3d32e4f82', true, '2026-02-08 21:17:09.046311+00', '2026-02-08 22:18:36.84769+00', 'z3pp7ilfwlib', '98d6c765-d7c4-4f7c-ae76-a58b7bce63d0'),
	('00000000-0000-0000-0000-000000000000', 632, '76a4zhwqpusd', '8ebe37c2-b2db-4415-ae5d-5ec3d32e4f82', true, '2026-02-08 22:18:36.84864+00', '2026-02-08 22:22:43.106203+00', 'sm5hux4gwknk', '98d6c765-d7c4-4f7c-ae76-a58b7bce63d0'),
	('00000000-0000-0000-0000-000000000000', 633, '6ksqldramvgt', '8ebe37c2-b2db-4415-ae5d-5ec3d32e4f82', true, '2026-02-08 22:22:43.106981+00', '2026-02-08 22:22:43.184984+00', '76a4zhwqpusd', '98d6c765-d7c4-4f7c-ae76-a58b7bce63d0'),
	('00000000-0000-0000-0000-000000000000', 634, 'i76wgs7mlsgg', '8ebe37c2-b2db-4415-ae5d-5ec3d32e4f82', true, '2026-02-08 22:22:43.185433+00', '2026-02-08 22:33:27.244257+00', '6ksqldramvgt', '98d6c765-d7c4-4f7c-ae76-a58b7bce63d0'),
	('00000000-0000-0000-0000-000000000000', 635, 'tqxqenq4draj', '8ebe37c2-b2db-4415-ae5d-5ec3d32e4f82', true, '2026-02-08 22:33:27.2452+00', '2026-02-08 22:33:27.314213+00', 'i76wgs7mlsgg', '98d6c765-d7c4-4f7c-ae76-a58b7bce63d0'),
	('00000000-0000-0000-0000-000000000000', 819, 'enkbmhl5owfw', '2fc4c272-9d94-4482-b98e-bdb8009676b7', true, '2026-02-20 06:59:36.455902+00', '2026-02-20 15:00:57.007797+00', '2odtv7swo2um', '7b796f5b-69a2-4fb7-a56c-6d08ec63f374'),
	('00000000-0000-0000-0000-000000000000', 636, 'bfevliqnkvye', '8ebe37c2-b2db-4415-ae5d-5ec3d32e4f82', true, '2026-02-08 22:33:27.314638+00', '2026-02-08 22:33:33.265541+00', 'tqxqenq4draj', '98d6c765-d7c4-4f7c-ae76-a58b7bce63d0'),
	('00000000-0000-0000-0000-000000000000', 938, 'paesadox4cqg', '0a55232c-dd67-4f33-b6f1-7560da7a4b54', true, '2026-02-27 07:11:06.769633+00', '2026-02-28 02:29:28.660604+00', '5phumjxfytaw', '9c5230cd-43c5-4a3b-974c-8b14ac2005a7'),
	('00000000-0000-0000-0000-000000000000', 637, 'wlhzkx3rybif', '8ebe37c2-b2db-4415-ae5d-5ec3d32e4f82', true, '2026-02-08 22:33:33.266138+00', '2026-02-08 22:33:33.333779+00', 'bfevliqnkvye', '98d6c765-d7c4-4f7c-ae76-a58b7bce63d0'),
	('00000000-0000-0000-0000-000000000000', 638, '7phdvsxvz5lk', '8ebe37c2-b2db-4415-ae5d-5ec3d32e4f82', true, '2026-02-08 22:33:33.334289+00', '2026-02-08 22:43:47.361459+00', 'wlhzkx3rybif', '98d6c765-d7c4-4f7c-ae76-a58b7bce63d0'),
	('00000000-0000-0000-0000-000000000000', 946, 'jcoovgsa2lgm', '0a55232c-dd67-4f33-b6f1-7560da7a4b54', true, '2026-02-28 05:34:48.112388+00', '2026-02-28 06:51:18.421588+00', 'zc6tefomqv5s', 'abea5440-3308-49ba-bffb-6df303752338'),
	('00000000-0000-0000-0000-000000000000', 639, 'zt5eamuk62qo', '8ebe37c2-b2db-4415-ae5d-5ec3d32e4f82', true, '2026-02-08 22:43:47.362377+00', '2026-02-08 22:44:09.629349+00', '7phdvsxvz5lk', '98d6c765-d7c4-4f7c-ae76-a58b7bce63d0'),
	('00000000-0000-0000-0000-000000000000', 709, 'mgjggwozxigv', '127da7af-65eb-4cf3-a23d-cd5239bd97fe', true, '2026-02-11 20:52:22.294442+00', '2026-02-11 20:52:22.387788+00', 'yj3rewuemnvj', '89a19822-73cc-4e93-92a7-a59bb83674c8'),
	('00000000-0000-0000-0000-000000000000', 640, 'z4mbrf6x3pwv', '8ebe37c2-b2db-4415-ae5d-5ec3d32e4f82', true, '2026-02-08 22:44:09.629734+00', '2026-02-08 22:44:09.786888+00', 'zt5eamuk62qo', '98d6c765-d7c4-4f7c-ae76-a58b7bce63d0'),
	('00000000-0000-0000-0000-000000000000', 710, '2l5l7lnrpumm', '127da7af-65eb-4cf3-a23d-cd5239bd97fe', false, '2026-02-11 20:52:22.388182+00', '2026-02-11 20:52:22.388182+00', 'mgjggwozxigv', '89a19822-73cc-4e93-92a7-a59bb83674c8'),
	('00000000-0000-0000-0000-000000000000', 641, 'qil34o2v3xiq', '8ebe37c2-b2db-4415-ae5d-5ec3d32e4f82', true, '2026-02-08 22:44:09.787276+00', '2026-02-08 23:45:00.809505+00', 'z4mbrf6x3pwv', '98d6c765-d7c4-4f7c-ae76-a58b7bce63d0'),
	('00000000-0000-0000-0000-000000000000', 953, 'og7srzvsju23', '0a55232c-dd67-4f33-b6f1-7560da7a4b54', false, '2026-03-01 07:53:27.257631+00', '2026-03-01 07:53:27.257631+00', 'sdrp3dhb6qpk', '01a77699-467a-4017-992b-a9302766be98'),
	('00000000-0000-0000-0000-000000000000', 642, 'umwcpwleieab', '8ebe37c2-b2db-4415-ae5d-5ec3d32e4f82', true, '2026-02-08 23:45:00.812477+00', '2026-02-08 23:45:19.674425+00', 'qil34o2v3xiq', '98d6c765-d7c4-4f7c-ae76-a58b7bce63d0'),
	('00000000-0000-0000-0000-000000000000', 711, 'ckd2ipmjp3qq', '8ebe37c2-b2db-4415-ae5d-5ec3d32e4f82', true, '2026-02-11 20:53:32.995699+00', '2026-02-11 20:53:37.87032+00', NULL, '64d099f9-f145-4669-a367-50ce5b9dce64'),
	('00000000-0000-0000-0000-000000000000', 643, '7ha7ycwqqfwt', '8ebe37c2-b2db-4415-ae5d-5ec3d32e4f82', true, '2026-02-08 23:45:19.674852+00', '2026-02-08 23:45:19.825778+00', 'umwcpwleieab', '98d6c765-d7c4-4f7c-ae76-a58b7bce63d0'),
	('00000000-0000-0000-0000-000000000000', 644, 'pkrx6etynqaj', '8ebe37c2-b2db-4415-ae5d-5ec3d32e4f82', true, '2026-02-08 23:45:19.826182+00', '2026-02-09 00:47:07.401306+00', '7ha7ycwqqfwt', '98d6c765-d7c4-4f7c-ae76-a58b7bce63d0'),
	('00000000-0000-0000-0000-000000000000', 712, 'nv7jtwbn4mq4', '8ebe37c2-b2db-4415-ae5d-5ec3d32e4f82', true, '2026-02-11 20:53:37.870706+00', '2026-02-11 20:53:37.9316+00', 'ckd2ipmjp3qq', '64d099f9-f145-4669-a367-50ce5b9dce64'),
	('00000000-0000-0000-0000-000000000000', 645, 'v2eunzrnegqs', '8ebe37c2-b2db-4415-ae5d-5ec3d32e4f82', true, '2026-02-09 00:47:07.40212+00', '2026-02-09 01:37:38.796465+00', 'pkrx6etynqaj', '98d6c765-d7c4-4f7c-ae76-a58b7bce63d0'),
	('00000000-0000-0000-0000-000000000000', 958, 'pcv2kunion57', '0a55232c-dd67-4f33-b6f1-7560da7a4b54', true, '2026-03-01 22:15:38.75001+00', '2026-03-01 23:53:11.23676+00', 'eep3sniier2k', '5eeca43d-ce14-4e79-adac-61f2249532cb'),
	('00000000-0000-0000-0000-000000000000', 646, '3wnsjwgnd4px', '8ebe37c2-b2db-4415-ae5d-5ec3d32e4f82', true, '2026-02-09 01:37:38.798868+00', '2026-02-09 01:37:38.919005+00', 'v2eunzrnegqs', '98d6c765-d7c4-4f7c-ae76-a58b7bce63d0'),
	('00000000-0000-0000-0000-000000000000', 713, 'rb6eeyn3vvev', '8ebe37c2-b2db-4415-ae5d-5ec3d32e4f82', true, '2026-02-11 20:53:37.932028+00', '2026-02-11 20:56:48.396346+00', 'nv7jtwbn4mq4', '64d099f9-f145-4669-a367-50ce5b9dce64'),
	('00000000-0000-0000-0000-000000000000', 647, 'o7z4bzmblpk7', '8ebe37c2-b2db-4415-ae5d-5ec3d32e4f82', true, '2026-02-09 01:37:38.919392+00', '2026-02-09 01:38:13.910199+00', '3wnsjwgnd4px', '98d6c765-d7c4-4f7c-ae76-a58b7bce63d0'),
	('00000000-0000-0000-0000-000000000000', 719, 'bm2gjshlfcpt', '66a55186-462a-4084-aef0-74bc6b48a937', false, '2026-02-11 23:12:22.903349+00', '2026-02-11 23:12:22.903349+00', NULL, 'ca63794f-f3d2-47d7-b9fd-0700a2416a7e'),
	('00000000-0000-0000-0000-000000000000', 648, '6fzeey6cthhe', '8ebe37c2-b2db-4415-ae5d-5ec3d32e4f82', true, '2026-02-09 01:38:13.910591+00', '2026-02-09 01:38:14.057262+00', 'o7z4bzmblpk7', '98d6c765-d7c4-4f7c-ae76-a58b7bce63d0'),
	('00000000-0000-0000-0000-000000000000', 649, '3bu6cktkwtkj', '8ebe37c2-b2db-4415-ae5d-5ec3d32e4f82', true, '2026-02-09 01:38:14.05777+00', '2026-02-09 01:57:33.810464+00', '6fzeey6cthhe', '98d6c765-d7c4-4f7c-ae76-a58b7bce63d0'),
	('00000000-0000-0000-0000-000000000000', 962, 'psxjeybzxigd', '0a55232c-dd67-4f33-b6f1-7560da7a4b54', true, '2026-03-02 02:47:26.835657+00', '2026-03-02 04:26:19.19426+00', 'oalpesxkuj5h', '28008365-ad75-49b9-81a6-5ce49e01a9b3'),
	('00000000-0000-0000-0000-000000000000', 650, 'qr5l55xgydwk', '8ebe37c2-b2db-4415-ae5d-5ec3d32e4f82', true, '2026-02-09 01:57:33.811399+00', '2026-02-09 01:57:34.04228+00', '3bu6cktkwtkj', '98d6c765-d7c4-4f7c-ae76-a58b7bce63d0'),
	('00000000-0000-0000-0000-000000000000', 651, '4ehxh3bllflr', '8ebe37c2-b2db-4415-ae5d-5ec3d32e4f82', true, '2026-02-09 01:57:34.042708+00', '2026-02-09 01:57:39.094666+00', 'qr5l55xgydwk', '98d6c765-d7c4-4f7c-ae76-a58b7bce63d0'),
	('00000000-0000-0000-0000-000000000000', 967, 'lnnkram2rngc', '0a55232c-dd67-4f33-b6f1-7560da7a4b54', true, '2026-03-03 00:22:41.798246+00', '2026-03-03 01:20:46.397773+00', 'jne7fakcqczv', '5eeca43d-ce14-4e79-adac-61f2249532cb'),
	('00000000-0000-0000-0000-000000000000', 652, '256sy72enw5x', '8ebe37c2-b2db-4415-ae5d-5ec3d32e4f82', true, '2026-02-09 01:57:39.095208+00', '2026-02-10 01:13:07.741899+00', '4ehxh3bllflr', '98d6c765-d7c4-4f7c-ae76-a58b7bce63d0'),
	('00000000-0000-0000-0000-000000000000', 653, 'pxr7hjdisaxs', '8ebe37c2-b2db-4415-ae5d-5ec3d32e4f82', true, '2026-02-10 01:13:07.743407+00', '2026-02-10 01:13:36.691735+00', '256sy72enw5x', '98d6c765-d7c4-4f7c-ae76-a58b7bce63d0'),
	('00000000-0000-0000-0000-000000000000', 971, 'scr4c2zia4z7', '0a55232c-dd67-4f33-b6f1-7560da7a4b54', true, '2026-03-03 02:49:34.251504+00', '2026-03-03 03:54:40.199498+00', '7xyrnkbk36n6', 'abea5440-3308-49ba-bffb-6df303752338'),
	('00000000-0000-0000-0000-000000000000', 654, 'cglusth7r7bg', '8ebe37c2-b2db-4415-ae5d-5ec3d32e4f82', true, '2026-02-10 01:13:36.692167+00', '2026-02-10 01:13:36.874195+00', 'pxr7hjdisaxs', '98d6c765-d7c4-4f7c-ae76-a58b7bce63d0'),
	('00000000-0000-0000-0000-000000000000', 655, 'u5xogyul3rsu', '8ebe37c2-b2db-4415-ae5d-5ec3d32e4f82', true, '2026-02-10 01:13:36.874619+00', '2026-02-10 01:13:58.616656+00', 'cglusth7r7bg', '98d6c765-d7c4-4f7c-ae76-a58b7bce63d0'),
	('00000000-0000-0000-0000-000000000000', 975, 'xuew4io6vd3a', '0a55232c-dd67-4f33-b6f1-7560da7a4b54', true, '2026-03-03 04:59:00.672082+00', '2026-03-03 15:08:09.339023+00', 'lvwgslpfebya', '5eeca43d-ce14-4e79-adac-61f2249532cb'),
	('00000000-0000-0000-0000-000000000000', 656, '3alsf6bvhe4j', '8ebe37c2-b2db-4415-ae5d-5ec3d32e4f82', true, '2026-02-10 01:13:58.617094+00', '2026-02-10 01:13:58.770501+00', 'u5xogyul3rsu', '98d6c765-d7c4-4f7c-ae76-a58b7bce63d0'),
	('00000000-0000-0000-0000-000000000000', 657, 'ailbqjlwekqb', '8ebe37c2-b2db-4415-ae5d-5ec3d32e4f82', true, '2026-02-10 01:13:58.771028+00', '2026-02-10 01:14:06.186559+00', '3alsf6bvhe4j', '98d6c765-d7c4-4f7c-ae76-a58b7bce63d0'),
	('00000000-0000-0000-0000-000000000000', 979, 'nyo3g3we4fxb', '0a55232c-dd67-4f33-b6f1-7560da7a4b54', true, '2026-03-03 16:06:09.257582+00', '2026-03-03 17:04:09.282112+00', 'hqt2aajrebj4', '5eeca43d-ce14-4e79-adac-61f2249532cb'),
	('00000000-0000-0000-0000-000000000000', 658, 'hsnpogiksljd', '8ebe37c2-b2db-4415-ae5d-5ec3d32e4f82', true, '2026-02-10 01:14:06.187727+00', '2026-02-10 01:14:14.736012+00', 'ailbqjlwekqb', '98d6c765-d7c4-4f7c-ae76-a58b7bce63d0'),
	('00000000-0000-0000-0000-000000000000', 659, 'swigit6q4tlx', '8ebe37c2-b2db-4415-ae5d-5ec3d32e4f82', true, '2026-02-10 01:14:14.736321+00', '2026-02-10 01:14:14.857005+00', 'hsnpogiksljd', '98d6c765-d7c4-4f7c-ae76-a58b7bce63d0'),
	('00000000-0000-0000-0000-000000000000', 660, 'int3zuut3icc', '8ebe37c2-b2db-4415-ae5d-5ec3d32e4f82', true, '2026-02-10 01:14:14.85732+00', '2026-02-10 01:14:19.193256+00', 'swigit6q4tlx', '98d6c765-d7c4-4f7c-ae76-a58b7bce63d0'),
	('00000000-0000-0000-0000-000000000000', 661, 'xnmvpuziaiol', '8ebe37c2-b2db-4415-ae5d-5ec3d32e4f82', true, '2026-02-10 01:14:19.193585+00', '2026-02-10 01:14:56.024552+00', 'int3zuut3icc', '98d6c765-d7c4-4f7c-ae76-a58b7bce63d0'),
	('00000000-0000-0000-0000-000000000000', 662, 'yqb26dyyncao', '8ebe37c2-b2db-4415-ae5d-5ec3d32e4f82', true, '2026-02-10 01:14:56.024939+00', '2026-02-10 01:14:56.163383+00', 'xnmvpuziaiol', '98d6c765-d7c4-4f7c-ae76-a58b7bce63d0'),
	('00000000-0000-0000-0000-000000000000', 663, 'n2vox7kzciu2', '8ebe37c2-b2db-4415-ae5d-5ec3d32e4f82', true, '2026-02-10 01:14:56.163727+00', '2026-02-10 01:15:00.106888+00', 'yqb26dyyncao', '98d6c765-d7c4-4f7c-ae76-a58b7bce63d0'),
	('00000000-0000-0000-0000-000000000000', 664, 'm26opanefwev', '8ebe37c2-b2db-4415-ae5d-5ec3d32e4f82', true, '2026-02-10 01:15:00.107241+00', '2026-02-10 01:15:00.310398+00', 'n2vox7kzciu2', '98d6c765-d7c4-4f7c-ae76-a58b7bce63d0'),
	('00000000-0000-0000-0000-000000000000', 665, '6jlyhd2635b4', '8ebe37c2-b2db-4415-ae5d-5ec3d32e4f82', true, '2026-02-10 01:15:00.310722+00', '2026-02-10 02:24:32.258251+00', 'm26opanefwev', '98d6c765-d7c4-4f7c-ae76-a58b7bce63d0'),
	('00000000-0000-0000-0000-000000000000', 666, 'hn44bw4mxzhu', '8ebe37c2-b2db-4415-ae5d-5ec3d32e4f82', false, '2026-02-10 02:24:32.259188+00', '2026-02-10 02:24:32.259188+00', '6jlyhd2635b4', '98d6c765-d7c4-4f7c-ae76-a58b7bce63d0'),
	('00000000-0000-0000-0000-000000000000', 767, '7d5zexbvd2m3', 'ddff783e-42bc-4bd1-8408-8e43261127a4', true, '2026-02-15 20:05:07.868979+00', '2026-02-15 21:03:08.413588+00', '5pntfx5kk5ah', '4ed78bc0-5887-49cc-9a66-5e5826545c79'),
	('00000000-0000-0000-0000-000000000000', 769, '7dhswtulrt42', 'ddff783e-42bc-4bd1-8408-8e43261127a4', true, '2026-02-15 21:03:08.414492+00', '2026-02-15 22:01:17.606155+00', '7d5zexbvd2m3', '4ed78bc0-5887-49cc-9a66-5e5826545c79'),
	('00000000-0000-0000-0000-000000000000', 939, '6guqicosfwut', '0a55232c-dd67-4f33-b6f1-7560da7a4b54', true, '2026-02-27 16:39:52.589931+00', '2026-02-27 17:38:52.545888+00', 'wvg7vvra3igw', 'abea5440-3308-49ba-bffb-6df303752338'),
	('00000000-0000-0000-0000-000000000000', 820, '7bvhp3mnb6p4', '2fc4c272-9d94-4482-b98e-bdb8009676b7', true, '2026-02-20 15:00:57.019709+00', '2026-02-20 20:28:31.530075+00', 'enkbmhl5owfw', '7b796f5b-69a2-4fb7-a56c-6d08ec63f374'),
	('00000000-0000-0000-0000-000000000000', 947, 'ddnzge6rhk3a', '0a55232c-dd67-4f33-b6f1-7560da7a4b54', true, '2026-02-28 06:12:36.096762+00', '2026-03-01 05:47:34.160608+00', NULL, '5eeca43d-ce14-4e79-adac-61f2249532cb'),
	('00000000-0000-0000-0000-000000000000', 948, 'w4sqycrhgvjh', '0a55232c-dd67-4f33-b6f1-7560da7a4b54', true, '2026-02-28 06:51:18.422598+00', '2026-03-01 08:28:56.591773+00', 'jcoovgsa2lgm', 'abea5440-3308-49ba-bffb-6df303752338'),
	('00000000-0000-0000-0000-000000000000', 954, 'guzen7h3tt3j', '0a55232c-dd67-4f33-b6f1-7560da7a4b54', true, '2026-03-01 08:28:56.592843+00', '2026-03-01 19:36:11.673647+00', 'w4sqycrhgvjh', 'abea5440-3308-49ba-bffb-6df303752338'),
	('00000000-0000-0000-0000-000000000000', 959, 'wtyj34dq6mju', '0a55232c-dd67-4f33-b6f1-7560da7a4b54', true, '2026-03-01 23:53:11.238006+00', '2026-03-02 02:59:25.673276+00', 'pcv2kunion57', '5eeca43d-ce14-4e79-adac-61f2249532cb'),
	('00000000-0000-0000-0000-000000000000', 789, 'pehlqfj5zo6k', '339d496a-bcf9-41f8-b55c-195ef43f713e', false, '2026-02-17 23:58:04.230204+00', '2026-02-17 23:58:04.230204+00', NULL, 'f3432803-a287-4930-8124-0743654332f5'),
	('00000000-0000-0000-0000-000000000000', 790, 'qgbwofyoubc7', 'f4272ba7-07fb-4dfc-86ca-39ee1d188c78', false, '2026-02-18 00:00:09.519285+00', '2026-02-18 00:00:09.519285+00', NULL, '0e295613-20ed-42e0-9ae4-bedb934f6594'),
	('00000000-0000-0000-0000-000000000000', 791, 'bf6lsvbtvvay', 'ff908dae-85e5-4b91-bf67-ee8eb653a05c', true, '2026-02-18 00:05:18.956636+00', '2026-02-18 01:59:29.565337+00', NULL, '0d7889ea-6931-42ae-aa84-a7936f31e277'),
	('00000000-0000-0000-0000-000000000000', 792, 'dswup3demywc', 'ff908dae-85e5-4b91-bf67-ee8eb653a05c', false, '2026-02-18 01:59:29.566638+00', '2026-02-18 01:59:29.566638+00', 'bf6lsvbtvvay', '0d7889ea-6931-42ae-aa84-a7936f31e277'),
	('00000000-0000-0000-0000-000000000000', 963, '7syd6qkzd64v', '0a55232c-dd67-4f33-b6f1-7560da7a4b54', true, '2026-03-02 02:59:25.674462+00', '2026-03-02 04:10:05.608799+00', 'wtyj34dq6mju', '5eeca43d-ce14-4e79-adac-61f2249532cb'),
	('00000000-0000-0000-0000-000000000000', 968, '7xyrnkbk36n6', '0a55232c-dd67-4f33-b6f1-7560da7a4b54', true, '2026-03-03 00:32:56.118313+00', '2026-03-03 02:49:34.25022+00', '5y72nmjdk4qp', 'abea5440-3308-49ba-bffb-6df303752338'),
	('00000000-0000-0000-0000-000000000000', 972, 'qreznreptahw', '0a55232c-dd67-4f33-b6f1-7560da7a4b54', true, '2026-03-03 03:16:45.385298+00', '2026-03-03 04:00:46.30021+00', '3ton4y3bcgvm', '5eeca43d-ce14-4e79-adac-61f2249532cb'),
	('00000000-0000-0000-0000-000000000000', 976, 'sjuxfowb3d5w', '0a55232c-dd67-4f33-b6f1-7560da7a4b54', true, '2026-03-03 12:24:56.138162+00', '2026-03-03 15:36:57.004182+00', 'vhyqg3yrvxmz', '28008365-ad75-49b9-81a6-5ce49e01a9b3'),
	('00000000-0000-0000-0000-000000000000', 799, 'jmbtj2y7fyid', '2fc4c272-9d94-4482-b98e-bdb8009676b7', false, '2026-02-18 04:10:53.679074+00', '2026-02-18 04:10:53.679074+00', NULL, 'f56e2ff6-b0f9-4488-a9ce-eae6221e2189'),
	('00000000-0000-0000-0000-000000000000', 800, 'zvaajex6i42a', '2fc4c272-9d94-4482-b98e-bdb8009676b7', false, '2026-02-18 04:15:51.627312+00', '2026-02-18 04:15:51.627312+00', NULL, '5c0637ab-d0c9-4159-aa7b-0d1890beddb1'),
	('00000000-0000-0000-0000-000000000000', 801, 't4s2vhlwsy4o', '2fc4c272-9d94-4482-b98e-bdb8009676b7', true, '2026-02-18 04:33:28.087172+00', '2026-02-18 05:31:27.268962+00', NULL, '4fac187d-4aa1-4d7e-b2aa-ef481247edeb'),
	('00000000-0000-0000-0000-000000000000', 980, 'sqtcbqegh7bj', '0a55232c-dd67-4f33-b6f1-7560da7a4b54', true, '2026-03-03 17:04:09.283341+00', '2026-03-03 23:22:31.357654+00', 'nyo3g3we4fxb', '5eeca43d-ce14-4e79-adac-61f2249532cb'),
	('00000000-0000-0000-0000-000000000000', 802, '6cdy2dwsaq3x', '2fc4c272-9d94-4482-b98e-bdb8009676b7', true, '2026-02-18 05:31:27.269794+00', '2026-02-18 14:00:23.156895+00', 't4s2vhlwsy4o', '4fac187d-4aa1-4d7e-b2aa-ef481247edeb'),
	('00000000-0000-0000-0000-000000000000', 803, 'hq7no35xejbh', '2fc4c272-9d94-4482-b98e-bdb8009676b7', true, '2026-02-18 14:00:23.162071+00', '2026-02-18 14:58:26.637882+00', '6cdy2dwsaq3x', '4fac187d-4aa1-4d7e-b2aa-ef481247edeb'),
	('00000000-0000-0000-0000-000000000000', 981, 'wdifamdr6za5', '0a55232c-dd67-4f33-b6f1-7560da7a4b54', true, '2026-03-03 23:22:31.3592+00', '2026-03-04 00:20:38.655233+00', 'sqtcbqegh7bj', '5eeca43d-ce14-4e79-adac-61f2249532cb'),
	('00000000-0000-0000-0000-000000000000', 804, '3rnokbholaoy', '2fc4c272-9d94-4482-b98e-bdb8009676b7', true, '2026-02-18 14:58:26.639072+00', '2026-02-18 18:38:57.353246+00', 'hq7no35xejbh', '4fac187d-4aa1-4d7e-b2aa-ef481247edeb'),
	('00000000-0000-0000-0000-000000000000', 805, 'g55geen7ou7i', '2fc4c272-9d94-4482-b98e-bdb8009676b7', true, '2026-02-18 18:38:57.354477+00', '2026-02-18 21:43:57.327655+00', '3rnokbholaoy', '4fac187d-4aa1-4d7e-b2aa-ef481247edeb'),
	('00000000-0000-0000-0000-000000000000', 982, '6hn6sngmbn6z', '0a55232c-dd67-4f33-b6f1-7560da7a4b54', true, '2026-03-04 00:20:38.656398+00', '2026-03-04 02:03:23.51504+00', 'wdifamdr6za5', '5eeca43d-ce14-4e79-adac-61f2249532cb'),
	('00000000-0000-0000-0000-000000000000', 806, 'bfls4xn63hjw', '2fc4c272-9d94-4482-b98e-bdb8009676b7', true, '2026-02-18 21:43:57.328736+00', '2026-02-19 01:52:06.221561+00', 'g55geen7ou7i', '4fac187d-4aa1-4d7e-b2aa-ef481247edeb'),
	('00000000-0000-0000-0000-000000000000', 807, 'h4dvxno3me56', '2fc4c272-9d94-4482-b98e-bdb8009676b7', true, '2026-02-19 01:52:06.222693+00', '2026-02-19 06:02:07.564924+00', 'bfls4xn63hjw', '4fac187d-4aa1-4d7e-b2aa-ef481247edeb'),
	('00000000-0000-0000-0000-000000000000', 808, 'xlhefbmhupbn', '2fc4c272-9d94-4482-b98e-bdb8009676b7', false, '2026-02-19 06:02:07.566139+00', '2026-02-19 06:02:07.566139+00', 'h4dvxno3me56', '4fac187d-4aa1-4d7e-b2aa-ef481247edeb'),
	('00000000-0000-0000-0000-000000000000', 983, 'bx5xro2t44ur', '0a55232c-dd67-4f33-b6f1-7560da7a4b54', true, '2026-03-04 02:03:23.515858+00', '2026-03-04 03:01:33.406656+00', '6hn6sngmbn6z', '5eeca43d-ce14-4e79-adac-61f2249532cb'),
	('00000000-0000-0000-0000-000000000000', 984, '4juzqh2jjmiv', '0a55232c-dd67-4f33-b6f1-7560da7a4b54', true, '2026-03-04 02:43:30.961732+00', '2026-03-04 03:41:41.215757+00', 'c7iyythzkzw4', '28008365-ad75-49b9-81a6-5ce49e01a9b3'),
	('00000000-0000-0000-0000-000000000000', 985, 'ypmlk4cfemku', '0a55232c-dd67-4f33-b6f1-7560da7a4b54', true, '2026-03-04 03:01:33.407576+00', '2026-03-04 04:09:18.754764+00', 'bx5xro2t44ur', '5eeca43d-ce14-4e79-adac-61f2249532cb'),
	('00000000-0000-0000-0000-000000000000', 986, 'yqozndopqzcg', '0a55232c-dd67-4f33-b6f1-7560da7a4b54', true, '2026-03-04 03:41:41.216534+00', '2026-03-04 04:39:43.779152+00', '4juzqh2jjmiv', '28008365-ad75-49b9-81a6-5ce49e01a9b3'),
	('00000000-0000-0000-0000-000000000000', 987, '5mlkjo4cc6el', '0a55232c-dd67-4f33-b6f1-7560da7a4b54', true, '2026-03-04 04:09:18.756036+00', '2026-03-04 05:07:30.405376+00', 'ypmlk4cfemku', '5eeca43d-ce14-4e79-adac-61f2249532cb'),
	('00000000-0000-0000-0000-000000000000', 989, '3ena7k7lmbn7', '0a55232c-dd67-4f33-b6f1-7560da7a4b54', true, '2026-03-04 05:07:30.40664+00', '2026-03-04 13:55:02.537566+00', '5mlkjo4cc6el', '5eeca43d-ce14-4e79-adac-61f2249532cb'),
	('00000000-0000-0000-0000-000000000000', 990, 'xmftbr3asq5o', '0a55232c-dd67-4f33-b6f1-7560da7a4b54', false, '2026-03-04 13:55:02.540824+00', '2026-03-04 13:55:02.540824+00', '3ena7k7lmbn7', '5eeca43d-ce14-4e79-adac-61f2249532cb'),
	('00000000-0000-0000-0000-000000000000', 988, 'tbycmiuwufyz', '0a55232c-dd67-4f33-b6f1-7560da7a4b54', true, '2026-03-04 04:39:43.780056+00', '2026-03-04 13:56:26.787986+00', 'yqozndopqzcg', '28008365-ad75-49b9-81a6-5ce49e01a9b3'),
	('00000000-0000-0000-0000-000000000000', 991, 'tuelr547ajn6', '0a55232c-dd67-4f33-b6f1-7560da7a4b54', false, '2026-03-04 13:56:26.78858+00', '2026-03-04 13:56:26.78858+00', 'tbycmiuwufyz', '28008365-ad75-49b9-81a6-5ce49e01a9b3');


--
-- Data for Name: sso_providers; Type: TABLE DATA; Schema: auth; Owner: supabase_auth_admin
--



--
-- Data for Name: saml_providers; Type: TABLE DATA; Schema: auth; Owner: supabase_auth_admin
--



--
-- Data for Name: saml_relay_states; Type: TABLE DATA; Schema: auth; Owner: supabase_auth_admin
--



--
-- Data for Name: sso_domains; Type: TABLE DATA; Schema: auth; Owner: supabase_auth_admin
--



--
-- Data for Name: businesses; Type: TABLE DATA; Schema: public; Owner: postgres
--

INSERT INTO "public"."businesses" ("id", "owner_user_id", "slug", "name", "app_name", "logo_url", "primary_color", "welcome_message", "push_sender_name", "timezone", "created_at", "updated_at", "owner_name", "owner_phone", "owner_email", "subscription_plan", "features", "phone", "stripe_customer_id", "stripe_subscription_id", "subscription_status", "subscription_current_period_end", "default_booking_status", "address", "terminal_location_id") VALUES
	('c5839638-a9b7-41b2-962b-7a6aa302c373', '0d4be763-a832-4a70-a21c-77662c319f7d', 'shine-up', 'Shine Up', 'Shine Up', NULL, '#3B82F6', NULL, NULL, 'America/New_York', '2026-02-11 22:44:36.379645+00', '2026-02-11 22:46:57.201892+00', NULL, NULL, NULL, 'premium', '{"staff_management": false, "advanced_analytics": false, "automated_messaging": false}', '7707713546', 'cus_TxhajcWxSd3YGM', 'sub_1SzmBO2ZLPWWwYJoouB47pe2', 'active', NULL, 'confirmed', NULL, NULL),
	('e2e01c8c-9bc0-49d1-b6d2-dea61edae26f', '66a55186-462a-4084-aef0-74bc6b48a937', 'please-man', 'Plan to Please ', 'Plan to Please ', NULL, '#3B82F6', '', '', 'America/New_York', '2026-02-11 23:09:37.194047+00', '2026-02-11 23:14:57.615251+00', 'Please Man', '', '', 'pro', '{"staff_management": false, "advanced_analytics": false, "automated_messaging": false}', '4787882115', 'cus_Txi2JQztNPmriC', 'sub_1SzmcV2ZLPWWwYJoYMgz8W2V', 'active', NULL, 'confirmed', NULL, NULL),
	('c382838e-37ec-452c-9ea3-66a7cc10244c', 'a6f06ab9-0461-4a2a-a087-395dbde4775e', 'biz-a6f06ab90461', 'My Business', 'My Business', NULL, '#3B82F6', NULL, NULL, 'America/New_York', '2026-02-12 00:10:02.200642+00', '2026-02-12 00:10:57.78578+00', NULL, NULL, NULL, 'premium', '{"staff_management": false, "advanced_analytics": false, "automated_messaging": false}', NULL, 'cus_TxiwySeL69dcbs', 'sub_1SznUh2ZLPWWwYJoHqHcdZzv', 'active', '2027-02-12 00:10:53+00', 'confirmed', NULL, NULL),
	('bcc3f6ec-ee1c-4e13-b8c2-c967a6c02007', '8ebe37c2-b2db-4415-ae5d-5ec3d32e4f82', 'willscutz', 'Will''s Cutz', 'Will''s Cutz', 'https://znxjliyxzfzishhiyjob.supabase.co/storage/v1/object/public/business-assets/logos/bcc3f6ec-ee1c-4e13-b8c2-c967a6c02007-1770519590624.png', '#F97316', '', '', 'America/New_York', '2026-02-08 02:58:41.925112+00', '2026-02-09 02:00:05.105435+00', 'Will Hunter', '4043218573', 'will@barber.com', 'free', '{"staff_management": false, "advanced_analytics": false, "automated_messaging": false}', NULL, NULL, NULL, 'active', NULL, 'confirmed', NULL, NULL),
	('7db3c129-a122-441c-b328-b54931389ce8', 'b47eab03-f6b9-4a4b-be7b-a754688230e8', 'go-cuts', 'Go Cuts', 'Go Cuts', NULL, '#3B82F6', NULL, NULL, 'America/New_York', '2026-02-13 04:06:32.702707+00', '2026-02-13 04:06:32.702707+00', NULL, NULL, NULL, 'free', '{"staff_management": false, "advanced_analytics": false, "automated_messaging": false}', '4043042045', NULL, NULL, 'active', NULL, 'confirmed', NULL, NULL),
	('9eb6f0ee-445e-4ed4-9e99-54900c10025b', '794c2bb8-b5c7-4cf2-bc96-cf2a88d6420a', 'oscar-s-place', 'Oscar''s Place', 'Oscar''s Place', NULL, '#3B82F6', NULL, NULL, 'America/New_York', '2026-02-15 00:26:18.7634+00', '2026-02-15 00:26:18.7634+00', NULL, NULL, NULL, 'free', '{"staff_management": false, "advanced_analytics": false, "automated_messaging": false}', '5044055045', NULL, NULL, 'active', NULL, 'confirmed', NULL, NULL),
	('e229b54c-a2f2-482b-be0b-3b28a81ceb26', '1932ad24-c7b8-40b7-b636-53e8f3ed0985', 'joe-blobs-spot', 'Joe Blobs spot', 'Joe Blobs spot', NULL, '#3B82F6', NULL, NULL, 'America/New_York', '2026-02-15 06:33:37.210012+00', '2026-02-15 06:33:37.210012+00', NULL, NULL, NULL, 'free', '{"staff_management": false, "advanced_analytics": false, "automated_messaging": false}', '5043952086', NULL, NULL, 'active', NULL, 'confirmed', NULL, NULL),
	('dd9fbd24-c9f4-4948-a3bf-ee80c9bf3dc8', 'ddff783e-42bc-4bd1-8408-8e43261127a4', 'robbie-dobbs-shop', 'Robbie Dobbs shop', 'Robbie Dobbs shop', NULL, '#3B82F6', NULL, NULL, 'America/New_York', '2026-02-15 06:56:39.97536+00', '2026-02-15 06:56:39.97536+00', 'Robbie Dobbs', '4052729172', 'Robbie@Dobbs.com', 'free', '{"staff_management": false, "advanced_analytics": false, "automated_messaging": false}', '4052729172', NULL, NULL, 'active', NULL, 'confirmed', NULL, NULL),
	('59688e1a-3373-4426-9474-12ab47a969d4', '127da7af-65eb-4cf3-a23d-cd5239bd97fe', 'biz-127da7af65eb', 'My Business', 'My Business', NULL, '#3B82F6', NULL, NULL, 'America/New_York', '2026-02-11 20:52:05.06469+00', '2026-02-11 20:52:05.06469+00', NULL, NULL, NULL, 'free', '{"staff_management": false, "advanced_analytics": false, "automated_messaging": false}', NULL, NULL, NULL, 'active', NULL, 'confirmed', NULL, NULL),
	('ac4e7179-6bee-49e3-9584-4ab7ed26cd5c', '9df383ed-d2d3-4639-91e8-702cbd3792d6', 'jimmy-s-car-detailing', 'Jimmy''s Car Detailing', 'Jimmy''s Car Detailing', NULL, '#3B82F6', NULL, NULL, 'America/New_York', '2026-02-11 03:52:54.489306+00', '2026-02-11 03:55:17.791383+00', NULL, NULL, NULL, 'pro', '{"staff_management": false, "advanced_analytics": false, "automated_messaging": false}', '3122139080', 'cus_TxPKeg02ZVKGyn', 'sub_1SzUWF2ZLPWWwYJobwZU4if2', 'active', NULL, 'confirmed', NULL, NULL),
	('a253af2b-a2ab-4b1f-b1f3-b12c2f5fa86d', '339d496a-bcf9-41f8-b55c-195ef43f713e', 'zxz', 'ZXZ', 'ZXZ', NULL, '#3B82F6', NULL, NULL, 'America/New_York', '2026-02-17 23:58:04.330833+00', '2026-02-17 23:58:04.330833+00', 'Norv Turner', '5556667777', 'Norv@Turner.com', 'free', '{"staff_management": false, "advanced_analytics": false, "automated_messaging": false}', '5556667777', NULL, NULL, 'active', NULL, 'confirmed', NULL, NULL),
	('3ee1122c-20ed-473e-bfb3-9c13f0db93aa', 'f4272ba7-07fb-4dfc-86ca-39ee1d188c78', 'dales-place', 'Dales Place', 'Dales Place', NULL, '#3B82F6', NULL, NULL, 'America/New_York', '2026-02-18 00:00:09.66098+00', '2026-02-18 00:02:22.638688+00', 'Dale Wale', '4707779311', 'Dale@Wale.com', 'pro', '{"staff_management": false, "advanced_analytics": false, "automated_messaging": false}', '4707779311', 'cus_Tzy9KdYd93qm4X', 'sub_1T1yDA2ZLPWWwYJo7ANLQCj8', 'active', '2026-03-18 00:01:46+00', 'confirmed', NULL, NULL),
	('2d28265d-07eb-450e-8d89-4f498d4c2583', 'ff908dae-85e5-4b91-bf67-ee8eb653a05c', 'bubba-chuck-s', 'Bubba Chuck''s', 'Bubba Chuck''s', NULL, '#3B82F6', NULL, NULL, 'America/New_York', '2026-02-18 00:05:19.096698+00', '2026-02-18 00:12:00.325363+00', 'Bubba Chuck', '4822942937', 'Bubba@Chuck.com', 'pro', '{"staff_management": false, "advanced_analytics": false, "automated_messaging": false}', '4822942937', 'cus_TzyF01DHxgHJJk', 'sub_1T1yId2ZLPWWwYJo7FRtvSlG', 'active', '2027-02-18 00:07:25+00', 'confirmed', NULL, NULL),
	('98728ad3-4314-4f11-b21c-79f8ace7aebb', '0a55232c-dd67-4f33-b6f1-7560da7a4b54', 'tyrone-mac-s-spot', 'Tyrone Mac''s Spot', 'Tyrone Mac''s Spot', 'https://znxjliyxzfzishhiyjob.supabase.co/storage/v1/object/public/business-assets/logos/98728ad3-4314-4f11-b21c-79f8ace7aebb-1771663869673.png', '#EF4444', '', 'Tyrone', 'America/New_York', '2026-02-18 02:43:08.742407+00', '2026-03-04 03:57:54.049223+00', 'Tyrone Mac', '6612732465', 'Tyrone@Mac.com', 'pro', '{"staff_management": false, "advanced_analytics": false, "automated_messaging": false}', '6612732465', 'cus_U00nPNxjHstgs5', 'sub_1T20mE2ZLPWWwYJovB4W1EQx', 'active', '2027-02-18 02:46:08+00', 'confirmed', '1521 Main St Atlanta, Ga 30331', NULL),
	('10bd570b-9524-4a00-a12a-913f5400c06f', '2fc4c272-9d94-4482-b98e-bdb8009676b7', 'biz-2fc4c2729d94', 'My Business', 'My Business', NULL, '#3B82F6', '', '', 'America/New_York', '2026-02-18 04:04:27.11407+00', '2026-02-18 04:38:46.129583+00', 'Will Barber', '', 'will@barber.com', 'premium', '{"staff_management": false, "advanced_analytics": false, "automated_messaging": false}', NULL, 'cus_U02LpHubcPODOJ', 'sub_1T22Ge2ZLPWWwYJotYNEIxEr', 'active', '2026-03-18 04:21:37+00', 'confirmed', NULL, NULL);


--
-- Data for Name: availability_rules; Type: TABLE DATA; Schema: public; Owner: postgres
--

INSERT INTO "public"."availability_rules" ("id", "business_id", "day_of_week", "start_time", "end_time", "buffer_minutes", "created_at", "updated_at", "days_open") VALUES
	('18eb602f-05a1-453f-8561-fae6878b7156', 'bcc3f6ec-ee1c-4e13-b8c2-c967a6c02007', NULL, '00:00:00', '23:59:00', 1, '2026-02-08 03:02:25.869802+00', '2026-02-08 03:48:00.28962+00', '{tuesday,thursday,saturday,monday,friday,sunday,wednesday}'),
	('359fb911-969c-4a63-829f-0394f28b4a49', '10bd570b-9524-4a00-a12a-913f5400c06f', NULL, '09:00:00', '21:00:00', 15, '2026-02-19 21:45:36.146428+00', '2026-02-19 21:45:36.146428+00', '{monday,thursday,tuesday,friday,wednesday,saturday}'),
	('c2c5d7e0-2c81-45c5-a5a2-8c138cdfdef4', '98728ad3-4314-4f11-b21c-79f8ace7aebb', NULL, '00:00:00', '23:59:00', 15, '2026-02-21 08:47:02.40817+00', '2026-02-28 03:27:18.110349+00', '{monday,thursday,sunday,tuesday,friday,wednesday,saturday}');


--
-- Data for Name: customers; Type: TABLE DATA; Schema: public; Owner: postgres
--

INSERT INTO "public"."customers" ("id", "business_id", "user_id", "phone", "email", "full_name", "created_at", "updated_at", "referral_code") VALUES
	('e45ef75f-96fc-45e9-8630-4dfb7852df8b', 'bcc3f6ec-ee1c-4e13-b8c2-c967a6c02007', NULL, '5043824527', 'ml@maloneco.com', 'Marlon Malone', '2026-02-08 03:28:17.037468+00', '2026-02-08 03:28:17.037468+00', 'MARLON191'),
	('a34c14d9-b960-408e-a6f9-f9a24954066f', 'bcc3f6ec-ee1c-4e13-b8c2-c967a6c02007', NULL, '4044913421', NULL, 'Reggie Bush', '2026-02-08 03:30:47.017559+00', '2026-02-08 03:30:47.017559+00', 'REGGIE664'),
	('10bce69d-0e84-48b8-8468-703a6b851f3e', 'bcc3f6ec-ee1c-4e13-b8c2-c967a6c02007', NULL, '5043314627', NULL, 'Glen Rogers', '2026-02-08 03:48:41.292344+00', '2026-02-08 03:48:41.292344+00', 'GLEN893'),
	('6c9dc00f-0f69-41a3-b141-77450a75f18b', '10bd570b-9524-4a00-a12a-913f5400c06f', NULL, '5614592222', NULL, 'Eugene Lake', '2026-02-19 21:46:31.1135+00', '2026-02-19 21:46:31.1135+00', 'EUGENE384'),
	('8e6a41fe-95da-4095-8a4b-51b12da89d91', '98728ad3-4314-4f11-b21c-79f8ace7aebb', NULL, '4042334642', NULL, 'Bunny Black', '2026-02-21 08:59:08.17027+00', '2026-02-21 08:59:08.17027+00', 'BUNNY546'),
	('b938c901-ca77-466d-8f66-658bdd37544d', '98728ad3-4314-4f11-b21c-79f8ace7aebb', NULL, '4048828282', NULL, 'Joe Hudson', '2026-02-21 09:15:51.734028+00', '2026-02-21 09:15:51.734028+00', 'JOE496'),
	('af6b5400-ff36-4bba-93a5-15341969570f', '98728ad3-4314-4f11-b21c-79f8ace7aebb', NULL, '5044414141', NULL, 'Mankie Jones', '2026-02-21 09:18:22.552567+00', '2026-02-21 09:18:22.552567+00', 'MANKIE348'),
	('944f01b7-afa9-407c-ae36-7021d411cfc0', '98728ad3-4314-4f11-b21c-79f8ace7aebb', NULL, '5047378469', NULL, 'Glenn Powell', '2026-02-21 09:23:21.130488+00', '2026-02-21 09:23:21.130488+00', 'GLENN212'),
	('2982d444-4d42-4ab6-8bbe-9ab4666a3ebc', '98728ad3-4314-4f11-b21c-79f8ace7aebb', NULL, '4785591213', NULL, 'Duck Worthy', '2026-02-22 01:06:34.270326+00', '2026-02-22 01:06:34.270326+00', 'DUCK553'),
	('2d856b3d-0734-43e1-a223-10f918c57d1d', '98728ad3-4314-4f11-b21c-79f8ace7aebb', NULL, '7074259999', NULL, 'Shay Alexander', '2026-02-22 02:49:09.077504+00', '2026-02-22 02:51:48.282512+00', 'SHAY706'),
	('7bd53f55-4a4d-453e-8479-edff2ef1e09d', '98728ad3-4314-4f11-b21c-79f8ace7aebb', NULL, '7707572039', NULL, 'Don shula', '2026-02-22 01:10:02.501868+00', '2026-03-04 13:57:50.559194+00', 'DON630'),
	('3bc77d5e-8129-4327-86ee-c1636d24b075', '98728ad3-4314-4f11-b21c-79f8ace7aebb', NULL, '4789130852', NULL, 'RODDY PIPPER', '2026-02-22 03:08:28.702018+00', '2026-02-22 03:08:28.702018+00', 'RODDY467'),
	('8b6b1538-6768-429c-8e13-f2e1d2be23da', '98728ad3-4314-4f11-b21c-79f8ace7aebb', NULL, '3318021346', NULL, 'Super Dave', '2026-02-22 03:12:47.375548+00', '2026-02-22 03:12:47.375548+00', 'SUPER265'),
	('6000b665-3258-4592-8263-00c07531ecfb', '98728ad3-4314-4f11-b21c-79f8ace7aebb', NULL, '4053308121', NULL, 'Eric Eagle', '2026-02-22 04:26:55.931777+00', '2026-02-22 04:26:55.931777+00', 'ERIC935'),
	('96a2e885-029d-4fa9-8b07-aacbfbd580a8', '98728ad3-4314-4f11-b21c-79f8ace7aebb', NULL, '5054429176', NULL, 'Alvin Walker', '2026-02-22 04:33:40.77616+00', '2026-02-22 04:56:44.82488+00', 'ALVIN674'),
	('7181adc4-8a43-428a-99c0-b829b8f8e7e5', '98728ad3-4314-4f11-b21c-79f8ace7aebb', NULL, '5049115050', NULL, 'Ike Wilson', '2026-02-22 05:15:20.65272+00', '2026-02-22 05:15:20.65272+00', 'IKE429'),
	('86f4adb9-7925-47a0-976e-13068bd41884', '98728ad3-4314-4f11-b21c-79f8ace7aebb', NULL, '7707074682', NULL, 'Lulu Adams', '2026-02-22 03:05:19.118711+00', '2026-02-25 03:27:51.502023+00', 'LULU434'),
	('85e1a6dc-2508-4de0-a97e-53ec5b55bfef', '98728ad3-4314-4f11-b21c-79f8ace7aebb', NULL, '4788418933', 'smittyherm29@gmail.com', 'Karon Smith', '2026-03-03 12:40:32.504162+00', '2026-03-03 12:40:32.504162+00', 'KARON630'),
	('281a606a-8090-4ccf-883f-d6cebe4bc365', '98728ad3-4314-4f11-b21c-79f8ace7aebb', NULL, '5049089080', NULL, 'Micky Ross', '2026-02-22 02:59:57.331048+00', '2026-03-04 04:41:57.680879+00', 'MICKY282');


--
-- Data for Name: services; Type: TABLE DATA; Schema: public; Owner: postgres
--

INSERT INTO "public"."services" ("id", "business_id", "name", "price_cents", "duration_minutes", "active", "created_at", "updated_at") VALUES
	('7e90a75b-78d9-42c5-88c6-883d11e3daff', 'bcc3f6ec-ee1c-4e13-b8c2-c967a6c02007', 'Haircut', 5000, 30, true, '2026-02-08 03:01:25.419877+00', '2026-02-08 03:01:25.419877+00'),
	('9aabdb38-6419-4e45-b757-1b8399f043bb', 'bcc3f6ec-ee1c-4e13-b8c2-c967a6c02007', 'Beard Trim', 3000, 20, true, '2026-02-08 03:01:44.063758+00', '2026-02-08 03:01:44.063758+00'),
	('b633af7a-8b0b-4125-ab9f-f47d6c012371', 'bcc3f6ec-ee1c-4e13-b8c2-c967a6c02007', 'Lining', 2500, 25, true, '2026-02-08 03:01:55.384907+00', '2026-02-08 03:01:55.384907+00'),
	('66fcf0ec-201c-42db-9d4c-f28744ebf512', '10bd570b-9524-4a00-a12a-913f5400c06f', 'Haircut', 3500, 30, true, '2026-02-18 04:45:14.200618+00', '2026-02-18 04:45:14.200618+00'),
	('64f485d2-cbeb-4a4e-b0d0-c2bc4f8a21ff', '98728ad3-4314-4f11-b21c-79f8ace7aebb', 'Haircut', 3500, 30, true, '2026-02-21 08:47:47.906089+00', '2026-02-21 08:47:47.906089+00'),
	('8cb60d92-a0bf-46cb-aca5-7b306227de28', '98728ad3-4314-4f11-b21c-79f8ace7aebb', 'Beard trim', 2000, 20, true, '2026-02-21 08:48:06.657353+00', '2026-02-21 08:48:06.657353+00'),
	('99a13fc2-e83c-405f-8e14-7c4a66817323', '98728ad3-4314-4f11-b21c-79f8ace7aebb', 'Temp Fade', 4000, 30, true, '2026-02-21 08:48:29.614336+00', '2026-02-21 08:48:29.614336+00'),
	('9a75c52e-e224-4d4d-9c42-7ed04ae4e2e3', '98728ad3-4314-4f11-b21c-79f8ace7aebb', 'Special', 13300, 30, true, '2026-02-26 04:57:38.954799+00', '2026-03-02 02:22:33.409757+00');


--
-- Data for Name: staff; Type: TABLE DATA; Schema: public; Owner: postgres
--



--
-- Data for Name: bookings; Type: TABLE DATA; Schema: public; Owner: postgres
--

INSERT INTO "public"."bookings" ("id", "business_id", "customer_id", "service_id", "start_ts", "end_ts", "status", "total_price_cents", "deposit_required", "deposit_amount_cents", "created_at", "updated_at", "customer_notes", "staff_id", "stripe_session_id", "payment_status") VALUES
	('047bad7b-27ab-4459-a457-dc840b6b86ff', '98728ad3-4314-4f11-b21c-79f8ace7aebb', '96a2e885-029d-4fa9-8b07-aacbfbd580a8', '99a13fc2-e83c-405f-8e14-7c4a66817323', '2026-02-22 22:30:00+00', '2026-02-22 23:00:00+00', 'completed', 4000, false, NULL, '2026-02-22 04:56:45.103023+00', '2026-02-22 04:57:21.213623+00', NULL, NULL, NULL, 'unpaid'),
	('a8082c6d-cf7c-4784-9501-d09f9cf946ee', '98728ad3-4314-4f11-b21c-79f8ace7aebb', '7181adc4-8a43-428a-99c0-b829b8f8e7e5', '8cb60d92-a0bf-46cb-aca5-7b306227de28', '2026-02-23 15:30:00+00', '2026-02-23 15:50:00+00', 'confirmed', 2000, false, NULL, '2026-02-22 05:15:21.899825+00', '2026-02-24 04:57:33.460709+00', NULL, NULL, NULL, 'unpaid'),
	('7a65c5ef-8638-4fdf-9701-0bb85a563094', '98728ad3-4314-4f11-b21c-79f8ace7aebb', '86f4adb9-7925-47a0-976e-13068bd41884', '8cb60d92-a0bf-46cb-aca5-7b306227de28', '2026-02-25 17:00:00+00', '2026-02-25 17:20:00+00', 'confirmed', 2000, false, NULL, '2026-02-25 03:24:21.983117+00', '2026-02-25 03:24:21.983117+00', NULL, NULL, NULL, 'unpaid'),
	('31b64acf-7108-4fbf-a093-580d1bee027a', '98728ad3-4314-4f11-b21c-79f8ace7aebb', '7bd53f55-4a4d-453e-8479-edff2ef1e09d', '8cb60d92-a0bf-46cb-aca5-7b306227de28', '2026-03-01 18:00:00+00', '2026-03-01 18:20:00+00', 'cancelled', 2000, false, NULL, '2026-02-28 05:18:54.01904+00', '2026-03-01 08:47:38.774736+00', NULL, NULL, NULL, 'unpaid'),
	('19000d91-d762-4044-9e55-f0e3acecd27a', '98728ad3-4314-4f11-b21c-79f8ace7aebb', '7bd53f55-4a4d-453e-8479-edff2ef1e09d', '99a13fc2-e83c-405f-8e14-7c4a66817323', '2026-03-01 09:30:00+00', '2026-03-01 10:00:00+00', 'cancelled', 4000, false, NULL, '2026-03-01 08:45:44.525992+00', '2026-03-01 08:47:46.001995+00', NULL, NULL, NULL, 'unpaid'),
	('740784d6-3422-4108-b2b0-eb6e46fa4870', '98728ad3-4314-4f11-b21c-79f8ace7aebb', '7bd53f55-4a4d-453e-8479-edff2ef1e09d', '9a75c52e-e224-4d4d-9c42-7ed04ae4e2e3', '2026-03-01 11:00:00+00', '2026-03-01 11:30:00+00', 'cancelled', 13300, false, NULL, '2026-03-01 08:05:15.951567+00', '2026-03-01 08:48:09.668928+00', NULL, NULL, 'cs_test_a1sSjT6JbLmjb4VE6A0QviTR6QBWOez1jqiooGYYSdS7kt5ciBW16nju5b', 'paid'),
	('a06b3837-6c25-4f1a-9610-8390ff53e3bd', '98728ad3-4314-4f11-b21c-79f8ace7aebb', '7bd53f55-4a4d-453e-8479-edff2ef1e09d', '8cb60d92-a0bf-46cb-aca5-7b306227de28', '2026-03-01 11:00:00+00', '2026-03-01 11:20:00+00', 'cancelled', 2000, false, NULL, '2026-03-01 08:47:19.471445+00', '2026-03-01 08:48:24.597279+00', NULL, NULL, NULL, 'unpaid'),
	('f08f2004-aeb5-47ec-bf71-55146ba98838', '98728ad3-4314-4f11-b21c-79f8ace7aebb', '281a606a-8090-4ccf-883f-d6cebe4bc365', '64f485d2-cbeb-4a4e-b0d0-c2bc4f8a21ff', '2026-02-23 18:00:00+00', '2026-02-23 18:30:00+00', 'completed', 3500, false, NULL, '2026-02-22 03:02:47.160921+00', '2026-03-04 02:59:36.977154+00', NULL, NULL, NULL, 'paid'),
	('87934b6b-dbf1-4d7a-8bbe-34fc06d1789c', '98728ad3-4314-4f11-b21c-79f8ace7aebb', '281a606a-8090-4ccf-883f-d6cebe4bc365', '8cb60d92-a0bf-46cb-aca5-7b306227de28', '2026-02-23 01:00:00+00', '2026-02-23 01:20:00+00', 'completed', 2000, false, NULL, '2026-02-22 02:59:58.132114+00', '2026-03-04 03:09:13.626676+00', NULL, NULL, NULL, 'paid'),
	('96251b43-3bdb-42df-b8a0-abb104ed49fa', '98728ad3-4314-4f11-b21c-79f8ace7aebb', '7bd53f55-4a4d-453e-8479-edff2ef1e09d', '99a13fc2-e83c-405f-8e14-7c4a66817323', '2026-02-22 20:30:00+00', '2026-02-22 21:00:00+00', 'completed', 4000, false, NULL, '2026-02-22 01:10:02.563901+00', '2026-03-04 03:34:54.919839+00', NULL, NULL, NULL, 'paid'),
	('332bc807-6d3d-4eb2-bcd6-2bf61edd2470', 'bcc3f6ec-ee1c-4e13-b8c2-c967a6c02007', 'a34c14d9-b960-408e-a6f9-f9a24954066f', '9aabdb38-6419-4e45-b757-1b8399f043bb', '2026-02-09 13:00:00+00', '2026-02-09 13:20:00+00', 'completed', 3000, false, NULL, '2026-02-08 03:30:47.255501+00', '2026-02-08 03:44:06.91213+00', NULL, NULL, NULL, 'unpaid'),
	('c8624055-4054-42e9-a5d5-80fe7f92b9b5', '98728ad3-4314-4f11-b21c-79f8ace7aebb', '7bd53f55-4a4d-453e-8479-edff2ef1e09d', '64f485d2-cbeb-4a4e-b0d0-c2bc4f8a21ff', '2026-02-26 18:00:00+00', '2026-02-26 18:30:00+00', 'cancelled', 3500, false, NULL, '2026-02-25 21:50:42.17505+00', '2026-02-25 22:31:08.02658+00', NULL, NULL, NULL, 'unpaid'),
	('0216d1cd-87d2-4d8d-805d-a716cb9f7b69', '98728ad3-4314-4f11-b21c-79f8ace7aebb', '2982d444-4d42-4ab6-8bbe-9ab4666a3ebc', '8cb60d92-a0bf-46cb-aca5-7b306227de28', '2026-02-22 16:00:00+00', '2026-02-22 16:20:00+00', 'completed', 2000, false, NULL, '2026-02-22 01:06:34.391313+00', '2026-02-22 01:08:20.671784+00', NULL, NULL, NULL, 'unpaid'),
	('26453cdf-eb5a-4843-9541-7f655897f8d2', 'bcc3f6ec-ee1c-4e13-b8c2-c967a6c02007', '10bce69d-0e84-48b8-8468-703a6b851f3e', '7e90a75b-78d9-42c5-88c6-883d11e3daff', '2026-02-08 06:00:00+00', '2026-02-08 06:30:00+00', 'confirmed', 5000, false, NULL, '2026-02-08 03:48:41.461213+00', '2026-02-08 03:49:05.559154+00', NULL, NULL, NULL, 'unpaid'),
	('a4a06948-6b2b-4bec-aef4-aabb3b355b4a', '98728ad3-4314-4f11-b21c-79f8ace7aebb', '6000b665-3258-4592-8263-00c07531ecfb', '64f485d2-cbeb-4a4e-b0d0-c2bc4f8a21ff', '2026-02-22 15:30:00+00', '2026-02-22 16:00:00+00', 'cancelled', 3500, false, NULL, '2026-02-22 04:26:56.235827+00', '2026-02-26 05:01:50.61527+00', NULL, NULL, NULL, 'unpaid'),
	('955bd4ce-6d97-405c-b557-6673e1eccc77', '98728ad3-4314-4f11-b21c-79f8ace7aebb', '86f4adb9-7925-47a0-976e-13068bd41884', '64f485d2-cbeb-4a4e-b0d0-c2bc4f8a21ff', '2026-02-25 15:00:00+00', '2026-02-25 15:30:00+00', 'cancelled', 3500, false, NULL, '2026-02-24 22:31:43.471864+00', '2026-02-26 05:01:52.253794+00', NULL, NULL, NULL, 'unpaid'),
	('6b4fd87b-400c-4074-be30-761547ec3f6f', '98728ad3-4314-4f11-b21c-79f8ace7aebb', '86f4adb9-7925-47a0-976e-13068bd41884', '99a13fc2-e83c-405f-8e14-7c4a66817323', '2026-02-25 17:30:00+00', '2026-02-25 18:00:00+00', 'cancelled', 4000, false, NULL, '2026-02-25 03:27:51.662281+00', '2026-02-26 05:01:53.343803+00', NULL, NULL, NULL, 'unpaid'),
	('a6507091-7cdd-4f79-bb8c-41a4c221183f', '98728ad3-4314-4f11-b21c-79f8ace7aebb', '7bd53f55-4a4d-453e-8479-edff2ef1e09d', '99a13fc2-e83c-405f-8e14-7c4a66817323', '2026-02-26 17:00:00+00', '2026-02-26 17:30:00+00', 'cancelled', 4000, false, NULL, '2026-02-25 21:40:34.184319+00', '2026-02-26 05:07:55.280306+00', NULL, NULL, NULL, 'unpaid'),
	('29d168b6-4eae-4f32-9206-423bd9302310', 'bcc3f6ec-ee1c-4e13-b8c2-c967a6c02007', 'e45ef75f-96fc-45e9-8630-4dfb7852df8b', '9aabdb38-6419-4e45-b757-1b8399f043bb', '2026-02-08 05:00:00+00', '2026-02-08 05:20:00+00', 'completed', 3000, false, NULL, '2026-02-08 03:28:17.133256+00', '2026-02-09 02:12:32.84046+00', NULL, NULL, NULL, 'unpaid'),
	('ad1a2daa-101f-4355-9e49-f43740cf41e2', '98728ad3-4314-4f11-b21c-79f8ace7aebb', '7bd53f55-4a4d-453e-8479-edff2ef1e09d', '99a13fc2-e83c-405f-8e14-7c4a66817323', '2026-02-28 15:00:00+00', '2026-02-28 15:30:00+00', 'cancelled', 4000, false, NULL, '2026-02-26 20:32:14.98744+00', '2026-02-26 20:35:46.598567+00', NULL, NULL, NULL, 'unpaid'),
	('b8c48c09-83d6-40bf-9304-a4d091d0665e', '10bd570b-9524-4a00-a12a-913f5400c06f', '6c9dc00f-0f69-41a3-b141-77450a75f18b', '66fcf0ec-201c-42db-9d4c-f28744ebf512', '2026-02-20 14:00:00+00', '2026-02-20 14:30:00+00', 'completed', 3500, false, NULL, '2026-02-19 21:46:31.213178+00', '2026-02-19 21:46:58.813592+00', NULL, NULL, NULL, 'unpaid'),
	('d5b6ff4e-b98d-4759-a071-d6f01bcf8c6c', '98728ad3-4314-4f11-b21c-79f8ace7aebb', '8e6a41fe-95da-4095-8a4b-51b12da89d91', '64f485d2-cbeb-4a4e-b0d0-c2bc4f8a21ff', '2026-02-22 14:00:00+00', '2026-02-22 14:30:00+00', 'completed', 3500, false, NULL, '2026-02-21 08:59:08.278371+00', '2026-02-21 09:12:34.871241+00', NULL, NULL, NULL, 'unpaid'),
	('e325e4fb-68d6-41ad-be60-363bd035b09f', '98728ad3-4314-4f11-b21c-79f8ace7aebb', 'b938c901-ca77-466d-8f66-658bdd37544d', '99a13fc2-e83c-405f-8e14-7c4a66817323', '2026-02-22 15:00:00+00', '2026-02-22 15:30:00+00', 'completed', 4000, false, NULL, '2026-02-21 09:15:51.813455+00', '2026-02-21 09:16:31.025783+00', NULL, NULL, NULL, 'unpaid'),
	('3160b843-4cb7-428e-9f0b-ec1000c58adc', '98728ad3-4314-4f11-b21c-79f8ace7aebb', '7bd53f55-4a4d-453e-8479-edff2ef1e09d', '8cb60d92-a0bf-46cb-aca5-7b306227de28', '2026-02-27 15:00:00+00', '2026-02-27 15:20:00+00', 'cancelled', 2000, false, NULL, '2026-02-26 20:54:46.564847+00', '2026-02-26 20:55:55.354841+00', NULL, NULL, NULL, 'unpaid'),
	('2d60f416-461b-4263-9b83-dee01b6e1e91', '98728ad3-4314-4f11-b21c-79f8ace7aebb', 'af6b5400-ff36-4bba-93a5-15341969570f', '8cb60d92-a0bf-46cb-aca5-7b306227de28', '2026-02-22 17:00:00+00', '2026-02-22 17:20:00+00', 'completed', 2000, false, NULL, '2026-02-21 09:18:22.634557+00', '2026-02-21 09:18:44.405481+00', NULL, NULL, NULL, 'unpaid'),
	('8eeb9da4-e155-4128-904c-5242a1efb4a3', '98728ad3-4314-4f11-b21c-79f8ace7aebb', '944f01b7-afa9-407c-ae36-7021d411cfc0', '8cb60d92-a0bf-46cb-aca5-7b306227de28', '2026-02-22 21:00:00+00', '2026-02-22 21:20:00+00', 'completed', 2000, false, NULL, '2026-02-21 09:23:21.195689+00', '2026-02-21 09:24:02.862952+00', NULL, NULL, NULL, 'unpaid'),
	('6a5483ed-09bb-4740-a692-900e4b169d42', '98728ad3-4314-4f11-b21c-79f8ace7aebb', '7bd53f55-4a4d-453e-8479-edff2ef1e09d', '99a13fc2-e83c-405f-8e14-7c4a66817323', '2026-02-27 19:00:00+00', '2026-02-27 19:30:00+00', 'cancelled', 4000, false, NULL, '2026-02-26 20:57:02.92762+00', '2026-02-26 21:09:26.464083+00', NULL, NULL, NULL, 'unpaid'),
	('d3d8d6a3-b029-4d43-a07e-687d6e97799d', '98728ad3-4314-4f11-b21c-79f8ace7aebb', '2d856b3d-0734-43e1-a223-10f918c57d1d', '8cb60d92-a0bf-46cb-aca5-7b306227de28', '2026-02-22 14:30:00+00', '2026-02-22 14:50:00+00', 'completed', 2000, false, NULL, '2026-02-22 02:49:09.349055+00', '2026-02-22 02:50:07.685132+00', NULL, NULL, NULL, 'unpaid'),
	('ea69a00f-e2b0-478d-8adf-452e947cacb9', '98728ad3-4314-4f11-b21c-79f8ace7aebb', '2d856b3d-0734-43e1-a223-10f918c57d1d', '99a13fc2-e83c-405f-8e14-7c4a66817323', '2026-02-23 14:00:00+00', '2026-02-23 14:30:00+00', 'completed', 4000, false, NULL, '2026-02-22 02:51:48.344226+00', '2026-02-22 02:52:34.820325+00', NULL, NULL, NULL, 'unpaid'),
	('019007c6-f472-4869-89e6-3c6e71b22a27', '98728ad3-4314-4f11-b21c-79f8ace7aebb', '7bd53f55-4a4d-453e-8479-edff2ef1e09d', '9a75c52e-e224-4d4d-9c42-7ed04ae4e2e3', '2026-02-28 14:00:00+00', '2026-02-28 14:30:00+00', 'cancelled', 13300, false, NULL, '2026-02-26 21:06:53.144374+00', '2026-02-26 22:26:07.961777+00', NULL, NULL, NULL, 'unpaid'),
	('65dfd54a-e92e-4e23-bfc7-097459268e5b', '98728ad3-4314-4f11-b21c-79f8ace7aebb', '7bd53f55-4a4d-453e-8479-edff2ef1e09d', '99a13fc2-e83c-405f-8e14-7c4a66817323', '2026-02-28 14:00:00+00', '2026-02-28 14:30:00+00', 'cancelled', 4000, false, NULL, '2026-02-26 05:22:09.280327+00', '2026-02-26 22:27:52.534109+00', NULL, NULL, NULL, 'unpaid'),
	('4fd28dcc-cf55-49c8-9745-99504914aa91', '98728ad3-4314-4f11-b21c-79f8ace7aebb', '86f4adb9-7925-47a0-976e-13068bd41884', '99a13fc2-e83c-405f-8e14-7c4a66817323', '2026-02-22 17:30:00+00', '2026-02-22 18:00:00+00', 'completed', 4000, false, NULL, '2026-02-22 03:05:19.369215+00', '2026-02-22 03:06:04.609118+00', NULL, NULL, NULL, 'unpaid'),
	('fdc344da-ac49-44f1-8197-746c47aaaf14', '98728ad3-4314-4f11-b21c-79f8ace7aebb', '3bc77d5e-8129-4327-86ee-c1636d24b075', '99a13fc2-e83c-405f-8e14-7c4a66817323', '2026-02-23 15:00:00+00', '2026-02-23 15:30:00+00', 'completed', 4000, false, NULL, '2026-02-22 03:08:29.616354+00', '2026-02-22 03:08:59.2632+00', NULL, NULL, NULL, 'unpaid'),
	('d185bd90-ae33-453c-98a0-5cec25c05fa0', '98728ad3-4314-4f11-b21c-79f8ace7aebb', '8b6b1538-6768-429c-8e13-f2e1d2be23da', '99a13fc2-e83c-405f-8e14-7c4a66817323', '2026-02-23 14:30:00+00', '2026-02-23 15:00:00+00', 'completed', 4000, false, NULL, '2026-02-22 03:12:48.387001+00', '2026-02-22 03:13:20.914879+00', NULL, NULL, NULL, 'unpaid'),
	('ef14f8cc-41e7-4e24-907c-a37692a73670', '98728ad3-4314-4f11-b21c-79f8ace7aebb', '96a2e885-029d-4fa9-8b07-aacbfbd580a8', '99a13fc2-e83c-405f-8e14-7c4a66817323', '2026-02-22 19:30:00+00', '2026-02-22 20:00:00+00', 'completed', 4000, false, NULL, '2026-02-22 04:33:41.851347+00', '2026-02-22 04:35:43.24419+00', NULL, NULL, NULL, 'unpaid'),
	('532a4fc2-0d4b-497e-82b0-bb61e193fa12', '98728ad3-4314-4f11-b21c-79f8ace7aebb', '7bd53f55-4a4d-453e-8479-edff2ef1e09d', '99a13fc2-e83c-405f-8e14-7c4a66817323', '2026-02-27 15:00:00+00', '2026-02-27 15:30:00+00', 'cancelled', 4000, false, NULL, '2026-02-26 23:37:16.770988+00', '2026-02-26 23:38:52.906883+00', NULL, NULL, NULL, 'unpaid'),
	('2d53a4df-12c2-4dd3-bf04-3acf31f311e2', '98728ad3-4314-4f11-b21c-79f8ace7aebb', '7bd53f55-4a4d-453e-8479-edff2ef1e09d', '64f485d2-cbeb-4a4e-b0d0-c2bc4f8a21ff', '2026-02-27 22:00:00+00', '2026-02-27 22:30:00+00', 'cancelled', 3500, false, NULL, '2026-02-26 22:34:00.78283+00', '2026-02-26 23:40:14.474717+00', NULL, NULL, NULL, 'unpaid'),
	('a20ef2e7-0d3e-4470-970a-2bc3941d2ae7', '98728ad3-4314-4f11-b21c-79f8ace7aebb', '7bd53f55-4a4d-453e-8479-edff2ef1e09d', '9a75c52e-e224-4d4d-9c42-7ed04ae4e2e3', '2026-03-01 16:00:00+00', '2026-03-01 16:30:00+00', 'cancelled', 13300, false, NULL, '2026-02-26 22:28:53.873782+00', '2026-02-26 23:45:13.072826+00', NULL, NULL, NULL, 'unpaid'),
	('a23353dd-c69e-45f0-84ca-398ac08d711e', '98728ad3-4314-4f11-b21c-79f8ace7aebb', '7bd53f55-4a4d-453e-8479-edff2ef1e09d', '8cb60d92-a0bf-46cb-aca5-7b306227de28', '2026-02-28 23:00:00+00', '2026-02-28 23:20:00+00', 'cancelled', 2000, false, NULL, '2026-02-27 03:33:25.322493+00', '2026-02-27 03:39:09.94814+00', NULL, NULL, NULL, 'unpaid'),
	('c43367aa-b369-4003-a81f-587426dd77ed', '98728ad3-4314-4f11-b21c-79f8ace7aebb', '7bd53f55-4a4d-453e-8479-edff2ef1e09d', '9a75c52e-e224-4d4d-9c42-7ed04ae4e2e3', '2026-02-27 22:00:00+00', '2026-02-27 22:30:00+00', 'cancelled', 13300, false, NULL, '2026-02-27 04:10:30.299861+00', '2026-02-27 04:11:30.777631+00', NULL, NULL, NULL, 'unpaid'),
	('454217de-79c2-4b0d-84c2-2c0c41435d64', '98728ad3-4314-4f11-b21c-79f8ace7aebb', '7bd53f55-4a4d-453e-8479-edff2ef1e09d', '64f485d2-cbeb-4a4e-b0d0-c2bc4f8a21ff', '2026-02-27 15:00:00+00', '2026-02-27 15:30:00+00', 'cancelled', 3500, false, NULL, '2026-02-27 04:12:29.015468+00', '2026-02-27 04:12:58.415798+00', NULL, NULL, NULL, 'unpaid'),
	('59c38097-ae94-413d-b8c3-f07a10e38c06', '98728ad3-4314-4f11-b21c-79f8ace7aebb', '7bd53f55-4a4d-453e-8479-edff2ef1e09d', '99a13fc2-e83c-405f-8e14-7c4a66817323', '2026-02-27 17:30:00+00', '2026-02-27 18:00:00+00', 'cancelled', 4000, false, NULL, '2026-02-27 04:24:58.922563+00', '2026-02-27 04:26:14.813643+00', NULL, NULL, NULL, 'unpaid'),
	('193a6c44-0475-4d26-828a-8d82f434cc2d', '98728ad3-4314-4f11-b21c-79f8ace7aebb', '7bd53f55-4a4d-453e-8479-edff2ef1e09d', '8cb60d92-a0bf-46cb-aca5-7b306227de28', '2026-02-27 16:00:00+00', '2026-02-27 16:20:00+00', 'confirmed', 2000, false, NULL, '2026-02-27 04:42:59.495613+00', '2026-02-27 04:45:00.478319+00', NULL, NULL, NULL, 'unpaid'),
	('4bff1923-f78b-451f-b401-ff909a110d03', '98728ad3-4314-4f11-b21c-79f8ace7aebb', '7bd53f55-4a4d-453e-8479-edff2ef1e09d', '9a75c52e-e224-4d4d-9c42-7ed04ae4e2e3', '2026-02-27 14:00:00+00', '2026-02-27 14:30:00+00', 'cancelled', 13300, false, NULL, '2026-02-26 04:58:20.239797+00', '2026-02-27 05:23:54.976865+00', NULL, NULL, NULL, 'unpaid'),
	('344f680b-7b39-410f-95aa-3ae583749d44', '98728ad3-4314-4f11-b21c-79f8ace7aebb', '7bd53f55-4a4d-453e-8479-edff2ef1e09d', '64f485d2-cbeb-4a4e-b0d0-c2bc4f8a21ff', '2026-02-28 03:30:00+00', '2026-02-28 04:00:00+00', 'confirmed', 3500, false, NULL, '2026-02-28 03:25:48.658972+00', '2026-02-28 03:25:48.658972+00', NULL, NULL, NULL, 'unpaid'),
	('c2f40ae3-287f-4cc4-9712-eec28c5d38f5', '98728ad3-4314-4f11-b21c-79f8ace7aebb', '7bd53f55-4a4d-453e-8479-edff2ef1e09d', '8cb60d92-a0bf-46cb-aca5-7b306227de28', '2026-02-28 05:30:00+00', '2026-02-28 05:50:00+00', 'cancelled', 2000, false, NULL, '2026-02-28 03:27:52.341025+00', '2026-02-28 04:36:31.425217+00', NULL, NULL, NULL, 'unpaid'),
	('bec5e4f6-d8a2-422b-9cbf-2d7d9dafd566', '98728ad3-4314-4f11-b21c-79f8ace7aebb', '7bd53f55-4a4d-453e-8479-edff2ef1e09d', '8cb60d92-a0bf-46cb-aca5-7b306227de28', '2026-02-28 14:00:00+00', '2026-02-28 14:20:00+00', 'cancelled', 2000, false, NULL, '2026-02-28 04:12:18.860128+00', '2026-02-28 04:42:08.583323+00', NULL, NULL, NULL, 'unpaid'),
	('c3babf80-fad8-4bd2-8a26-162743840879', '98728ad3-4314-4f11-b21c-79f8ace7aebb', '7bd53f55-4a4d-453e-8479-edff2ef1e09d', '99a13fc2-e83c-405f-8e14-7c4a66817323', '2026-02-28 15:00:00+00', '2026-02-28 15:30:00+00', 'cancelled', 4000, false, NULL, '2026-02-28 04:38:01.20888+00', '2026-02-28 05:09:37.694418+00', NULL, NULL, NULL, 'unpaid'),
	('3fb79c7c-a5c2-445a-bb28-a310032dec3f', '98728ad3-4314-4f11-b21c-79f8ace7aebb', '7bd53f55-4a4d-453e-8479-edff2ef1e09d', '8cb60d92-a0bf-46cb-aca5-7b306227de28', '2026-02-28 15:30:00+00', '2026-02-28 15:50:00+00', 'cancelled', 2000, false, NULL, '2026-02-28 04:42:40.574709+00', '2026-02-28 05:09:44.411072+00', NULL, NULL, NULL, 'unpaid'),
	('0b34d902-3a60-4d14-8fe0-8a55789ad5d1', '98728ad3-4314-4f11-b21c-79f8ace7aebb', '7bd53f55-4a4d-453e-8479-edff2ef1e09d', '8cb60d92-a0bf-46cb-aca5-7b306227de28', '2026-03-01 10:00:00+00', '2026-03-01 10:20:00+00', 'cancelled', 2000, false, NULL, '2026-02-28 04:23:14.643384+00', '2026-02-28 05:35:04.153315+00', NULL, NULL, NULL, 'unpaid'),
	('519f3136-9e78-4b27-9b7a-d1c9f26abdc7', '98728ad3-4314-4f11-b21c-79f8ace7aebb', '7bd53f55-4a4d-453e-8479-edff2ef1e09d', '8cb60d92-a0bf-46cb-aca5-7b306227de28', '2026-03-01 11:00:00+00', '2026-03-01 11:20:00+00', 'cancelled', 2000, false, NULL, '2026-02-28 05:10:46.320834+00', '2026-02-28 05:35:30.730552+00', NULL, NULL, NULL, 'unpaid'),
	('8d8cce1e-80bf-4341-945d-bd9edae466a2', '98728ad3-4314-4f11-b21c-79f8ace7aebb', '7bd53f55-4a4d-453e-8479-edff2ef1e09d', '9a75c52e-e224-4d4d-9c42-7ed04ae4e2e3', '2026-03-03 18:30:00+00', '2026-03-03 19:00:00+00', 'cancelled', 13300, false, NULL, '2026-02-27 08:06:13.681107+00', '2026-03-01 08:47:36.572245+00', NULL, NULL, NULL, 'unpaid'),
	('d1bf1c37-cb96-4729-9b53-2d58f8090bb6', '98728ad3-4314-4f11-b21c-79f8ace7aebb', '7bd53f55-4a4d-453e-8479-edff2ef1e09d', '9a75c52e-e224-4d4d-9c42-7ed04ae4e2e3', '2026-03-01 14:00:00+00', '2026-03-01 14:30:00+00', 'cancelled', 13300, false, NULL, '2026-02-28 05:35:58.439633+00', '2026-03-01 08:47:41.073549+00', NULL, NULL, NULL, 'unpaid'),
	('ecc1152e-4418-446e-b063-edbaff9e25dd', '98728ad3-4314-4f11-b21c-79f8ace7aebb', '7bd53f55-4a4d-453e-8479-edff2ef1e09d', '8cb60d92-a0bf-46cb-aca5-7b306227de28', '2026-03-01 08:30:00+00', '2026-03-01 08:50:00+00', 'confirmed', 2000, false, NULL, '2026-03-01 08:49:36.705715+00', '2026-03-01 08:49:36.705715+00', NULL, NULL, NULL, 'unpaid'),
	('0b9078c0-d31f-4f28-8340-5c6e81c0fa82', '98728ad3-4314-4f11-b21c-79f8ace7aebb', '7bd53f55-4a4d-453e-8479-edff2ef1e09d', '64f485d2-cbeb-4a4e-b0d0-c2bc4f8a21ff', '2026-03-01 13:30:00+00', '2026-03-01 14:00:00+00', 'confirmed', 700, true, 700, '2026-03-01 09:01:30.803781+00', '2026-03-01 09:01:30.803781+00', NULL, NULL, 'cs_test_a160dlg1qD6ctUdlD8rzQQa39DoRT8BdVC3mZJPdZ59yaf9sfIWAI6geha', 'deposit_paid'),
	('c3f48dd1-332a-49cc-8a8e-2330a4364e83', '98728ad3-4314-4f11-b21c-79f8ace7aebb', '281a606a-8090-4ccf-883f-d6cebe4bc365', '99a13fc2-e83c-405f-8e14-7c4a66817323', '2026-03-02 10:00:00+00', '2026-03-02 10:30:00+00', 'confirmed', 4000, false, NULL, '2026-03-02 04:51:43.108962+00', '2026-03-02 04:51:43.108962+00', NULL, NULL, NULL, 'unpaid'),
	('fd4829ee-8168-4a6b-bf72-d481ff977f45', '98728ad3-4314-4f11-b21c-79f8ace7aebb', '7bd53f55-4a4d-453e-8479-edff2ef1e09d', '64f485d2-cbeb-4a4e-b0d0-c2bc4f8a21ff', '2026-03-01 09:30:00+00', '2026-03-01 10:00:00+00', 'confirmed', 3500, false, NULL, '2026-03-03 00:32:15.775724+00', '2026-03-03 00:32:15.775724+00', NULL, NULL, 'cs_test_a10O4Lp1F00zI2QB69rgjFFeaKa3Rvp37b7Eizn3Sc62ds2CoyNx7hbFpI', 'paid'),
	('75c57d3b-2d55-492d-bd11-5cb487fce96c', '98728ad3-4314-4f11-b21c-79f8ace7aebb', '7bd53f55-4a4d-453e-8479-edff2ef1e09d', '8cb60d92-a0bf-46cb-aca5-7b306227de28', '2026-03-02 21:30:00+00', '2026-03-02 21:50:00+00', 'confirmed', 2000, false, NULL, '2026-03-03 00:34:09.739081+00', '2026-03-03 00:34:09.739081+00', NULL, NULL, NULL, 'unpaid'),
	('efe9c0b3-5d0e-4801-9a0a-bd46c37d4043', '98728ad3-4314-4f11-b21c-79f8ace7aebb', '7bd53f55-4a4d-453e-8479-edff2ef1e09d', '99a13fc2-e83c-405f-8e14-7c4a66817323', '2026-03-03 09:00:00+00', '2026-03-03 09:30:00+00', 'cancelled', 4000, false, NULL, '2026-03-03 00:36:43.933032+00', '2026-03-03 02:31:10.538729+00', NULL, NULL, 'cs_test_a1aQjACCeDX1yvRq26T0L6rNJamacY0V4UGIrwgB5dk1XEqQ3nRDxBkokz', 'paid'),
	('eeb9465e-f902-4faa-8bd4-40e52824e77e', '98728ad3-4314-4f11-b21c-79f8ace7aebb', '7bd53f55-4a4d-453e-8479-edff2ef1e09d', '9a75c52e-e224-4d4d-9c42-7ed04ae4e2e3', '2026-03-04 14:00:00+00', '2026-03-04 14:30:00+00', 'cancelled', 13300, false, NULL, '2026-03-03 02:22:54.533702+00', '2026-03-03 02:31:13.486012+00', NULL, NULL, NULL, 'unpaid'),
	('a8d576f8-81c5-4f1e-b1ff-52caef8e902b', '98728ad3-4314-4f11-b21c-79f8ace7aebb', '7bd53f55-4a4d-453e-8479-edff2ef1e09d', '8cb60d92-a0bf-46cb-aca5-7b306227de28', '2026-03-04 11:30:00+00', '2026-03-04 11:50:00+00', 'cancelled', 2000, false, NULL, '2026-03-03 02:23:44.292393+00', '2026-03-03 02:31:16.240037+00', NULL, NULL, NULL, 'unpaid'),
	('758b5dba-0423-4114-a948-03fb576d148e', '98728ad3-4314-4f11-b21c-79f8ace7aebb', '7bd53f55-4a4d-453e-8479-edff2ef1e09d', '9a75c52e-e224-4d4d-9c42-7ed04ae4e2e3', '2026-03-05 08:00:00+00', '2026-03-05 08:30:00+00', 'cancelled', 13300, false, NULL, '2026-03-03 02:25:18.999255+00', '2026-03-03 02:31:18.292802+00', NULL, NULL, NULL, 'unpaid'),
	('8dd1ddbc-d7cf-467d-96c3-681140a9fa3e', '98728ad3-4314-4f11-b21c-79f8ace7aebb', '7bd53f55-4a4d-453e-8479-edff2ef1e09d', '99a13fc2-e83c-405f-8e14-7c4a66817323', '2026-03-05 14:00:00+00', '2026-03-05 14:30:00+00', 'cancelled', 4000, false, NULL, '2026-03-03 02:27:06.604898+00', '2026-03-03 02:31:20.161753+00', NULL, NULL, NULL, 'unpaid'),
	('d8f31e0f-0494-4cf5-86d3-0b4217c98a53', '98728ad3-4314-4f11-b21c-79f8ace7aebb', '7bd53f55-4a4d-453e-8479-edff2ef1e09d', '9a75c52e-e224-4d4d-9c42-7ed04ae4e2e3', '2026-03-07 00:00:00+00', '2026-03-07 00:30:00+00', 'cancelled', 13300, false, NULL, '2026-03-03 02:47:55.455262+00', '2026-03-03 03:02:44.36549+00', NULL, NULL, 'cs_test_a18jlfaCBnl8ieFT7fWIDu5d4otN6z96Zk2YtLYp7DK2JBq33m29Ka7rsc', 'paid'),
	('6a3f5eeb-635c-4cff-9a35-1f3617a331de', '98728ad3-4314-4f11-b21c-79f8ace7aebb', '7bd53f55-4a4d-453e-8479-edff2ef1e09d', '64f485d2-cbeb-4a4e-b0d0-c2bc4f8a21ff', '2026-03-05 14:00:00+00', '2026-03-05 14:30:00+00', 'cancelled', 3500, false, NULL, '2026-03-03 03:15:25.591457+00', '2026-03-03 03:15:58.598+00', NULL, NULL, NULL, 'unpaid'),
	('87d14c82-2e70-4921-8719-d7b1fc6a2ef4', '98728ad3-4314-4f11-b21c-79f8ace7aebb', '7bd53f55-4a4d-453e-8479-edff2ef1e09d', '99a13fc2-e83c-405f-8e14-7c4a66817323', '2026-03-06 20:30:00+00', '2026-03-06 21:00:00+00', 'cancelled', 4000, false, NULL, '2026-03-03 03:17:28.261261+00', '2026-03-03 03:18:02.69747+00', NULL, NULL, NULL, 'unpaid'),
	('4bfb9d88-6e9d-417e-a498-0a2348e02db6', '98728ad3-4314-4f11-b21c-79f8ace7aebb', '7bd53f55-4a4d-453e-8479-edff2ef1e09d', '9a75c52e-e224-4d4d-9c42-7ed04ae4e2e3', '2026-03-07 23:30:00+00', '2026-03-08 00:00:00+00', 'cancelled', 13300, false, NULL, '2026-03-03 02:52:55.424248+00', '2026-03-03 03:28:20.607929+00', NULL, NULL, NULL, 'unpaid'),
	('ae45d55f-69b9-4609-9197-68d6aca39fd0', '98728ad3-4314-4f11-b21c-79f8ace7aebb', '7bd53f55-4a4d-453e-8479-edff2ef1e09d', '99a13fc2-e83c-405f-8e14-7c4a66817323', '2026-03-07 17:30:00+00', '2026-03-07 18:00:00+00', 'cancelled', 4000, false, NULL, '2026-03-03 03:19:19.500739+00', '2026-03-03 03:29:16.155457+00', NULL, NULL, NULL, 'unpaid'),
	('394edb46-46c7-468a-b111-01ddd0d5df31', '98728ad3-4314-4f11-b21c-79f8ace7aebb', '7bd53f55-4a4d-453e-8479-edff2ef1e09d', '9a75c52e-e224-4d4d-9c42-7ed04ae4e2e3', '2026-03-03 10:00:00+00', '2026-03-03 10:30:00+00', 'cancelled', 13300, false, NULL, '2026-03-03 03:58:19.296425+00', '2026-03-03 03:58:51.965834+00', NULL, NULL, NULL, 'unpaid'),
	('89fd7558-b7f8-4a21-a76d-9ff2bb328d9c', '98728ad3-4314-4f11-b21c-79f8ace7aebb', '281a606a-8090-4ccf-883f-d6cebe4bc365', '9a75c52e-e224-4d4d-9c42-7ed04ae4e2e3', '2026-03-04 13:30:00+00', '2026-03-04 14:00:00+00', 'cancelled', 13300, false, NULL, '2026-03-03 12:29:08.737957+00', '2026-03-03 12:35:25.277942+00', NULL, NULL, 'cs_test_a1P8HQTwZIFOh3wIJVZP40Oo8CSGOIG0JG2jC28sfDhmq0lHBAiBCLBMaX', 'paid'),
	('ee4ddd9c-bb44-4743-9312-f1a24a189874', '98728ad3-4314-4f11-b21c-79f8ace7aebb', '85e1a6dc-2508-4de0-a97e-53ec5b55bfef', '8cb60d92-a0bf-46cb-aca5-7b306227de28', '2026-03-14 06:00:00+00', '2026-03-14 06:20:00+00', 'confirmed', 2000, false, NULL, '2026-03-03 12:40:32.572652+00', '2026-03-03 12:40:32.572652+00', NULL, NULL, NULL, 'unpaid'),
	('dc6ee718-c751-48da-b552-a6467695aefd', '98728ad3-4314-4f11-b21c-79f8ace7aebb', '281a606a-8090-4ccf-883f-d6cebe4bc365', '64f485d2-cbeb-4a4e-b0d0-c2bc4f8a21ff', '2026-03-08 14:30:00+00', '2026-03-08 15:00:00+00', 'cancelled', 3500, false, NULL, '2026-03-03 12:34:02.650344+00', '2026-03-03 15:40:28.850858+00', NULL, NULL, 'cs_test_a1OspQmMxurjSLhTX6OOw1QR1hQ9nGfwtWjDVtafl7woxtLvLj57qBiY2z', 'paid'),
	('793dd087-8a43-4aca-a600-e4445d735f31', '98728ad3-4314-4f11-b21c-79f8ace7aebb', '281a606a-8090-4ccf-883f-d6cebe4bc365', '9a75c52e-e224-4d4d-9c42-7ed04ae4e2e3', '2026-03-04 16:30:00+00', '2026-03-04 17:00:00+00', 'completed', 13300, false, NULL, '2026-03-03 15:42:11.348712+00', '2026-03-04 02:45:24.689343+00', NULL, NULL, NULL, 'paid'),
	('b82da77e-1339-4ca3-80eb-ee0051c3c925', '98728ad3-4314-4f11-b21c-79f8ace7aebb', '7bd53f55-4a4d-453e-8479-edff2ef1e09d', '64f485d2-cbeb-4a4e-b0d0-c2bc4f8a21ff', '2026-03-03 16:00:00+00', '2026-03-03 16:30:00+00', 'completed', 3500, false, NULL, '2026-03-03 03:42:12.710698+00', '2026-03-04 03:17:44.469038+00', NULL, NULL, NULL, 'paid'),
	('3f87742b-ae2a-4cf1-ab63-83d69f7982a5', '98728ad3-4314-4f11-b21c-79f8ace7aebb', '7bd53f55-4a4d-453e-8479-edff2ef1e09d', '8cb60d92-a0bf-46cb-aca5-7b306227de28', '2026-03-05 16:00:00+00', '2026-03-05 16:20:00+00', 'completed', 2000, false, NULL, '2026-03-03 02:28:16.271704+00', '2026-03-04 03:18:26.609934+00', NULL, NULL, NULL, 'paid'),
	('0930ca41-8921-46f8-8fbe-0286af29968f', '98728ad3-4314-4f11-b21c-79f8ace7aebb', '7bd53f55-4a4d-453e-8479-edff2ef1e09d', '8cb60d92-a0bf-46cb-aca5-7b306227de28', '2026-03-05 22:00:00+00', '2026-03-05 22:20:00+00', 'completed', 2000, false, NULL, '2026-03-03 02:46:16.070013+00', '2026-03-04 03:19:45.220716+00', NULL, NULL, NULL, 'paid'),
	('146c00cc-de16-4e1f-9e1f-6e30d3a9269d', '98728ad3-4314-4f11-b21c-79f8ace7aebb', '7bd53f55-4a4d-453e-8479-edff2ef1e09d', '99a13fc2-e83c-405f-8e14-7c4a66817323', '2026-03-08 15:30:00+00', '2026-03-08 16:00:00+00', 'completed', 4000, false, NULL, '2026-03-03 03:21:01.652366+00', '2026-03-04 03:20:14.235527+00', NULL, NULL, NULL, 'paid'),
	('be9d1788-cb08-4c2d-872e-dd85bcb669a3', '98728ad3-4314-4f11-b21c-79f8ace7aebb', '7bd53f55-4a4d-453e-8479-edff2ef1e09d', '8cb60d92-a0bf-46cb-aca5-7b306227de28', '2026-03-04 15:30:00+00', '2026-03-04 15:50:00+00', 'completed', 2000, false, NULL, '2026-03-03 00:39:42.941459+00', '2026-03-04 03:20:52.26992+00', NULL, NULL, NULL, 'paid'),
	('9837d6fa-cb89-4ce4-bd7b-68272d55887f', '98728ad3-4314-4f11-b21c-79f8ace7aebb', '7bd53f55-4a4d-453e-8479-edff2ef1e09d', '99a13fc2-e83c-405f-8e14-7c4a66817323', '2026-03-04 20:30:00+00', '2026-03-04 21:00:00+00', 'completed', 4000, false, NULL, '2026-03-03 03:54:34.372924+00', '2026-03-04 03:20:58.390407+00', NULL, NULL, NULL, 'paid'),
	('85d85a33-78d1-45d8-930d-6863141d7a59', '98728ad3-4314-4f11-b21c-79f8ace7aebb', '7bd53f55-4a4d-453e-8479-edff2ef1e09d', '8cb60d92-a0bf-46cb-aca5-7b306227de28', '2026-03-06 19:00:00+00', '2026-03-06 19:20:00+00', 'completed', 2000, false, NULL, '2026-03-04 03:24:24.809054+00', '2026-03-04 03:32:58.016097+00', NULL, NULL, NULL, 'paid'),
	('4695802b-f9d3-4a2a-a652-6acb5aec5259', '98728ad3-4314-4f11-b21c-79f8ace7aebb', '7bd53f55-4a4d-453e-8479-edff2ef1e09d', '8cb60d92-a0bf-46cb-aca5-7b306227de28', '2026-03-07 22:00:00+00', '2026-03-07 22:20:00+00', 'completed', 2000, false, NULL, '2026-03-04 03:27:14.140628+00', '2026-03-04 03:33:49.196003+00', NULL, NULL, NULL, 'paid'),
	('c52e7e2b-6d71-41bf-9c5b-e41e63f3cbef', '98728ad3-4314-4f11-b21c-79f8ace7aebb', '7bd53f55-4a4d-453e-8479-edff2ef1e09d', '8cb60d92-a0bf-46cb-aca5-7b306227de28', '2026-03-09 15:00:00+00', '2026-03-09 15:20:00+00', 'cancelled', 2000, false, NULL, '2026-03-04 03:37:00.748476+00', '2026-03-04 03:38:25.709425+00', NULL, NULL, NULL, 'unpaid'),
	('81171ddf-f38b-4497-accc-122da8bffce3', '98728ad3-4314-4f11-b21c-79f8ace7aebb', '281a606a-8090-4ccf-883f-d6cebe4bc365', '9a75c52e-e224-4d4d-9c42-7ed04ae4e2e3', '2026-03-05 00:00:00+00', '2026-03-05 00:30:00+00', 'completed', 13300, false, NULL, '2026-03-04 03:01:21.183467+00', '2026-03-04 03:43:22.70197+00', NULL, NULL, NULL, 'paid'),
	('15699278-5efe-42a8-9357-8762a42c322f', '98728ad3-4314-4f11-b21c-79f8ace7aebb', '7bd53f55-4a4d-453e-8479-edff2ef1e09d', '99a13fc2-e83c-405f-8e14-7c4a66817323', '2026-03-05 18:30:00+00', '2026-03-05 19:00:00+00', 'completed', 4000, false, NULL, '2026-03-04 03:54:22.119232+00', '2026-03-04 03:56:51.516399+00', NULL, NULL, NULL, 'paid'),
	('36175b43-41be-4b71-9197-121616867d5d', '98728ad3-4314-4f11-b21c-79f8ace7aebb', '7bd53f55-4a4d-453e-8479-edff2ef1e09d', '99a13fc2-e83c-405f-8e14-7c4a66817323', '2026-03-06 16:30:00+00', '2026-03-06 17:00:00+00', 'completed', 4000, false, NULL, '2026-03-04 03:58:30.15884+00', '2026-03-04 03:59:21.985548+00', NULL, NULL, NULL, 'paid'),
	('a2d98c15-b7f9-44da-9b6f-ece7121d02f9', '98728ad3-4314-4f11-b21c-79f8ace7aebb', '281a606a-8090-4ccf-883f-d6cebe4bc365', '99a13fc2-e83c-405f-8e14-7c4a66817323', '2026-03-04 13:00:00+00', '2026-03-04 13:30:00+00', 'completed', 4000, false, NULL, '2026-03-04 03:15:12.808581+00', '2026-03-04 04:03:26.039635+00', NULL, NULL, NULL, 'paid'),
	('58e48504-0200-40e1-99e0-7462fce7ec66', '98728ad3-4314-4f11-b21c-79f8ace7aebb', '281a606a-8090-4ccf-883f-d6cebe4bc365', '9a75c52e-e224-4d4d-9c42-7ed04ae4e2e3', '2026-03-07 16:00:00+00', '2026-03-07 16:30:00+00', 'cancelled', 13300, false, NULL, '2026-03-04 04:06:25.007329+00', '2026-03-04 04:10:02.629567+00', NULL, NULL, 'cs_test_a1hFKOMJjfkm2J1ZdbYPUIJSoSaKTa19vAghVovGUGlCii6hLio1YMQWYy', 'paid'),
	('80109162-991d-418a-8833-200b8a22cbcd', '98728ad3-4314-4f11-b21c-79f8ace7aebb', '281a606a-8090-4ccf-883f-d6cebe4bc365', '99a13fc2-e83c-405f-8e14-7c4a66817323', '2026-03-04 22:30:00+00', '2026-03-04 23:00:00+00', 'completed', 800, true, 800, '2026-03-04 04:11:17.223034+00', '2026-03-04 04:14:07.024136+00', NULL, NULL, 'cs_test_a1YNUXwJf7NN7tQgPYtU7ZmQAchgFhrgTXRb0uWyuvUpVbF5jHVwXelau8', 'paid'),
	('a39abd21-e3f5-43a0-92e9-e0a24b513d99', '98728ad3-4314-4f11-b21c-79f8ace7aebb', '7bd53f55-4a4d-453e-8479-edff2ef1e09d', '8cb60d92-a0bf-46cb-aca5-7b306227de28', '2026-03-05 19:00:00+00', '2026-03-05 19:20:00+00', 'completed', 400, true, 400, '2026-03-04 04:30:36.593513+00', '2026-03-04 04:34:39.742522+00', NULL, NULL, 'cs_test_a1VvhAtelrakAQunhp1cpOEhYOUvNW9LT0a8L67c1sLhd9PgZpfp3vN1xz', 'paid'),
	('0b33cbd1-aca4-4ba7-8714-54ab58dc2e19', '98728ad3-4314-4f11-b21c-79f8ace7aebb', '7bd53f55-4a4d-453e-8479-edff2ef1e09d', '64f485d2-cbeb-4a4e-b0d0-c2bc4f8a21ff', '2026-03-08 12:00:00+00', '2026-03-08 12:30:00+00', 'completed', 3500, false, NULL, '2026-03-04 05:03:47.064606+00', '2026-03-04 05:07:01.520144+00', NULL, NULL, NULL, 'paid'),
	('4f990e1b-6bc6-4d26-964c-cd8c8d0fc498', '98728ad3-4314-4f11-b21c-79f8ace7aebb', '7bd53f55-4a4d-453e-8479-edff2ef1e09d', '8cb60d92-a0bf-46cb-aca5-7b306227de28', '2026-03-05 21:00:00+00', '2026-03-05 21:20:00+00', 'completed', 2000, false, NULL, '2026-03-04 05:10:11.277644+00', '2026-03-04 05:11:09.1867+00', NULL, NULL, NULL, 'paid'),
	('0b48f157-0058-44ab-8c6b-f45cbf9dc388', '98728ad3-4314-4f11-b21c-79f8ace7aebb', '7bd53f55-4a4d-453e-8479-edff2ef1e09d', '64f485d2-cbeb-4a4e-b0d0-c2bc4f8a21ff', '2026-03-06 22:00:00+00', '2026-03-06 22:30:00+00', 'completed', 3500, false, NULL, '2026-03-04 05:12:41.061302+00', '2026-03-04 05:14:44.14452+00', NULL, NULL, NULL, 'paid'),
	('d661c6b3-8c1b-4945-9598-bf3628506c29', '98728ad3-4314-4f11-b21c-79f8ace7aebb', '281a606a-8090-4ccf-883f-d6cebe4bc365', '99a13fc2-e83c-405f-8e14-7c4a66817323', '2026-03-06 15:30:00+00', '2026-03-06 16:00:00+00', 'completed', 4000, false, NULL, '2026-03-04 04:41:57.733123+00', '2026-03-04 05:24:45.364207+00', NULL, NULL, NULL, 'paid'),
	('8ed29beb-1c40-466d-921b-9fd9dfc7fbb8', '98728ad3-4314-4f11-b21c-79f8ace7aebb', '7bd53f55-4a4d-453e-8479-edff2ef1e09d', '99a13fc2-e83c-405f-8e14-7c4a66817323', '2026-03-07 16:00:00+00', '2026-03-07 16:30:00+00', 'completed', 4000, false, NULL, '2026-03-04 05:22:10.794897+00', '2026-03-04 13:56:47.66441+00', NULL, NULL, NULL, 'paid'),
	('3b9a883d-db5b-490e-af4d-f41d4650a359', '98728ad3-4314-4f11-b21c-79f8ace7aebb', '7bd53f55-4a4d-453e-8479-edff2ef1e09d', '64f485d2-cbeb-4a4e-b0d0-c2bc4f8a21ff', '2026-03-06 00:00:00+00', '2026-03-06 00:30:00+00', 'completed', 3500, false, NULL, '2026-03-04 13:57:50.618951+00', '2026-03-04 14:00:14.364526+00', NULL, NULL, NULL, 'paid');


--
-- Data for Name: business_features; Type: TABLE DATA; Schema: public; Owner: postgres
--

INSERT INTO "public"."business_features" ("business_id", "deposits_enabled", "loyalty_enabled", "referrals_enabled", "feedback_enabled", "created_at", "updated_at") VALUES
	('bcc3f6ec-ee1c-4e13-b8c2-c967a6c02007', false, true, false, false, '2026-02-08 02:58:42.032045+00', '2026-02-08 03:02:46.624553+00'),
	('59688e1a-3373-4426-9474-12ab47a969d4', false, false, false, false, '2026-02-11 20:52:05.159561+00', '2026-02-11 20:52:05.159561+00'),
	('c382838e-37ec-452c-9ea3-66a7cc10244c', false, false, false, false, '2026-02-12 00:10:02.273899+00', '2026-02-12 00:10:02.273899+00'),
	('10bd570b-9524-4a00-a12a-913f5400c06f', false, false, false, false, '2026-02-18 04:04:27.169649+00', '2026-02-18 04:04:27.169649+00');


--
-- Data for Name: cancellation_policies; Type: TABLE DATA; Schema: public; Owner: postgres
--



--
-- Data for Name: deposit_settings; Type: TABLE DATA; Schema: public; Owner: postgres
--

INSERT INTO "public"."deposit_settings" ("business_id", "enabled", "type", "amount_cents", "percent", "created_at", "updated_at") VALUES
	('bcc3f6ec-ee1c-4e13-b8c2-c967a6c02007', true, 'flat', NULL, NULL, '2026-02-08 22:18:54.948331+00', '2026-02-08 22:19:01.765517+00'),
	('98728ad3-4314-4f11-b21c-79f8ace7aebb', false, 'percent', NULL, 20, '2026-02-24 05:39:32.994617+00', '2026-03-04 04:41:47.044915+00');


--
-- Data for Name: feedback; Type: TABLE DATA; Schema: public; Owner: postgres
--



--
-- Data for Name: loyalty_ledger; Type: TABLE DATA; Schema: public; Owner: postgres
--

INSERT INTO "public"."loyalty_ledger" ("id", "business_id", "customer_id", "event_type", "points_delta", "related_booking_id", "related_referral_id", "created_at") VALUES
	('d4513900-a6df-440f-85a8-52c93d7f2108', 'bcc3f6ec-ee1c-4e13-b8c2-c967a6c02007', 'a34c14d9-b960-408e-a6f9-f9a24954066f', 'completion', 10, '332bc807-6d3d-4eb2-bcd6-2bf61edd2470', NULL, '2026-02-08 03:44:07.171617+00'),
	('445a12a8-bc77-4837-beb7-9afa1298d373', 'bcc3f6ec-ee1c-4e13-b8c2-c967a6c02007', 'e45ef75f-96fc-45e9-8630-4dfb7852df8b', 'referral', 15, '332bc807-6d3d-4eb2-bcd6-2bf61edd2470', NULL, '2026-02-08 03:44:07.40139+00'),
	('b087c861-4a43-458a-bb92-7d0ab5555f04', 'bcc3f6ec-ee1c-4e13-b8c2-c967a6c02007', 'e45ef75f-96fc-45e9-8630-4dfb7852df8b', 'completion', 10, '29d168b6-4eae-4f32-9206-423bd9302310', NULL, '2026-02-08 03:51:19.42156+00'),
	('241cee07-ba75-4371-8492-7d034f2932e8', '98728ad3-4314-4f11-b21c-79f8ace7aebb', 'b938c901-ca77-466d-8f66-658bdd37544d', 'completion', 10, 'e325e4fb-68d6-41ad-be60-363bd035b09f', NULL, '2026-02-21 09:16:31.226301+00'),
	('cb22765e-e4c8-4618-bfdb-07c479bd849a', '98728ad3-4314-4f11-b21c-79f8ace7aebb', 'af6b5400-ff36-4bba-93a5-15341969570f', 'completion', 10, '2d60f416-461b-4263-9b83-dee01b6e1e91', NULL, '2026-02-21 09:18:44.587309+00'),
	('6e5cc5a1-9012-4de9-a636-24c7f3c80631', '98728ad3-4314-4f11-b21c-79f8ace7aebb', '944f01b7-afa9-407c-ae36-7021d411cfc0', 'completion', 10, '8eeb9da4-e155-4128-904c-5242a1efb4a3', NULL, '2026-02-21 09:24:03.051052+00'),
	('f163155c-d2d1-4236-bb21-291f6a431266', '98728ad3-4314-4f11-b21c-79f8ace7aebb', '2982d444-4d42-4ab6-8bbe-9ab4666a3ebc', 'completion', 10, '0216d1cd-87d2-4d8d-805d-a716cb9f7b69', NULL, '2026-02-22 01:08:20.906204+00'),
	('ae2b3270-5cac-49e0-9a6c-5b53ff934b48', '98728ad3-4314-4f11-b21c-79f8ace7aebb', '7bd53f55-4a4d-453e-8479-edff2ef1e09d', 'completion', 10, '96251b43-3bdb-42df-b8a0-abb104ed49fa', NULL, '2026-02-22 01:10:57.600282+00'),
	('bffda323-087d-494e-89f0-0232150df900', '98728ad3-4314-4f11-b21c-79f8ace7aebb', '2d856b3d-0734-43e1-a223-10f918c57d1d', 'completion', 10, 'd3d8d6a3-b029-4d43-a07e-687d6e97799d', NULL, '2026-02-22 02:50:07.967177+00'),
	('ad2e3aba-7746-48aa-b599-2c9afbd2201d', '98728ad3-4314-4f11-b21c-79f8ace7aebb', '7bd53f55-4a4d-453e-8479-edff2ef1e09d', 'referral', 15, 'd3d8d6a3-b029-4d43-a07e-687d6e97799d', NULL, '2026-02-22 02:50:08.218145+00'),
	('14724617-dcfd-4214-b23d-ae2316767168', '98728ad3-4314-4f11-b21c-79f8ace7aebb', '2d856b3d-0734-43e1-a223-10f918c57d1d', 'completion', 10, 'ea69a00f-e2b0-478d-8adf-452e947cacb9', NULL, '2026-02-22 02:52:35.030483+00'),
	('87b4534f-709a-49be-a0eb-f2ebd818af46', '98728ad3-4314-4f11-b21c-79f8ace7aebb', '281a606a-8090-4ccf-883f-d6cebe4bc365', 'completion', 10, '87934b6b-dbf1-4d7a-8bbe-34fc06d1789c', NULL, '2026-02-22 03:01:21.119665+00'),
	('40253a71-0243-4161-8d1a-475018e20524', '98728ad3-4314-4f11-b21c-79f8ace7aebb', '7bd53f55-4a4d-453e-8479-edff2ef1e09d', 'referral', 15, '87934b6b-dbf1-4d7a-8bbe-34fc06d1789c', NULL, '2026-02-22 03:01:21.325462+00'),
	('6d8742a8-7b47-4b6e-8fbc-2d13b321fae8', '98728ad3-4314-4f11-b21c-79f8ace7aebb', '281a606a-8090-4ccf-883f-d6cebe4bc365', 'completion', 10, 'f08f2004-aeb5-47ec-bf71-55146ba98838', NULL, '2026-02-22 03:03:34.631183+00'),
	('90cd3f1d-e916-471d-8bc5-cdc8f8eb3580', '98728ad3-4314-4f11-b21c-79f8ace7aebb', '86f4adb9-7925-47a0-976e-13068bd41884', 'completion', 10, '4fd28dcc-cf55-49c8-9745-99504914aa91', NULL, '2026-02-22 03:06:04.851687+00'),
	('fdf7490a-29b6-4e95-88a1-f1286ddf4cf5', '98728ad3-4314-4f11-b21c-79f8ace7aebb', '3bc77d5e-8129-4327-86ee-c1636d24b075', 'completion', 10, 'fdc344da-ac49-44f1-8197-746c47aaaf14', NULL, '2026-02-22 03:08:59.543597+00'),
	('9daaa004-0642-4c30-9060-ebd7fa558792', '98728ad3-4314-4f11-b21c-79f8ace7aebb', '7bd53f55-4a4d-453e-8479-edff2ef1e09d', 'referral', 15, 'fdc344da-ac49-44f1-8197-746c47aaaf14', NULL, '2026-02-22 03:08:59.78622+00'),
	('e5057241-0839-44f0-b593-2c9898e7befe', '98728ad3-4314-4f11-b21c-79f8ace7aebb', '8b6b1538-6768-429c-8e13-f2e1d2be23da', 'completion', 10, 'd185bd90-ae33-453c-98a0-5cec25c05fa0', NULL, '2026-02-22 03:13:21.127856+00'),
	('d43634a8-f98c-495a-a743-40451282450e', '98728ad3-4314-4f11-b21c-79f8ace7aebb', '7bd53f55-4a4d-453e-8479-edff2ef1e09d', 'referral', 15, 'd185bd90-ae33-453c-98a0-5cec25c05fa0', NULL, '2026-02-22 03:13:21.340132+00'),
	('4c21eab9-51b2-4258-8cc8-303640dcb31b', '98728ad3-4314-4f11-b21c-79f8ace7aebb', '96a2e885-029d-4fa9-8b07-aacbfbd580a8', 'completion', 10, 'ef14f8cc-41e7-4e24-907c-a37692a73670', NULL, '2026-02-22 04:35:43.487171+00'),
	('aa3aca6f-32f8-41a2-8cde-6b184f1da2ae', '98728ad3-4314-4f11-b21c-79f8ace7aebb', '86f4adb9-7925-47a0-976e-13068bd41884', 'referral', 15, 'ef14f8cc-41e7-4e24-907c-a37692a73670', NULL, '2026-02-22 04:35:43.72531+00'),
	('cb681f14-252e-488b-82b2-45ea4e2145e8', '98728ad3-4314-4f11-b21c-79f8ace7aebb', '96a2e885-029d-4fa9-8b07-aacbfbd580a8', 'completion', 10, '047bad7b-27ab-4459-a457-dc840b6b86ff', NULL, '2026-02-22 04:57:21.408124+00'),
	('15c43dc9-9d1c-4585-b4d3-be1d8e3af06e', '98728ad3-4314-4f11-b21c-79f8ace7aebb', '7bd53f55-4a4d-453e-8479-edff2ef1e09d', 'completion', 50, '85d85a33-78d1-45d8-930d-6863141d7a59', NULL, '2026-03-04 03:30:46.804851+00'),
	('2aa3965e-0fce-4c1e-a192-805358f18d07', '98728ad3-4314-4f11-b21c-79f8ace7aebb', '7bd53f55-4a4d-453e-8479-edff2ef1e09d', 'completion', 50, '4695802b-f9d3-4a2a-a652-6acb5aec5259', NULL, '2026-03-04 03:33:34.439938+00'),
	('f031af32-4df1-4577-b063-fa83406e7709', '98728ad3-4314-4f11-b21c-79f8ace7aebb', '281a606a-8090-4ccf-883f-d6cebe4bc365', 'completion', 50, '81171ddf-f38b-4497-accc-122da8bffce3', NULL, '2026-03-04 03:40:35.466312+00'),
	('d5ef0967-2a6b-491c-b2a3-e0fb572ed403', '98728ad3-4314-4f11-b21c-79f8ace7aebb', '7bd53f55-4a4d-453e-8479-edff2ef1e09d', 'completion', 50, '15699278-5efe-42a8-9357-8762a42c322f', NULL, '2026-03-04 03:55:15.399059+00'),
	('3289c022-823e-4286-82cd-af63228065ea', '98728ad3-4314-4f11-b21c-79f8ace7aebb', '7bd53f55-4a4d-453e-8479-edff2ef1e09d', 'completion', 50, '36175b43-41be-4b71-9197-121616867d5d', NULL, '2026-03-04 03:58:56.066955+00'),
	('39f65126-b031-481d-b139-74437a17fc6e', '98728ad3-4314-4f11-b21c-79f8ace7aebb', '281a606a-8090-4ccf-883f-d6cebe4bc365', 'completion', 50, 'a2d98c15-b7f9-44da-9b6f-ece7121d02f9', NULL, '2026-03-04 04:03:16.008528+00'),
	('e9310c0d-0498-4b75-9838-5fe5698d2bc6', '98728ad3-4314-4f11-b21c-79f8ace7aebb', '281a606a-8090-4ccf-883f-d6cebe4bc365', 'completion', 50, '80109162-991d-418a-8833-200b8a22cbcd', NULL, '2026-03-04 04:12:39.734856+00'),
	('5f57d2ad-ec8a-4efa-87e0-eaa820aa6eb3', '98728ad3-4314-4f11-b21c-79f8ace7aebb', '7bd53f55-4a4d-453e-8479-edff2ef1e09d', 'completion', 50, 'a39abd21-e3f5-43a0-92e9-e0a24b513d99', NULL, '2026-03-04 04:32:31.045205+00'),
	('475a72be-9225-4b43-a075-c2601cbd360b', '98728ad3-4314-4f11-b21c-79f8ace7aebb', '281a606a-8090-4ccf-883f-d6cebe4bc365', 'completion', 50, 'd661c6b3-8c1b-4945-9598-bf3628506c29', NULL, '2026-03-04 04:42:45.994326+00'),
	('63d8842b-8e75-40ec-8fad-bf9575474b3d', '98728ad3-4314-4f11-b21c-79f8ace7aebb', '7bd53f55-4a4d-453e-8479-edff2ef1e09d', 'completion', 50, '0b33cbd1-aca4-4ba7-8714-54ab58dc2e19', NULL, '2026-03-04 05:05:30.489297+00'),
	('8f7bbad6-e411-45db-a61e-46404f13ff47', '98728ad3-4314-4f11-b21c-79f8ace7aebb', '7bd53f55-4a4d-453e-8479-edff2ef1e09d', 'completion', 50, '4f990e1b-6bc6-4d26-964c-cd8c8d0fc498', NULL, '2026-03-04 05:10:47.595782+00'),
	('4faee2ae-91d3-4f38-b27b-fb12f5648037', '98728ad3-4314-4f11-b21c-79f8ace7aebb', '7bd53f55-4a4d-453e-8479-edff2ef1e09d', 'completion', 50, '0b48f157-0058-44ab-8c6b-f45cbf9dc388', NULL, '2026-03-04 05:13:27.486208+00'),
	('26458625-249a-4f42-84bb-7c1680f6edc1', '98728ad3-4314-4f11-b21c-79f8ace7aebb', '7bd53f55-4a4d-453e-8479-edff2ef1e09d', 'completion', 50, '8ed29beb-1c40-466d-921b-9fd9dfc7fbb8', NULL, '2026-03-04 05:22:47.184704+00'),
	('404924c5-6022-4086-8df6-87218a6b5e0e', '98728ad3-4314-4f11-b21c-79f8ace7aebb', '7bd53f55-4a4d-453e-8479-edff2ef1e09d', 'completion', 50, '3b9a883d-db5b-490e-af4d-f41d4650a359', NULL, '2026-03-04 13:58:24.536127+00');


--
-- Data for Name: loyalty_settings; Type: TABLE DATA; Schema: public; Owner: postgres
--

INSERT INTO "public"."loyalty_settings" ("business_id", "enabled", "earn_on_booking", "earn_on_completion", "earn_on_referral", "points_per_event", "threshold_points", "reward_type", "reward_value", "created_at", "updated_at", "referrer_reward_points", "referral_enabled") VALUES
	('bcc3f6ec-ee1c-4e13-b8c2-c967a6c02007', true, false, true, true, 10, 100, 'discount', '$10 off', '2026-02-08 03:02:46.526431+00', '2026-02-08 03:02:46.526431+00', 15, true),
	('98728ad3-4314-4f11-b21c-79f8ace7aebb', true, false, true, true, 50, 100, 'discount', '$10 off', '2026-02-21 09:14:06.729914+00', '2026-03-04 03:57:53.925876+00', 20, true);


--
-- Data for Name: notification_log; Type: TABLE DATA; Schema: public; Owner: postgres
--

INSERT INTO "public"."notification_log" ("id", "created_at", "business_id", "customer_id", "target_type", "title", "body", "url", "read") VALUES
	('bcefea1b-c8d3-44ad-ab6d-2048b9755923', '2026-02-26 23:37:17.477285+00', '98728ad3-4314-4f11-b21c-79f8ace7aebb', NULL, 'business', 'New Booking ≡ƒôà', 'Don shula booked Temp Fade on Fri, Feb 27, 10:00 AM', '/admin/notifications-log', true),
	('baf311ec-d919-4567-92a1-c1300d12cc1c', '2026-02-26 23:40:14.868918+00', '98728ad3-4314-4f11-b21c-79f8ace7aebb', '7bd53f55-4a4d-453e-8479-edff2ef1e09d', 'customer', 'Appointment Cancelled', 'Your appointment on Fri, Feb 27, 5:00 PM has been cancelled. Please contact us to rebook.', '/tyrone-mac-s-spot/notifications', true),
	('d1f9d976-1c09-4e6f-88f0-ab56a826f60d', '2026-02-27 03:33:25.686505+00', '98728ad3-4314-4f11-b21c-79f8ace7aebb', NULL, 'business', 'New Booking ≡ƒôà', 'Don shula booked Beard trim on Sat, Feb 28, 6:00 PM', '/admin/notifications-log', true),
	('ff38842c-0ac5-49bf-8546-870989eedaf3', '2026-02-27 03:34:35.276964+00', '98728ad3-4314-4f11-b21c-79f8ace7aebb', '7bd53f55-4a4d-453e-8479-edff2ef1e09d', 'customer', 'Appointment Confirmed Γ£à', 'Your appointment on Sat, Feb 28, 6:00 PM is confirmed. See you then!', '/tyrone-mac-s-spot/notifications', true),
	('2df7031e-902d-4104-8761-2608c060a6f2', '2026-02-27 03:37:37.057852+00', '98728ad3-4314-4f11-b21c-79f8ace7aebb', '7bd53f55-4a4d-453e-8479-edff2ef1e09d', 'customer', 'Appointment Confirmed Γ£à', 'Your appointment on Sat, Feb 28, 6:00 PM is confirmed. See you then!', '/tyrone-mac-s-spot/notifications', true),
	('55ad2210-3e7c-41ac-8318-e7c6371f5800', '2026-02-27 04:10:30.68621+00', '98728ad3-4314-4f11-b21c-79f8ace7aebb', NULL, 'business', 'New Booking ≡ƒôà', 'Don shula booked Special on Fri, Feb 27, 5:00 PM', '/admin/notifications-log', true),
	('be27f525-fc5d-4254-90ea-68b673162151', '2026-02-27 04:12:29.258571+00', '98728ad3-4314-4f11-b21c-79f8ace7aebb', NULL, 'business', 'New Booking ≡ƒôà', 'Don shula booked Haircut on Fri, Feb 27, 10:00 AM', '/admin/notifications-log', true),
	('61c7e5e6-686b-4c88-b582-339c6ec15249', '2026-02-27 04:12:58.595496+00', '98728ad3-4314-4f11-b21c-79f8ace7aebb', NULL, 'business', 'Appointment Cancelled', 'Don shula cancelled their Fri, Feb 27, 3:00 PM appointment.', '/admin/mobile/notifications', true),
	('5743c182-b8a3-4ab4-ad75-1e9041455de5', '2026-02-27 04:24:59.26022+00', '98728ad3-4314-4f11-b21c-79f8ace7aebb', NULL, 'business', 'New Booking ≡ƒôà', 'Don shula booked Temp Fade on Fri, Feb 27, 12:30 PM', '/admin/notifications-log', true),
	('998c7659-0f15-42b5-9d04-f530b76d6af0', '2026-02-27 04:26:15.081128+00', '98728ad3-4314-4f11-b21c-79f8ace7aebb', NULL, 'business', 'Appointment Cancelled', 'Don shula cancelled their Fri, Feb 27, 5:30 PM appointment.', '/admin/mobile/notifications', true),
	('f7b8d467-261b-4e42-89a8-c428457b35ed', '2026-02-27 04:43:00.019013+00', '98728ad3-4314-4f11-b21c-79f8ace7aebb', NULL, 'business', 'New Booking ≡ƒôà', 'Don shula booked Beard trim on Fri, Feb 27, 11:00 AM', '/admin/notifications-log', true),
	('99260607-a774-45fe-89e9-b8a9458f5d32', '2026-02-27 04:11:31.184145+00', NULL, '7bd53f55-4a4d-453e-8479-edff2ef1e09d', 'customer', 'Appointment Cancelled', 'Your appointment on Fri, Feb 27, 5:00 PM has been cancelled. Please contact us to rebook.', '/admin/mobile/notifications', true),
	('4f3e974e-bbf1-4f7a-9d32-ba7661663b04', '2026-02-27 04:25:55.317995+00', NULL, '7bd53f55-4a4d-453e-8479-edff2ef1e09d', 'customer', 'Appointment Confirmed Γ£à', 'Your appointment on Fri, Feb 27, 12:30 PM is confirmed. See you then!', '/tyrone-mac-s-spot/notifications', true),
	('ae50a8aa-0148-44f4-aada-6b86f086899d', '2026-02-27 04:45:00.86686+00', NULL, '7bd53f55-4a4d-453e-8479-edff2ef1e09d', 'customer', 'Appointment Confirmed Γ£à', 'Your appointment on Fri, Feb 27, 11:00 AM is confirmed. See you then!', '/tyrone-mac-s-spot/notifications', true),
	('ce805f4e-34d0-4836-b1e5-7e14a2c73642', '2026-02-27 05:20:35.669726+00', NULL, '7bd53f55-4a4d-453e-8479-edff2ef1e09d', 'customer', 'Appointment Confirmed Γ£à', 'Your appointment on Fri, Feb 27, 9:00 AM is confirmed. See you then!', '/tyrone-mac-s-spot/notifications', true),
	('06e027ec-236f-478c-b19e-9f7ecc981018', '2026-02-27 05:22:12.574376+00', NULL, '7bd53f55-4a4d-453e-8479-edff2ef1e09d', 'customer', 'Appointment Cancelled', 'Your appointment on Fri, Feb 27, 9:00 AM has been cancelled. Please contact us to rebook.', '/tyrone-mac-s-spot/notifications', true),
	('16b1a2c9-e78f-4d99-82ed-e45c4afc9263', '2026-02-27 05:23:14.144986+00', NULL, '7bd53f55-4a4d-453e-8479-edff2ef1e09d', 'customer', 'Appointment Confirmed Γ£à', 'Your appointment on Fri, Feb 27, 9:00 AM is confirmed. See you then!', '/tyrone-mac-s-spot/notifications', true),
	('53c4131c-dc40-4c2d-9b63-8f176ee60976', '2026-02-27 05:23:55.328311+00', NULL, '7bd53f55-4a4d-453e-8479-edff2ef1e09d', 'customer', 'Appointment Cancelled', 'Your appointment on Fri, Feb 27, 9:00 AM has been cancelled. Please contact us to rebook.', '/tyrone-mac-s-spot/notifications', true),
	('0ae36cee-1a5b-413d-bb89-f19ddd486242', '2026-02-27 08:06:15.092357+00', '98728ad3-4314-4f11-b21c-79f8ace7aebb', NULL, 'business', 'New Booking ≡ƒôà', 'Don shula booked Special on Tue, Mar 3, 1:30 PM', '/admin/notifications-log', true),
	('cd06255e-3d01-4f81-a72e-4a95c9af5adf', '2026-02-28 03:25:49.873439+00', '98728ad3-4314-4f11-b21c-79f8ace7aebb', NULL, 'business', 'New Booking ≡ƒôà', 'Don shula booked Haircut on Fri, Feb 27, 10:30 PM', '/admin/notifications-log', true),
	('e49d07eb-155c-439f-8ed6-53cb45984e02', '2026-02-28 03:27:53.630834+00', '98728ad3-4314-4f11-b21c-79f8ace7aebb', NULL, 'business', 'New Booking ≡ƒôà', 'Don shula booked Beard trim on Sat, Feb 28, 12:30 AM', '/admin/notifications-log', true),
	('305ae0ba-195d-4119-ab39-326d460281db', '2026-02-28 04:12:20.006606+00', '98728ad3-4314-4f11-b21c-79f8ace7aebb', NULL, 'business', 'New Booking ≡ƒôà', 'Don shula booked Beard trim on Sat, Feb 28, 9:00 AM', '/admin/notifications-log', true),
	('8508bbb0-a2d9-4a2a-9b22-96a4511befad', '2026-02-28 04:23:15.094871+00', '98728ad3-4314-4f11-b21c-79f8ace7aebb', NULL, 'business', 'New Booking ≡ƒôà', 'Don shula booked Beard trim on Sun, Mar 1, 5:00 AM', '/admin/notifications-log', true),
	('1ca0acf6-f92c-4d5f-bf54-38ca53400180', '2026-02-28 04:36:31.626705+00', '98728ad3-4314-4f11-b21c-79f8ace7aebb', NULL, 'business', 'Appointment Cancelled', 'Don shula cancelled their Sat, Feb 28, 5:30 AM appointment.', '/admin/mobile/notifications', true),
	('6cf26fb7-25cf-4a24-ba24-cd9fdadb4dc4', '2026-02-28 04:38:01.65864+00', '98728ad3-4314-4f11-b21c-79f8ace7aebb', NULL, 'business', 'New Booking ≡ƒôà', 'Don shula booked Temp Fade on Sat, Feb 28, 10:00 AM', '/admin/notifications-log', true),
	('dc9bd7c9-5fd9-4630-bb47-d1a0b315ad3f', '2026-02-28 04:42:08.89096+00', '98728ad3-4314-4f11-b21c-79f8ace7aebb', NULL, 'business', 'Appointment Cancelled', 'Don shula cancelled their Sat, Feb 28, 2:00 PM appointment.', '/admin/mobile/notifications', true),
	('d1277d24-5f25-4370-abf0-2bf13a0cd5b4', '2026-02-28 04:42:40.928979+00', '98728ad3-4314-4f11-b21c-79f8ace7aebb', NULL, 'business', 'New Booking ≡ƒôà', 'Don shula booked Beard trim on Sat, Feb 28, 10:30 AM', '/admin/notifications-log', true),
	('052c355b-e733-4392-9d94-0373def9af2a', '2026-02-28 05:09:38.126661+00', '98728ad3-4314-4f11-b21c-79f8ace7aebb', NULL, 'business', 'Appointment Cancelled', 'Don shula cancelled their Sat, Feb 28, 3:00 PM appointment.', '/admin/mobile/notifications', true),
	('d3d63333-c16e-4273-8d01-3905164815e9', '2026-02-28 05:09:44.82893+00', '98728ad3-4314-4f11-b21c-79f8ace7aebb', NULL, 'business', 'Appointment Cancelled', 'Don shula cancelled their Sat, Feb 28, 3:30 PM appointment.', '/admin/mobile/notifications', true),
	('73899a1c-8753-4f86-bd6c-abfb325ee6bf', '2026-02-28 05:10:46.793409+00', '98728ad3-4314-4f11-b21c-79f8ace7aebb', NULL, 'business', 'New Booking ≡ƒôà', 'Don shula booked Beard trim on Sun, Mar 1, 6:00 AM', '/admin/notifications-log', true),
	('4e3a6aff-e638-4d60-be63-092e22e62829', '2026-02-28 05:18:55.324855+00', '98728ad3-4314-4f11-b21c-79f8ace7aebb', NULL, 'business', 'New Booking ≡ƒôà', 'Don shula booked Beard trim on Sun, Mar 1, 1:00 PM', '/admin/notifications-log', true),
	('00aad039-281d-4483-adbc-5284cc343062', '2026-02-28 05:35:04.46278+00', '98728ad3-4314-4f11-b21c-79f8ace7aebb', NULL, 'business', 'Appointment Cancelled', 'Don shula cancelled their Sun, Mar 1, 10:00 AM appointment.', '/admin/mobile/notifications', true),
	('b7d8b5d4-d645-48f6-b900-8669f6aa00a7', '2026-02-28 05:35:31.015287+00', '98728ad3-4314-4f11-b21c-79f8ace7aebb', NULL, 'business', 'Appointment Cancelled', 'Don shula cancelled their Sun, Mar 1, 11:00 AM appointment.', '/admin/mobile/notifications', true),
	('3a6ffbc3-e3e8-4440-b62b-5c692c947983', '2026-02-28 05:35:58.9325+00', '98728ad3-4314-4f11-b21c-79f8ace7aebb', NULL, 'business', 'New Booking ≡ƒôà', 'Don shula booked Special on Sun, Mar 1, 9:00 AM', '/admin/notifications-log', true),
	('910e77d1-38e4-47b2-858c-82856921816e', '2026-03-01 08:05:16.168775+00', '98728ad3-4314-4f11-b21c-79f8ace7aebb', NULL, 'business', 'New Booking ≡ƒôà', 'Don shula booked Special on Sun, Mar 1, 11:00 AM', '/admin/mobile/notifications', true),
	('3a8c63cf-0728-4a9e-b96c-2f958fd18dc9', '2026-03-01 08:45:44.844783+00', '98728ad3-4314-4f11-b21c-79f8ace7aebb', NULL, 'business', 'New Booking ≡ƒôà', 'Don shula booked Temp Fade on Sun, Mar 1, 9:30 AM', '/admin/mobile/notifications', true),
	('889e7693-ff5a-4049-800b-1a7ff332bc52', '2026-03-01 08:47:19.69147+00', '98728ad3-4314-4f11-b21c-79f8ace7aebb', NULL, 'business', 'New Booking ≡ƒôà', 'Don shula booked Beard trim on Sun, Mar 1, 11:00 AM', '/admin/mobile/notifications', true),
	('9c58024a-2ad7-4ebd-a263-60d91d6fc434', '2026-03-01 08:47:36.819037+00', '98728ad3-4314-4f11-b21c-79f8ace7aebb', NULL, 'business', 'Appointment Cancelled', 'Don shula cancelled their Tue, Mar 3, 6:30 PM appointment.', '/admin/mobile/notifications', true),
	('ddce3bc7-f1bd-4d8d-b75a-f0740a58474f', '2026-03-01 08:47:39.126277+00', '98728ad3-4314-4f11-b21c-79f8ace7aebb', NULL, 'business', 'Appointment Cancelled', 'Don shula cancelled their Sun, Mar 1, 6:00 PM appointment.', '/admin/mobile/notifications', true),
	('2413b462-6911-4378-88c9-afe70ccd14ed', '2026-03-01 08:47:41.3004+00', '98728ad3-4314-4f11-b21c-79f8ace7aebb', NULL, 'business', 'Appointment Cancelled', 'Don shula cancelled their Sun, Mar 1, 2:00 PM appointment.', '/admin/mobile/notifications', true),
	('b47e9d36-1114-4395-9768-23fe03a84bbd', '2026-03-01 08:47:46.337524+00', '98728ad3-4314-4f11-b21c-79f8ace7aebb', NULL, 'business', 'Appointment Cancelled', 'Don shula cancelled their Sun, Mar 1, 9:30 AM appointment.', '/admin/mobile/notifications', true),
	('6201b761-4e50-49e1-b74d-a8380c21e436', '2026-03-01 08:48:09.878359+00', '98728ad3-4314-4f11-b21c-79f8ace7aebb', NULL, 'business', 'Appointment Cancelled', 'Don shula cancelled their Sun, Mar 1, 11:00 AM appointment.', '/admin/mobile/notifications', true),
	('c41ba81c-6cae-4352-ae8e-c4c1b67a7d62', '2026-03-01 08:48:24.870208+00', '98728ad3-4314-4f11-b21c-79f8ace7aebb', NULL, 'business', 'Appointment Cancelled', 'Don shula cancelled their Sun, Mar 1, 11:00 AM appointment.', '/admin/mobile/notifications', true),
	('4520d54e-260b-49ab-94c5-78ca556c65c4', '2026-03-01 08:49:36.947908+00', '98728ad3-4314-4f11-b21c-79f8ace7aebb', NULL, 'business', 'New Booking ≡ƒôà', 'Don shula booked Beard trim on Sun, Mar 1, 8:30 AM', '/admin/mobile/notifications', true),
	('f4302725-8068-4ac3-bc6e-84551589ae00', '2026-03-01 09:01:31.084986+00', '98728ad3-4314-4f11-b21c-79f8ace7aebb', NULL, 'business', 'New Booking ≡ƒôà', 'Don shula booked Haircut on Sun, Mar 1, 1:30 PM', '/admin/mobile/notifications', true),
	('ed0deacd-a0e9-43d0-8025-92bccd85ebdd', '2026-03-02 04:51:43.555838+00', '98728ad3-4314-4f11-b21c-79f8ace7aebb', NULL, 'business', 'New Booking ≡ƒôà', 'Micky Ross booked Temp Fade on Mon, Mar 2, 10:00 AM', '/admin/mobile/notifications', true),
	('0e5d6027-258f-48cd-be03-8469d4871ecd', '2026-03-03 00:32:16.040749+00', '98728ad3-4314-4f11-b21c-79f8ace7aebb', NULL, 'business', 'New Booking ≡ƒôà', 'Don shula booked Haircut on Sun, Mar 1, 9:30 AM', '/admin/mobile/notifications', true),
	('5c5b7219-0361-4733-bf1a-1525256b2d8b', '2026-03-03 00:34:09.99126+00', '98728ad3-4314-4f11-b21c-79f8ace7aebb', NULL, 'business', 'New Booking ≡ƒôà', 'Don shula booked Beard trim on Mon, Mar 2, 9:30 PM', '/admin/mobile/notifications', true),
	('efb25b70-9a1c-49a5-9a81-7f2fa0012675', '2026-03-03 00:36:44.258925+00', '98728ad3-4314-4f11-b21c-79f8ace7aebb', NULL, 'business', 'New Booking ≡ƒôà', 'Don shula booked Temp Fade on Tue, Mar 3, 9:00 AM', '/admin/mobile/notifications', true),
	('0b102ce7-9d6e-4de3-a0af-e735bc2ee9c9', '2026-03-03 00:39:43.345517+00', '98728ad3-4314-4f11-b21c-79f8ace7aebb', NULL, 'business', 'New Booking ≡ƒôà', 'Don shula booked Beard trim on Wed, Mar 4, 3:30 PM', '/admin/mobile/notifications', true),
	('63240fd3-6698-403e-9249-2a2629c4f35d', '2026-03-03 02:22:54.872863+00', '98728ad3-4314-4f11-b21c-79f8ace7aebb', NULL, 'business', 'New Booking ≡ƒôà', 'Don shula booked Special on Wed, Mar 4, 2:00 PM', '/admin/mobile/notifications', true),
	('e97c93ab-9814-47e8-8fcb-e3457c80ac00', '2026-03-03 02:23:44.648373+00', '98728ad3-4314-4f11-b21c-79f8ace7aebb', NULL, 'business', 'New Booking ≡ƒôà', 'Don shula booked Beard trim on Wed, Mar 4, 11:30 AM', '/admin/mobile/notifications', true),
	('b195ce1e-e9bf-4a7b-b875-d7851b324962', '2026-03-03 02:25:19.357266+00', '98728ad3-4314-4f11-b21c-79f8ace7aebb', NULL, 'business', 'New Booking ≡ƒôà', 'Don shula booked Special on Thu, Mar 5, 8:00 AM', '/admin/mobile/notifications', true),
	('39125e67-73d0-42de-a541-51c87de86db9', '2026-03-03 02:27:06.987327+00', '98728ad3-4314-4f11-b21c-79f8ace7aebb', NULL, 'business', 'New Booking ≡ƒôà', 'Don shula booked Temp Fade on Thu, Mar 5, 2:00 PM', '/admin/mobile/notifications', true),
	('ce9d1503-4785-46ce-9b95-7adcb4660f7b', '2026-03-03 02:28:16.584293+00', '98728ad3-4314-4f11-b21c-79f8ace7aebb', NULL, 'business', 'New Booking ≡ƒôà', 'Don shula booked Beard trim on Thu, Mar 5, 4:00 PM', '/admin/mobile/notifications', true),
	('8b5751e2-9a64-46e6-aa8d-9adce1834ef7', '2026-03-03 02:31:10.815062+00', '98728ad3-4314-4f11-b21c-79f8ace7aebb', NULL, 'business', 'Appointment Cancelled', 'Don shula cancelled their Tue, Mar 3, 9:00 AM appointment.', '/admin/mobile/notifications', true),
	('655700ef-6f1f-462f-b1ea-fd8d265bd160', '2026-03-03 02:31:13.726138+00', '98728ad3-4314-4f11-b21c-79f8ace7aebb', NULL, 'business', 'Appointment Cancelled', 'Don shula cancelled their Wed, Mar 4, 2:00 PM appointment.', '/admin/mobile/notifications', true),
	('852f3add-ddb0-4647-a788-53723c0bf681', '2026-03-03 02:31:16.432558+00', '98728ad3-4314-4f11-b21c-79f8ace7aebb', NULL, 'business', 'Appointment Cancelled', 'Don shula cancelled their Wed, Mar 4, 11:30 AM appointment.', '/admin/mobile/notifications', true),
	('6284d51e-200c-4a7a-b7f3-9e675a4d8807', '2026-03-03 02:31:18.483616+00', '98728ad3-4314-4f11-b21c-79f8ace7aebb', NULL, 'business', 'Appointment Cancelled', 'Don shula cancelled their Thu, Mar 5, 8:00 AM appointment.', '/admin/mobile/notifications', true),
	('8893c58b-afb0-429b-9c74-e393a26add0f', '2026-03-03 02:31:20.393215+00', '98728ad3-4314-4f11-b21c-79f8ace7aebb', NULL, 'business', 'Appointment Cancelled', 'Don shula cancelled their Thu, Mar 5, 2:00 PM appointment.', '/admin/mobile/notifications', true),
	('beaa75e5-7261-4bce-8072-ff9a993aa156', '2026-03-03 02:46:16.448205+00', '98728ad3-4314-4f11-b21c-79f8ace7aebb', NULL, 'business', 'New Booking ≡ƒôà', 'Don shula booked Beard trim on Thu, Mar 5, 10:00 PM', '/admin/mobile/notifications', true),
	('8bd60abb-2b4c-43f8-9b31-121adf4aa20d', '2026-03-03 02:47:55.790885+00', '98728ad3-4314-4f11-b21c-79f8ace7aebb', NULL, 'business', 'New Booking ≡ƒôà', 'Don shula booked Special on Sat, Mar 7, 12:00 AM', '/admin/mobile/notifications', true),
	('eb5b5133-59f5-4287-a191-3d4a2206236c', '2026-03-03 02:52:55.737705+00', '98728ad3-4314-4f11-b21c-79f8ace7aebb', NULL, 'business', 'New Booking ≡ƒôà', 'Don shula booked Special on Sat, Mar 7, 11:30 PM', '/admin/mobile/notifications', true),
	('aebf9932-99b4-40f2-bb76-9a6284f0e031', '2026-03-03 03:00:56.042855+00', NULL, '7bd53f55-4a4d-453e-8479-edff2ef1e09d', 'customer', 'Appointment Confirmed Γ£à', 'Your appointment on Fri, Mar 6, 7:00 PM is confirmed. See you then!', '/tyrone-mac-s-spot/notifications', true),
	('a9f3e87c-e50d-4a56-89fc-16db0e5fe654', '2026-03-03 03:00:23.934574+00', NULL, '7bd53f55-4a4d-453e-8479-edff2ef1e09d', 'customer', 'Appointment Cancelled', 'Your appointment on Fri, Mar 6, 7:00 PM has been cancelled. Please contact us to rebook.', '/tyrone-mac-s-spot/notifications', true),
	('7a39a1bf-5383-4db5-8035-78f14d713bd0', '2026-03-03 03:01:59.800215+00', NULL, '7bd53f55-4a4d-453e-8479-edff2ef1e09d', 'customer', 'Appointment Cancelled', 'Your appointment on Fri, Mar 6, 7:00 PM has been cancelled. Please contact us to rebook.', '/tyrone-mac-s-spot/notifications', true),
	('3af7c3db-7d04-4ecb-a9ec-c47be3fcfc1a', '2026-03-03 03:14:37.726288+00', '98728ad3-4314-4f11-b21c-79f8ace7aebb', NULL, 'business', 'Appointment Cancelled', 'Don shula cancelled their Sat, Mar 7, 11:30 PM appointment.', '/admin/mobile/notifications', true),
	('7f9bdeb5-1752-46b7-8987-dcff45967a38', '2026-03-03 03:15:25.874614+00', '98728ad3-4314-4f11-b21c-79f8ace7aebb', NULL, 'business', 'New Booking ≡ƒôà', 'Don shula booked Haircut on Thu, Mar 5 at 9:00 AM', '/admin/mobile/notifications', true),
	('3bc142f2-0eb4-4e8c-878f-be22b021f731', '2026-03-03 03:15:58.873721+00', '98728ad3-4314-4f11-b21c-79f8ace7aebb', NULL, 'business', 'Appointment Cancelled', 'Don shula cancelled their Thu, Mar 5, 2:00 PM appointment.', '/admin/mobile/notifications', true),
	('8ebb8361-20d3-4ee6-b29e-e9e9e651c5ff', '2026-03-03 03:17:28.562758+00', '98728ad3-4314-4f11-b21c-79f8ace7aebb', NULL, 'business', 'New Booking ≡ƒôà', 'Don shula booked Temp Fade on Fri, Mar 6 at 3:30 PM', '/admin/mobile/notifications', true),
	('aa1b0a7e-3662-44ab-a505-f35c91b5cc2d', '2026-03-03 03:18:03.029448+00', '98728ad3-4314-4f11-b21c-79f8ace7aebb', NULL, 'business', 'Appointment Cancelled', 'Don shula cancelled their Fri, Mar 6, 8:30 PM appointment.', '/admin/mobile/notifications', true),
	('95f3d069-b527-4047-a7d4-425f33a70ea4', '2026-03-03 03:19:19.809561+00', '98728ad3-4314-4f11-b21c-79f8ace7aebb', NULL, 'business', 'New Booking ≡ƒôà', 'Don shula booked Temp Fade on Sat, Mar 7 at 12:30 PM', '/admin/mobile/notifications', true),
	('952b3744-9b8d-4a60-98b8-92f6092a564c', '2026-03-03 03:20:00.819432+00', '98728ad3-4314-4f11-b21c-79f8ace7aebb', NULL, 'business', 'Appointment Cancelled', 'Don shula cancelled their Sat, Mar 7, 5:30 PM appointment.', '/admin/mobile/notifications', true),
	('e3c01416-40d2-49ab-837d-8ffce3002e41', '2026-03-03 03:21:02.01105+00', '98728ad3-4314-4f11-b21c-79f8ace7aebb', NULL, 'business', 'New Booking ≡ƒôà', 'Don shula booked Temp Fade on Sun, Mar 8 at 11:30 AM', '/admin/mobile/notifications', true),
	('d2e57986-7e9a-4a14-a30d-80d2569f83d3', '2026-03-03 03:22:24.338957+00', NULL, '7bd53f55-4a4d-453e-8479-edff2ef1e09d', 'customer', 'Appointment Cancelled', 'Your appointment on Sun, Mar 8, 11:30 AM has been cancelled. Please contact us to rebook.', '/tyrone-mac-s-spot/notifications', true),
	('ed70391e-6fd5-4aa4-9cf0-6510871a6220', '2026-03-03 03:02:44.8843+00', NULL, '7bd53f55-4a4d-453e-8479-edff2ef1e09d', 'customer', 'Appointment Cancelled', 'Your appointment on Fri, Mar 6, 7:00 PM has been cancelled. Please contact us to rebook.', '/tyrone-mac-s-spot/notifications', true),
	('5cc836d6-c895-4010-8515-66fb569cbd82', '2026-03-03 03:02:21.788756+00', NULL, '7bd53f55-4a4d-453e-8479-edff2ef1e09d', 'customer', 'Appointment Confirmed Γ£à', 'Your appointment on Fri, Mar 6, 7:00 PM is confirmed. See you then!', '/tyrone-mac-s-spot/notifications', true),
	('81febcf2-598c-4520-a458-b0ad61d5053b', '2026-03-03 03:22:47.917733+00', NULL, '7bd53f55-4a4d-453e-8479-edff2ef1e09d', 'customer', 'Appointment Confirmed Γ£à', 'Your appointment on Sun, Mar 8, 11:30 AM is confirmed. See you then!', '/tyrone-mac-s-spot/notifications', true),
	('db901f42-58a0-489c-b221-f8b84809e5f2', '2026-03-03 03:26:51.218694+00', NULL, '7bd53f55-4a4d-453e-8479-edff2ef1e09d', 'customer', 'Appointment Cancelled', 'Your appointment on Sat, Mar 7, 12:30 PM has been cancelled. Please contact us to rebook.', '/tyrone-mac-s-spot/notifications', true),
	('5f636e16-a500-48f6-8fcb-6e787a621053', '2026-03-03 03:26:16.737234+00', NULL, '7bd53f55-4a4d-453e-8479-edff2ef1e09d', 'customer', 'Appointment Confirmed Γ£à', 'Your appointment on Sat, Mar 7, 12:30 PM is confirmed. See you then!', '/tyrone-mac-s-spot/notifications', true),
	('8807d294-97bc-4791-a01e-88dfe469724c', '2026-03-03 03:29:16.586502+00', '98728ad3-4314-4f11-b21c-79f8ace7aebb', NULL, 'business', 'Appointment Cancelled', 'Don shula cancelled their Sat, Mar 7, 5:30 PM appointment.', '/admin/mobile/notifications', true),
	('7abdd40c-dd17-42ea-bb8b-4c4529af63f6', '2026-03-03 03:42:12.997675+00', '98728ad3-4314-4f11-b21c-79f8ace7aebb', NULL, 'business', 'New Booking ≡ƒôà', 'Don shula booked Haircut on Tue, Mar 3 at 11:00 AM', '/admin/mobile/notifications', true),
	('923f20e8-8f15-4295-ac95-2b2f7e940b94', '2026-03-03 03:54:34.627639+00', '98728ad3-4314-4f11-b21c-79f8ace7aebb', NULL, 'business', 'New Booking ≡ƒôà', 'Don shula booked Temp Fade on Wed, Mar 4 at 3:30 PM', '/admin/mobile/notifications', true),
	('304c2db6-d866-4c65-b9dd-d531a92c8182', '2026-03-03 03:58:19.531272+00', '98728ad3-4314-4f11-b21c-79f8ace7aebb', NULL, 'business', 'New Booking ≡ƒôà', 'Don shula booked Special on Tue, Mar 3 at 5:00 AM', '/admin/mobile/notifications', true),
	('23e35db7-1d06-4770-95f4-6353da8a0a74', '2026-03-03 03:58:52.304907+00', '98728ad3-4314-4f11-b21c-79f8ace7aebb', NULL, 'business', 'Appointment Cancelled', 'Don shula cancelled their Tue, Mar 3, 5:00 AM appointment.', '/admin/mobile/notifications', true),
	('fc331da0-62b4-4d17-abd5-f85a02b40689', '2026-03-03 12:29:08.985403+00', '98728ad3-4314-4f11-b21c-79f8ace7aebb', NULL, 'business', 'New Booking ≡ƒôà', 'Micky Ross booked Special on Wed, Mar 4 at 8:30 AM', '/admin/mobile/notifications', true),
	('35649835-436f-4666-9acb-3c6669551d74', '2026-03-03 12:34:02.83607+00', '98728ad3-4314-4f11-b21c-79f8ace7aebb', NULL, 'business', 'New Booking ≡ƒôà', 'Micky Ross booked Haircut on Sun, Mar 8 at 10:30 AM', '/admin/mobile/notifications', true),
	('83fafc12-7fdb-4b9a-b655-f1e4450e16f6', '2026-03-03 12:40:32.940107+00', '98728ad3-4314-4f11-b21c-79f8ace7aebb', NULL, 'business', 'New Booking ≡ƒôà', 'Karon Smith booked Beard trim on Sat, Mar 14 at 2:00 AM', '/admin/mobile/notifications', true),
	('34d31bae-85c2-4560-a72d-5fe8dace00d0', '2026-03-03 15:40:29.2204+00', '98728ad3-4314-4f11-b21c-79f8ace7aebb', NULL, 'business', 'Appointment Cancelled', 'Micky Ross cancelled their Sun, Mar 8, 10:30 AM appointment.', '/admin/mobile/notifications', false),
	('a433d254-8b21-4a9c-a292-904e24f6fa57', '2026-03-03 15:42:11.712793+00', '98728ad3-4314-4f11-b21c-79f8ace7aebb', NULL, 'business', 'New Booking ≡ƒôà', 'Micky Ross booked Special on Wed, Mar 4 at 11:30 AM', '/admin/mobile/notifications', false),
	('42c59acc-3e60-470c-acba-9797280fc017', '2026-03-04 03:01:21.523178+00', '98728ad3-4314-4f11-b21c-79f8ace7aebb', NULL, 'business', 'New Booking ≡ƒôà', 'Micky Ross booked Special on Wed, Mar 4 at 7:00 PM', '/admin/mobile/notifications', false),
	('d6aef9c3-c785-4a13-a1ee-7aa00a70b077', '2026-03-03 15:43:44.812181+00', NULL, '281a606a-8090-4ccf-883f-d6cebe4bc365', 'customer', 'Appointment Complete!', 'Your appointment is done. Open the app to complete your payment.', '/tyrone-mac-s-spot/dashboard', true),
	('1e9a2ed0-35be-48ed-b52d-20fdeee9dce7', '2026-03-03 03:28:06.180659+00', NULL, '7bd53f55-4a4d-453e-8479-edff2ef1e09d', 'customer', 'Appointment Confirmed Γ£à', 'Your appointment on Sat, Mar 7, 6:30 PM is confirmed. See you then!', '/tyrone-mac-s-spot/notifications', true),
	('51f2c6d9-0949-4df0-8587-87404c880f7a', '2026-03-03 03:28:21.087345+00', NULL, '7bd53f55-4a4d-453e-8479-edff2ef1e09d', 'customer', 'Appointment Cancelled', 'Your appointment on Sat, Mar 7, 6:30 PM has been cancelled. Please contact us to rebook.', '/tyrone-mac-s-spot/notifications', true),
	('8d75444d-465c-4ffe-b582-cd7e2168875b', '2026-03-04 03:15:13.168272+00', '98728ad3-4314-4f11-b21c-79f8ace7aebb', NULL, 'business', 'New Booking ≡ƒôà', 'Micky Ross booked Temp Fade on Wed, Mar 4 at 8:00 AM', '/admin/mobile/notifications', false),
	('3d6c5e06-9ae7-417c-862b-ec8c69a4e84f', '2026-03-04 03:24:25.136616+00', '98728ad3-4314-4f11-b21c-79f8ace7aebb', NULL, 'business', 'New Booking ≡ƒôà', 'Don shula booked Beard trim on Fri, Mar 6 at 2:00 PM', '/admin/mobile/notifications', false),
	('6dfc2ee1-6c75-4acf-827b-f7af81a49f8a', '2026-03-04 03:27:14.367232+00', '98728ad3-4314-4f11-b21c-79f8ace7aebb', NULL, 'business', 'New Booking ≡ƒôà', 'Don shula booked Beard trim on Sat, Mar 7 at 5:00 PM', '/admin/mobile/notifications', false),
	('f03a39df-10e7-4e6a-a519-4c8d81728d75', '2026-03-04 03:37:01.167353+00', '98728ad3-4314-4f11-b21c-79f8ace7aebb', NULL, 'business', 'New Booking ≡ƒôà', 'Don shula booked Beard trim on Mon, Mar 9 at 11:00 AM', '/admin/mobile/notifications', false),
	('cd38c880-6b2b-4b2a-8d65-351e8468c938', '2026-03-03 12:35:26.056486+00', NULL, '281a606a-8090-4ccf-883f-d6cebe4bc365', 'customer', 'Appointment Cancelled', 'Your appointment on Wed, Mar 4, 8:30 AM has been cancelled. Please contact us to rebook.', '/tyrone-mac-s-spot/notifications', true),
	('b7b3e096-8e22-449b-8d6f-58071b1d889a', '2026-03-04 03:40:35.976865+00', NULL, '281a606a-8090-4ccf-883f-d6cebe4bc365', 'customer', 'Appointment Complete!', 'Your appointment is done. Open the app to complete your payment.', '/tyrone-mac-s-spot/dashboard', false),
	('ca720347-6b2d-4de7-9df1-8705877eb506', '2026-03-04 03:54:22.457491+00', '98728ad3-4314-4f11-b21c-79f8ace7aebb', NULL, 'business', 'New Booking ≡ƒôà', 'Don shula booked Temp Fade on Thu, Mar 5 at 1:30 PM', '/admin/mobile/notifications', false),
	('ae0c6c76-594c-4e40-8029-de6f3e0f8de3', '2026-03-04 03:58:30.468563+00', '98728ad3-4314-4f11-b21c-79f8ace7aebb', NULL, 'business', 'New Booking ≡ƒôà', 'Don shula booked Temp Fade on Fri, Mar 6 at 11:30 AM', '/admin/mobile/notifications', false),
	('46061aaa-bfc0-4735-8fa8-aa2727396c82', '2026-03-04 04:03:16.705779+00', NULL, '281a606a-8090-4ccf-883f-d6cebe4bc365', 'customer', 'Appointment Complete!', 'Your appointment is done. Open the app to complete your payment.', '/tyrone-mac-s-spot/dashboard', false),
	('2302e5dc-7920-4022-bd23-dd2a5c348651', '2026-03-04 04:03:26.465346+00', NULL, '281a606a-8090-4ccf-883f-d6cebe4bc365', 'customer', 'Payment Received', 'Your payment has been recorded. Thank you!', '/tyrone-mac-s-spot/dashboard', false),
	('322e5252-b5c8-48a2-a943-de84353d340a', '2026-03-04 04:06:25.348121+00', '98728ad3-4314-4f11-b21c-79f8ace7aebb', NULL, 'business', 'New Booking ≡ƒôà', 'Micky Ross booked Special on Sat, Mar 7 at 11:00 AM', '/admin/mobile/notifications', false),
	('6aa21985-b051-4e2b-bd92-81d443139eda', '2026-03-04 04:10:02.985711+00', '98728ad3-4314-4f11-b21c-79f8ace7aebb', NULL, 'business', 'Appointment Cancelled', 'Micky Ross cancelled their Sat, Mar 7, 11:00 AM appointment.', '/admin/mobile/notifications', false),
	('2ebbaa17-700c-483d-99be-e1427318f5c0', '2026-03-04 04:11:17.482339+00', '98728ad3-4314-4f11-b21c-79f8ace7aebb', NULL, 'business', 'New Booking ≡ƒôà', 'Micky Ross booked Temp Fade on Wed, Mar 4 at 5:30 PM', '/admin/mobile/notifications', false),
	('cb1767ee-693f-43b9-a15c-417324f72ddb', '2026-03-04 04:12:40.164968+00', NULL, '281a606a-8090-4ccf-883f-d6cebe4bc365', 'customer', 'Appointment Complete!', 'Thanks for your visit! Open the app to leave a tip.', '/tyrone-mac-s-spot/dashboard', false),
	('01865bec-47fd-414b-be85-033702e68421', '2026-03-04 04:30:36.999707+00', '98728ad3-4314-4f11-b21c-79f8ace7aebb', NULL, 'business', 'New Booking ≡ƒôà', 'Don shula booked Beard trim on Thu, Mar 5 at 2:00 PM', '/admin/mobile/notifications', false),
	('183212d4-1fe7-4544-bba7-fee87e59b60a', '2026-03-04 04:41:58.063139+00', '98728ad3-4314-4f11-b21c-79f8ace7aebb', NULL, 'business', 'New Booking ≡ƒôà', 'Micky Ross booked Temp Fade on Fri, Mar 6 at 10:30 AM', '/admin/mobile/notifications', false),
	('40bf959e-5cc9-4c05-a11e-e413f3af9fa6', '2026-03-04 04:42:46.318533+00', NULL, '281a606a-8090-4ccf-883f-d6cebe4bc365', 'customer', 'Appointment Complete!', 'Your appointment is done. Open the app to complete your payment.', '/tyrone-mac-s-spot/dashboard', false),
	('f354d08e-e88d-459b-a7d0-74a768a45dc3', '2026-03-04 05:03:47.356967+00', '98728ad3-4314-4f11-b21c-79f8ace7aebb', NULL, 'business', 'New Booking ≡ƒôà', 'Don shula booked Haircut on Sun, Mar 8 at 8:00 AM', '/admin/mobile/notifications', false),
	('facfbc68-b3e0-4259-b21b-4104e30cced9', '2026-03-04 05:10:11.622084+00', '98728ad3-4314-4f11-b21c-79f8ace7aebb', NULL, 'business', 'New Booking ≡ƒôà', 'Don shula booked Beard trim on Thu, Mar 5 at 4:00 PM', '/admin/mobile/notifications', false),
	('6506b3fa-722c-4132-aa2f-52b12b3b65a4', '2026-03-04 05:12:41.259547+00', '98728ad3-4314-4f11-b21c-79f8ace7aebb', NULL, 'business', 'New Booking ≡ƒôà', 'Don shula booked Haircut on Fri, Mar 6 at 5:00 PM', '/admin/mobile/notifications', false),
	('0b48470a-8c77-4c33-951c-ddf67c56b7c8', '2026-03-04 03:17:45.085311+00', NULL, '7bd53f55-4a4d-453e-8479-edff2ef1e09d', 'customer', 'Payment Received', 'Your payment has been recorded. Thank you!', '/tyrone-mac-s-spot/dashboard', true),
	('e2fc79c6-99a4-48b6-8607-7fae2f93bc65', '2026-03-04 05:22:11.05608+00', '98728ad3-4314-4f11-b21c-79f8ace7aebb', NULL, 'business', 'New Booking ≡ƒôà', 'Don shula booked Temp Fade on Sat, Mar 7 at 11:00 AM', '/admin/mobile/notifications', false),
	('8137b7bb-f694-4df9-8ca1-b237fcc15fdf', '2026-03-04 13:57:50.912726+00', '98728ad3-4314-4f11-b21c-79f8ace7aebb', NULL, 'business', 'New Booking ≡ƒôà', 'Don shula booked Haircut on Thu, Mar 5 at 7:00 PM', '/admin/mobile/notifications', false),
	('3685bc8a-be2f-4549-be5d-7582eb90f1b9', '2026-03-03 03:28:42.30599+00', NULL, '7bd53f55-4a4d-453e-8479-edff2ef1e09d', 'customer', 'Appointment Confirmed Γ£à', 'Your appointment on Sat, Mar 7, 12:30 PM is confirmed. See you then!', '/tyrone-mac-s-spot/notifications', true),
	('1a292112-3aac-4792-bae3-19f2c9ddd5a0', '2026-03-04 03:18:27.060703+00', NULL, '7bd53f55-4a4d-453e-8479-edff2ef1e09d', 'customer', 'Payment Received', 'Your payment has been recorded. Thank you!', '/tyrone-mac-s-spot/dashboard', true),
	('0b6ad7a1-af87-4fc4-ba53-04fa2a5c0073', '2026-03-04 03:19:45.600055+00', NULL, '7bd53f55-4a4d-453e-8479-edff2ef1e09d', 'customer', 'Payment Received', 'Your payment has been recorded. Thank you!', '/tyrone-mac-s-spot/dashboard', true),
	('dd925ab6-3e23-443a-9a25-f8dae1f3028c', '2026-03-04 03:20:14.626318+00', NULL, '7bd53f55-4a4d-453e-8479-edff2ef1e09d', 'customer', 'Payment Received', 'Your payment has been recorded. Thank you!', '/tyrone-mac-s-spot/dashboard', true),
	('b6a17dbf-c864-445b-904f-4f10978207a8', '2026-03-04 03:20:52.616423+00', NULL, '7bd53f55-4a4d-453e-8479-edff2ef1e09d', 'customer', 'Payment Received', 'Your payment has been recorded. Thank you!', '/tyrone-mac-s-spot/dashboard', true),
	('32328a57-2303-4225-8e0d-6d096060e92c', '2026-03-04 03:20:58.821837+00', NULL, '7bd53f55-4a4d-453e-8479-edff2ef1e09d', 'customer', 'Payment Received', 'Your payment has been recorded. Thank you!', '/tyrone-mac-s-spot/dashboard', true),
	('9a289f45-b1fd-42c6-846a-e47c586af55e', '2026-03-04 03:30:47.400648+00', NULL, '7bd53f55-4a4d-453e-8479-edff2ef1e09d', 'customer', 'Appointment Complete!', 'Your appointment is done. Open the app to complete your payment.', '/tyrone-mac-s-spot/dashboard', true),
	('d622dce3-6d35-42e9-af56-7b181706f2f8', '2026-03-04 03:32:03.208103+00', NULL, '7bd53f55-4a4d-453e-8479-edff2ef1e09d', 'customer', 'Appointment Confirmed Γ£à', 'Your appointment on Sat, Mar 7, 5:00 PM is confirmed. See you then!', '/tyrone-mac-s-spot/notifications', true),
	('746303b7-667c-4a1d-b2da-6644f5bc881d', '2026-03-04 03:32:58.485854+00', NULL, '7bd53f55-4a4d-453e-8479-edff2ef1e09d', 'customer', 'Payment Received', 'Your payment has been recorded. Thank you!', '/tyrone-mac-s-spot/dashboard', true),
	('9fdaa2df-1e69-4347-8fc4-1b88f5740257', '2026-03-04 03:33:34.899864+00', NULL, '7bd53f55-4a4d-453e-8479-edff2ef1e09d', 'customer', 'Appointment Complete!', 'Your appointment is done. Open the app to complete your payment.', '/tyrone-mac-s-spot/dashboard', true),
	('d9858194-d692-4daf-908f-966fc2ad2e0d', '2026-03-04 03:33:49.589276+00', NULL, '7bd53f55-4a4d-453e-8479-edff2ef1e09d', 'customer', 'Payment Received', 'Your payment has been recorded. Thank you!', '/tyrone-mac-s-spot/dashboard', true),
	('32c2a211-7244-487b-b1d9-aaf4f32faf0c', '2026-03-04 03:37:30.956559+00', NULL, '7bd53f55-4a4d-453e-8479-edff2ef1e09d', 'customer', 'Appointment Confirmed Γ£à', 'Your appointment on Mon, Mar 9, 11:00 AM is confirmed. See you then!', '/tyrone-mac-s-spot/notifications', true),
	('242ef424-e861-4a52-a328-c05e9acbf80a', '2026-03-04 03:38:26.075556+00', NULL, '7bd53f55-4a4d-453e-8479-edff2ef1e09d', 'customer', 'Appointment Cancelled', 'Your appointment on Mon, Mar 9, 11:00 AM has been cancelled. Please contact us to rebook.', '/tyrone-mac-s-spot/notifications', true),
	('172003d0-02fd-45c0-98e1-c23fc734ba8d', '2026-03-04 03:54:39.396444+00', NULL, '7bd53f55-4a4d-453e-8479-edff2ef1e09d', 'customer', 'Appointment Confirmed Γ£à', 'Your appointment on Thu, Mar 5, 1:30 PM is confirmed. See you then!', '/tyrone-mac-s-spot/notifications', true),
	('c108a067-c95c-4d9b-9bcc-85689d849e3b', '2026-03-04 03:55:15.772708+00', NULL, '7bd53f55-4a4d-453e-8479-edff2ef1e09d', 'customer', 'Appointment Complete!', 'Your appointment is done. Open the app to complete your payment.', '/tyrone-mac-s-spot/dashboard', true),
	('07fb3442-d764-4af4-bd8c-2c211160c3e7', '2026-03-04 03:58:56.401943+00', NULL, '7bd53f55-4a4d-453e-8479-edff2ef1e09d', 'customer', 'Appointment Complete!', 'Your appointment is done. Open the app to complete your payment.', '/tyrone-mac-s-spot/dashboard', true),
	('4211c059-2c0d-4c6e-a464-4f97eec5f720', '2026-03-04 03:59:22.430602+00', NULL, '7bd53f55-4a4d-453e-8479-edff2ef1e09d', 'customer', 'Payment Received', 'Your payment has been recorded. Thank you!', '/tyrone-mac-s-spot/dashboard', true),
	('55e05f7b-6dae-49c0-884b-f73b3c60bc13', '2026-03-04 04:32:31.598465+00', NULL, '7bd53f55-4a4d-453e-8479-edff2ef1e09d', 'customer', 'Appointment Complete!', 'Thanks for your visit! Open the app to leave a tip.', '/tyrone-mac-s-spot/dashboard', true),
	('a3fe4b7d-4493-4381-a61d-1d7d8073083a', '2026-03-04 05:05:30.903829+00', NULL, '7bd53f55-4a4d-453e-8479-edff2ef1e09d', 'customer', 'Appointment Complete!', 'Your appointment is done. Open the app to complete your payment.', '/tyrone-mac-s-spot/dashboard', true),
	('fdb1b008-23e0-425d-876d-f0d93c141a95', '2026-03-04 05:10:48.535639+00', NULL, '7bd53f55-4a4d-453e-8479-edff2ef1e09d', 'customer', 'Appointment Complete!', 'Your appointment is done. Open the app to complete your payment.', '/tyrone-mac-s-spot/dashboard', true),
	('b9ce3724-0ac9-4854-9f22-d8ebdb357d18', '2026-03-04 05:11:09.726716+00', NULL, '7bd53f55-4a4d-453e-8479-edff2ef1e09d', 'customer', 'Payment Received', 'Your payment has been recorded. Thank you!', '/tyrone-mac-s-spot/dashboard', true),
	('37b50fd8-c981-499a-8571-47168814bce4', '2026-03-04 05:13:27.847908+00', NULL, '7bd53f55-4a4d-453e-8479-edff2ef1e09d', 'customer', 'Appointment Complete!', 'Your appointment is done. Open the app to complete your payment.', '/tyrone-mac-s-spot/dashboard', true),
	('4d2d248e-4f83-40fb-9134-644de48e4efd', '2026-03-04 05:22:47.968248+00', NULL, '7bd53f55-4a4d-453e-8479-edff2ef1e09d', 'customer', 'Appointment Complete!', 'Your appointment is done. Open the app to complete your payment.', '/tyrone-mac-s-spot/dashboard', true),
	('3d0ab311-e1e3-4152-b1b0-3274cbda2cf4', '2026-03-04 13:56:49.275981+00', NULL, '7bd53f55-4a4d-453e-8479-edff2ef1e09d', 'customer', 'Payment Received', 'Your payment has been recorded. Thank you!', '/tyrone-mac-s-spot/dashboard', true),
	('4ab011b9-2092-451b-806c-cad4633b319d', '2026-03-04 13:58:24.92846+00', NULL, '7bd53f55-4a4d-453e-8479-edff2ef1e09d', 'customer', 'Appointment Complete!', 'Your appointment is done. Open the app to complete your payment.', '/tyrone-mac-s-spot/dashboard', true);


--
-- Data for Name: notification_rules; Type: TABLE DATA; Schema: public; Owner: postgres
--

INSERT INTO "public"."notification_rules" ("id", "business_id", "channel", "kind", "offset_minutes", "inactive_days", "applies_to", "service_ids", "staff_ids", "template", "enabled", "max_per_customer_per_day", "created_at", "updated_at") VALUES
	('dfe98009-8d7d-41e7-bca6-3bcf8ffc1558', 'bcc3f6ec-ee1c-4e13-b8c2-c967a6c02007', 'sms', 'appointment_reminder', 60, NULL, 'all', NULL, NULL, 'Reminder: You have an appointment tomorrow at {time}', true, 3, '2026-02-08 03:03:10.971854+00', '2026-02-08 03:03:10.971854+00'),
	('7edc0d98-e51c-4d78-a992-e92623570741', 'bcc3f6ec-ee1c-4e13-b8c2-c967a6c02007', 'sms', 'winback', NULL, 1, 'all', NULL, NULL, 'We miss you! Book your next appointment and get 10% off', true, 3, '2026-02-08 03:03:11.113194+00', '2026-02-08 03:03:11.113194+00'),
	('cd31af36-e58e-4552-b12a-2dfc694cd4f7', '98728ad3-4314-4f11-b21c-79f8ace7aebb', 'sms', 'appointment_reminder', 1440, NULL, 'all', NULL, NULL, 'Reminder: You have an appointment tomorrow at {time}', true, 3, '2026-02-21 08:49:18.611861+00', '2026-02-21 08:49:18.611861+00'),
	('b0b7f084-19eb-43e2-97b7-fc694877c904', '98728ad3-4314-4f11-b21c-79f8ace7aebb', 'sms', 'winback', NULL, 30, 'all', NULL, NULL, 'We miss you! Book your next appointment and get 10% off', true, 3, '2026-02-21 08:49:18.737996+00', '2026-02-21 08:49:18.737996+00');


--
-- Data for Name: notification_settings; Type: TABLE DATA; Schema: public; Owner: postgres
--

INSERT INTO "public"."notification_settings" ("business_id", "booking_confirmations", "appointment_reminders", "cancellation_notices", "promotions", "loyalty_updates", "channels", "created_at", "updated_at") VALUES
	('bcc3f6ec-ee1c-4e13-b8c2-c967a6c02007', true, true, true, false, true, '{email,sms}', '2026-02-08 03:03:10.809477+00', '2026-02-08 03:03:10.809477+00'),
	('98728ad3-4314-4f11-b21c-79f8ace7aebb', true, true, true, false, true, '{email,sms}', '2026-02-21 08:49:18.476269+00', '2026-02-21 08:49:18.476269+00');


--
-- Data for Name: onboarding_state; Type: TABLE DATA; Schema: public; Owner: postgres
--

INSERT INTO "public"."onboarding_state" ("business_id", "mode", "current_step", "completed_steps", "answers", "status", "updated_at") VALUES
	('bcc3f6ec-ee1c-4e13-b8c2-c967a6c02007', 'fast', 'manual_setup', '[]', '{}', 'completed', '2026-02-08 03:00:56.819429+00'),
	('59688e1a-3373-4426-9474-12ab47a969d4', 'fast', 'manual_setup', '[]', '{}', 'in_progress', '2026-02-11 20:52:05.340262+00'),
	('c382838e-37ec-452c-9ea3-66a7cc10244c', 'fast', 'manual_setup', '[]', '{}', 'in_progress', '2026-02-12 00:10:02.388726+00'),
	('10bd570b-9524-4a00-a12a-913f5400c06f', 'fast', 'manual_setup', '[]', '{}', 'completed', '2026-02-18 04:04:55.389281+00');


--
-- Data for Name: payments; Type: TABLE DATA; Schema: public; Owner: postgres
--

INSERT INTO "public"."payments" ("id", "business_id", "booking_id", "stripe_payment_intent_id", "amount_cents", "status", "created_at", "updated_at") VALUES
	('58d260b6-4ff1-4e59-8ca1-d9ab6ad33b35', '98728ad3-4314-4f11-b21c-79f8ace7aebb', '58e48504-0200-40e1-99e0-7462fce7ec66', 'pi_3T76hUF09G3Bi3hq0LUqfpS2', 13300, 'succeeded', '2026-03-04 04:06:25.060621+00', '2026-03-04 04:06:25.060621+00'),
	('7394946b-9759-48d1-874c-c97cec07e113', '98728ad3-4314-4f11-b21c-79f8ace7aebb', '80109162-991d-418a-8833-200b8a22cbcd', 'pi_3T76mCF09G3Bi3hq1B7EZpW2', 800, 'succeeded', '2026-03-04 04:11:17.276722+00', '2026-03-04 04:11:17.276722+00'),
	('8a29238f-9595-4562-ad4c-4b38013fe660', '98728ad3-4314-4f11-b21c-79f8ace7aebb', '80109162-991d-418a-8833-200b8a22cbcd', 'pi_3T76owF09G3Bi3hq1wpmuKOC', 3200, 'succeeded', '2026-03-04 04:14:07.076831+00', '2026-03-04 04:14:07.076831+00'),
	('c1055c62-ff7b-448c-821c-8ac48d2e28e6', '98728ad3-4314-4f11-b21c-79f8ace7aebb', 'a39abd21-e3f5-43a0-92e9-e0a24b513d99', 'pi_3T774vF09G3Bi3hq0WnKcNVd', 400, 'succeeded', '2026-03-04 04:30:36.648177+00', '2026-03-04 04:30:36.648177+00'),
	('bbac8aa6-4122-4bc9-9aee-ee2ec1a58d0d', '98728ad3-4314-4f11-b21c-79f8ace7aebb', 'a39abd21-e3f5-43a0-92e9-e0a24b513d99', 'pi_3T778qF09G3Bi3hq1FRfoges', 1600, 'succeeded', '2026-03-04 04:34:39.81173+00', '2026-03-04 04:34:39.81173+00'),
	('cbcd6acb-0f6d-466f-9e93-ef1b11bf45b1', '98728ad3-4314-4f11-b21c-79f8ace7aebb', '0b33cbd1-aca4-4ba7-8714-54ab58dc2e19', 'pi_3T77eAF09G3Bi3hq0YhiZm9j', 3500, 'succeeded', '2026-03-04 05:07:01.59078+00', '2026-03-04 05:07:01.59078+00'),
	('eade19e4-5f24-4e9f-9d83-e76681741314', '98728ad3-4314-4f11-b21c-79f8ace7aebb', '0b48f157-0058-44ab-8c6b-f45cbf9dc388', 'pi_3T77lcF09G3Bi3hq14CkZDFb', 3500, 'succeeded', '2026-03-04 05:14:44.188171+00', '2026-03-04 05:14:44.188171+00'),
	('b23abba1-0e71-448f-91a3-56b6885cd586', '98728ad3-4314-4f11-b21c-79f8ace7aebb', 'd661c6b3-8c1b-4945-9598-bf3628506c29', 'pi_3T77vJF09G3Bi3hq1iWw5qm9', 4000, 'succeeded', '2026-03-04 05:24:45.411255+00', '2026-03-04 05:24:45.411255+00'),
	('7101433d-7a43-43b4-83e5-82bebdefd5d8', '98728ad3-4314-4f11-b21c-79f8ace7aebb', '3b9a883d-db5b-490e-af4d-f41d4650a359', 'pi_3T7FyBF09G3Bi3hq0GWvLFDr', 3500, 'succeeded', '2026-03-04 14:00:14.439229+00', '2026-03-04 14:00:14.439229+00');


--
-- Data for Name: push_subscriptions; Type: TABLE DATA; Schema: public; Owner: postgres
--

INSERT INTO "public"."push_subscriptions" ("id", "created_at", "endpoint", "p256dh", "auth", "user_type", "customer_id", "business_id") VALUES
	('3fdbc6bc-e754-4c6c-8262-0f73d6712f7a', '2026-02-26 21:05:27.637041+00', 'https://fcm.googleapis.com/fcm/send/dGxpvA8iA6g:APA91bGIVwEkKSHJgdqx-tIlZDVlBtZPpIel_0ootgHucWDRBxq0aFXyNgTrTFNw2jfoXdt0Xnq0JgxCT1iiHq6nLMkxtCf3pmx0QwUFl2WtCibSawUWU8gk-5ScI6eEeyEGB4B9VDzG', 'BI1WZI_-XBNu4y0nCGpOJqSxOpMU1jcTjXOcIxyW5IGz7nsTTDt9bd0cTfaWtjyOOsy2eEDq97KS-MAyDyb4DkY', '6Wrplij-2DhLNe4MLEDI_A', 'customer', '7bd53f55-4a4d-453e-8479-edff2ef1e09d', NULL),
	('2787863d-e9f3-424e-b564-649a80105d0e', '2026-02-27 04:24:06.605031+00', 'https://fcm.googleapis.com/fcm/send/dRwpLCbelB0:APA91bF5DuIaNZ9SPScvr66ATXEXOeoYrrFBzHlee-h92fa-2qCSY2X2ENSovudG9ki6ORl6SIWVTPRZ3TSxlDwaG2GbAOWzpM0LHYd7MUkuBTora6eXGihQ2MxSFNGFIt8HxkYSRDbj', 'BB_ec4yefLpKc5gZbtv5lbtWbP6_j9ou6UG3Wd7bNdvCEL1uqEegxUEtLQ4F78OQw5bs-R07nkkabPXWNRzhrSM', 'hIQno1jLqb8PRxREyWIxUA', 'business', NULL, '98728ad3-4314-4f11-b21c-79f8ace7aebb'),
	('3a8565a5-baf5-415c-83f1-a92e3d2bc22a', '2026-03-02 02:19:16.093022+00', 'https://fcm.googleapis.com/fcm/send/eogQ7Pa9uic:APA91bFaUaAprLu2HKKFGtRZM-KRhN-MMOtNESUk2KehnR4CBrMKlTU0qCj7x4JsEB2PgDDGHc8exZiCpX8ZvGJBX2YLf0RqRcZJOZ3IeRAhnLzLxTcJkJQeVoGcTRglQhbboUXzEvl7', 'BHMIsLVkYV8SlIbmzE1dU2KZu8lb09Bx9XrjuSyeOaaf0fWS9VG3UPx7AsRfLjIdcXK9riOfRUy3ofh82GyqXao', 'KDSL7JZv4wkorZXsvcq5Sw', 'business', NULL, '98728ad3-4314-4f11-b21c-79f8ace7aebb');


--
-- Data for Name: referrals; Type: TABLE DATA; Schema: public; Owner: postgres
--

INSERT INTO "public"."referrals" ("id", "business_id", "referrer_customer_id", "referred_customer_id", "referral_code", "status", "reward_points_awarded", "first_completed_booking_id", "created_at", "completed_at") VALUES
	('061106b8-2c1a-467f-8dfb-e7d8dfa59ba2', 'bcc3f6ec-ee1c-4e13-b8c2-c967a6c02007', 'e45ef75f-96fc-45e9-8630-4dfb7852df8b', 'a34c14d9-b960-408e-a6f9-f9a24954066f', 'MARLON191', 'completed', 15, '332bc807-6d3d-4eb2-bcd6-2bf61edd2470', '2026-02-08 03:30:47.179794+00', '2026-02-08 03:44:08.356+00'),
	('e811de89-a457-44cc-af3c-9c240f652d96', 'bcc3f6ec-ee1c-4e13-b8c2-c967a6c02007', 'e45ef75f-96fc-45e9-8630-4dfb7852df8b', '10bce69d-0e84-48b8-8468-703a6b851f3e', 'MARLON191', 'pending', 0, NULL, '2026-02-08 03:48:41.405684+00', NULL),
	('55891e67-c764-40b9-a813-45b05a7bdc67', '98728ad3-4314-4f11-b21c-79f8ace7aebb', '7bd53f55-4a4d-453e-8479-edff2ef1e09d', '2d856b3d-0734-43e1-a223-10f918c57d1d', 'DON630', 'completed', 15, 'd3d8d6a3-b029-4d43-a07e-687d6e97799d', '2026-02-22 02:49:09.253205+00', '2026-02-22 02:50:08.729+00'),
	('a83a35d8-e844-4f4a-b658-e7bf90622734', '98728ad3-4314-4f11-b21c-79f8ace7aebb', '7bd53f55-4a4d-453e-8479-edff2ef1e09d', '281a606a-8090-4ccf-883f-d6cebe4bc365', 'DON630', 'completed', 15, '87934b6b-dbf1-4d7a-8bbe-34fc06d1789c', '2026-02-22 02:59:57.881271+00', '2026-02-22 03:01:21.84+00'),
	('218688ed-5457-485c-bb33-f1e9013c5f24', '98728ad3-4314-4f11-b21c-79f8ace7aebb', '7bd53f55-4a4d-453e-8479-edff2ef1e09d', '3bc77d5e-8129-4327-86ee-c1636d24b075', 'DON630', 'completed', 15, 'fdc344da-ac49-44f1-8197-746c47aaaf14', '2026-02-22 03:08:29.376484+00', '2026-02-22 03:09:00.306+00'),
	('f35fe920-dd97-4c30-be24-be1487057306', '98728ad3-4314-4f11-b21c-79f8ace7aebb', '7bd53f55-4a4d-453e-8479-edff2ef1e09d', '8b6b1538-6768-429c-8e13-f2e1d2be23da', 'DON630', 'completed', 15, 'd185bd90-ae33-453c-98a0-5cec25c05fa0', '2026-02-22 03:12:48.109983+00', '2026-02-22 03:13:21.866+00'),
	('4e284a3b-9912-4662-bd40-dd94102d6570', '98728ad3-4314-4f11-b21c-79f8ace7aebb', 'af6b5400-ff36-4bba-93a5-15341969570f', '6000b665-3258-4592-8263-00c07531ecfb', 'MANKIE348', 'pending', 0, NULL, '2026-02-22 04:26:56.149152+00', NULL),
	('b4c51305-22c1-4366-9505-d88ec7bca989', '98728ad3-4314-4f11-b21c-79f8ace7aebb', '86f4adb9-7925-47a0-976e-13068bd41884', '96a2e885-029d-4fa9-8b07-aacbfbd580a8', 'LULU434', 'completed', 15, 'ef14f8cc-41e7-4e24-907c-a37692a73670', '2026-02-22 04:33:41.680109+00', '2026-02-22 04:35:44.273+00'),
	('fbfc9176-d448-4119-b508-003abca772d8', '98728ad3-4314-4f11-b21c-79f8ace7aebb', '2982d444-4d42-4ab6-8bbe-9ab4666a3ebc', '7181adc4-8a43-428a-99c0-b829b8f8e7e5', 'DUCK553', 'pending', 0, NULL, '2026-02-22 05:15:21.487248+00', NULL);


--
-- Data for Name: sms_messages; Type: TABLE DATA; Schema: public; Owner: postgres
--

INSERT INTO "public"."sms_messages" ("id", "business_id", "direction", "from_number", "to_number", "body", "provider", "provider_message_id", "status", "created_at") VALUES
	('8fc8cc70-1a7d-4d13-98f2-3b54cf746f69', 'bcc3f6ec-ee1c-4e13-b8c2-c967a6c02007', 'outbound', '+15005550006', '5043824527', 'This is just a test', 'twilio', 'SMbf4d4484f9ea1df6d484634c44c811bf', 'queued', '2026-02-08 03:44:49.33762+00'),
	('275a1551-ef76-4e05-a090-5d2149a4fa21', 'bcc3f6ec-ee1c-4e13-b8c2-c967a6c02007', 'outbound', '+15005550006', '4044913421', 'This is just a test', 'twilio', 'SMc00c87892e247dfaed5dca3befecea68', 'queued', '2026-02-08 03:44:49.590206+00'),
	('19e63735-f83b-4985-99d5-d9978b4606d2', 'bcc3f6ec-ee1c-4e13-b8c2-c967a6c02007', 'outbound', '+15005550006', '5043824527', 'What up kid', 'twilio', 'SM0f6433f8fa2a4daca2ffc05da7744792', 'queued', '2026-02-08 19:11:48.748155+00'),
	('91be47d1-9c8c-4e6d-a608-c525cbabcec5', 'bcc3f6ec-ee1c-4e13-b8c2-c967a6c02007', 'outbound', '+15005550006', '4044913421', 'What up kid', 'twilio', 'SM6f572cc19625c5e03d4c5922a0a88705', 'queued', '2026-02-08 19:11:49.157893+00'),
	('2341ff30-ebf5-4edc-aeae-dbce10a36666', 'bcc3f6ec-ee1c-4e13-b8c2-c967a6c02007', 'outbound', '+15005550006', '5043314627', 'What up kid', 'twilio', 'SM2d1d64d2ed4c53c20c8527c93085e8c4', 'queued', '2026-02-08 19:11:49.47308+00'),
	('4bb80549-7c97-4970-8e52-b2b491a283e3', 'bcc3f6ec-ee1c-4e13-b8c2-c967a6c02007', 'outbound', '+15005550006', '5043824527', 'Reminder: You have an appointment tomorrow at {time}', 'twilio', 'SM6e9085ddeb07bd077957bf42c505994b', 'queued', '2026-02-08 19:59:51.88811+00'),
	('d9fe9724-247d-4492-8d25-b5039b7f2d70', 'bcc3f6ec-ee1c-4e13-b8c2-c967a6c02007', 'outbound', '+15005550006', '5043314627', 'Reminder: You have an appointment tomorrow at {time}', 'twilio', 'SM716d44713277ff7ae3642f6871a09b06', 'queued', '2026-02-08 19:59:51.969389+00'),
	('ce10da80-1c80-4b42-9d12-c6ac68c216e8', 'bcc3f6ec-ee1c-4e13-b8c2-c967a6c02007', 'outbound', '+15005550006', '5043314627', 'Reminder: You have an appointment tomorrow at {time}', 'twilio', 'SM6e41229a0e28c37852f67437bde1d158', 'queued', '2026-02-08 19:59:52.000089+00'),
	('308f4d00-1364-4b5b-8a3e-b4c2d331aea2', 'bcc3f6ec-ee1c-4e13-b8c2-c967a6c02007', 'outbound', '+15005550006', '5043314627', 'Reminder: You have an appointment tomorrow at {time}', 'twilio', 'SMe17dae5645cd85b3f0fdac3f4381e7d0', 'queued', '2026-02-08 19:59:52.197868+00'),
	('cc5f9777-b421-4ac1-a646-b77a1ace8694', 'bcc3f6ec-ee1c-4e13-b8c2-c967a6c02007', 'outbound', '+15005550006', '4044913421', 'Reminder: You have an appointment tomorrow at {time}', 'twilio', 'SMf8ddbbf6f11a54e7efd50df846f1e742', 'queued', '2026-02-09 12:00:19.214602+00'),
	('82200b42-0ef8-4a9a-bf36-d0138310645e', '98728ad3-4314-4f11-b21c-79f8ace7aebb', 'outbound', '+15005550006', '4042334642', 'Reminder: You have an appointment tomorrow at {time}', 'twilio', 'SM365d72212308525a2780d550128a58a5', 'queued', '2026-02-21 14:00:17.157614+00'),
	('45863de7-dbef-4f90-9e97-9204acc9603f', '98728ad3-4314-4f11-b21c-79f8ace7aebb', 'outbound', '+15005550006', '4048828282', 'Reminder: You have an appointment tomorrow at {time}', 'twilio', 'SM64b5a104ecc9b77d0adfb71af7769294', 'queued', '2026-02-21 15:00:17.361736+00'),
	('8ab1feb8-95b7-45a6-a0d3-15bc728d8fa5', '98728ad3-4314-4f11-b21c-79f8ace7aebb', 'outbound', '+15005550006', '5044414141', 'Reminder: You have an appointment tomorrow at {time}', 'twilio', 'SM4356deba19f3b81626e6c198020d2878', 'queued', '2026-02-21 17:00:18.405834+00'),
	('79283b98-8c50-42fe-85f2-1fa17f2b2d9d', '98728ad3-4314-4f11-b21c-79f8ace7aebb', 'outbound', '+15005550006', '5047378469', 'Reminder: You have an appointment tomorrow at {time}', 'twilio', 'SM756b612a2397fa6360c3e7f44f29d5d0', 'queued', '2026-02-21 21:00:20.082473+00'),
	('e19b03e1-3f9d-4397-be2e-10ce824e21c1', '98728ad3-4314-4f11-b21c-79f8ace7aebb', 'outbound', '+15005550006', '7074259999', 'Reminder: You have an appointment tomorrow at {time}', 'twilio', 'SM6a4d196cdc12cca1983ad21df9f4f65b', 'queued', '2026-02-22 14:00:27.811625+00'),
	('437b49ef-0a5e-4f06-ba9b-3fc32c1386e1', '98728ad3-4314-4f11-b21c-79f8ace7aebb', 'outbound', '+15005550006', '3318021346', 'Reminder: You have an appointment tomorrow at {time}', 'twilio', 'SMd6b49016099e1f7c0a449c47086f74d3', 'queued', '2026-02-22 14:30:28.04986+00'),
	('76ab32c1-848a-445f-ba6a-f700232aa3e2', '98728ad3-4314-4f11-b21c-79f8ace7aebb', 'outbound', '+15005550006', '4789130852', 'Reminder: You have an appointment tomorrow at {time}', 'twilio', 'SM7ac8a9eb5db7c250c584fa7c1893bef8', 'queued', '2026-02-22 15:00:28.249515+00'),
	('dce2c0ae-1d21-482a-b695-6ba2051f66c4', '98728ad3-4314-4f11-b21c-79f8ace7aebb', 'outbound', '+15005550006', '5049115050', 'Reminder: You have an appointment tomorrow at {time}', 'twilio', 'SM8372d63dc41755c0da9a60bad10be220', 'queued', '2026-02-22 15:30:28.489198+00'),
	('64fd39db-be6f-45cf-8a9f-d6c8ce263282', '98728ad3-4314-4f11-b21c-79f8ace7aebb', 'outbound', '+15005550006', '5049089080', 'Reminder: You have an appointment tomorrow at {time}', 'twilio', 'SM054a6edd81e30d263c50c4e346a849d5', 'queued', '2026-02-22 18:00:29.743296+00'),
	('1e696c3d-0c48-4c50-9460-2d6268fb1ea3', '98728ad3-4314-4f11-b21c-79f8ace7aebb', 'outbound', '+15005550006', '7707572039', 'Hi Don shula! Reminder: your Special appointment is tomorrow at Sun, Mar 1, 2:00 PM. Reply STOP to opt out.', 'twilio', 'SM18a90ab2a9c4364918a92adcd48a905b', 'queued', '2026-02-28 05:37:47.364359+00'),
	('aaa7f6e7-faea-4e8e-b198-b64f80fbef86', '98728ad3-4314-4f11-b21c-79f8ace7aebb', 'outbound', '+15005550006', '4042334642', 'Test', 'twilio', 'SM64ea0068101c96bbeaee94bb0d53236e', 'queued', '2026-03-01 05:33:39.496335+00'),
	('2ab05a39-2832-4624-92a7-6facfbccd9a1', '98728ad3-4314-4f11-b21c-79f8ace7aebb', 'outbound', '+15005550006', '4048828282', 'Test', 'twilio', 'SMe51d633724fd1debb194207c187703e7', 'queued', '2026-03-01 05:33:39.825196+00'),
	('23b19f69-e6f4-407e-8c68-3a53fe6434c3', '98728ad3-4314-4f11-b21c-79f8ace7aebb', 'outbound', '+15005550006', '5044414141', 'Test', 'twilio', 'SM680733e0a559eb7c795f18adf81d538c', 'queued', '2026-03-01 05:33:40.070535+00'),
	('aab487e0-b88a-4a8b-a8dd-1490a9d2a4b8', '98728ad3-4314-4f11-b21c-79f8ace7aebb', 'outbound', '+15005550006', '5047378469', 'Test', 'twilio', 'SM06c021ea6a2d5c723f5f4ce17d668de9', 'queued', '2026-03-01 05:33:40.445787+00'),
	('59621c04-5d85-44d4-b1cf-cd6b56c799ba', '98728ad3-4314-4f11-b21c-79f8ace7aebb', 'outbound', '+15005550006', '4785591213', 'Test', 'twilio', 'SM0a8f75b537a97922a99981fa1f3525b7', 'queued', '2026-03-01 05:33:40.672519+00'),
	('c7a2800d-7130-4a59-8c60-0e8440302649', '98728ad3-4314-4f11-b21c-79f8ace7aebb', 'outbound', '+15005550006', '7074259999', 'Test', 'twilio', 'SM56a3992a716857e9780978b2d2f49c24', 'queued', '2026-03-01 05:33:41.030643+00'),
	('47b9fdce-44a8-42d4-b032-331f43801b5a', '98728ad3-4314-4f11-b21c-79f8ace7aebb', 'outbound', '+15005550006', '5049089080', 'Test', 'twilio', 'SM79fff857f87847e99cf5eef6e36d2c26', 'queued', '2026-03-01 05:33:41.219382+00'),
	('20b29213-4688-4358-898f-591ef14b1d76', '98728ad3-4314-4f11-b21c-79f8ace7aebb', 'outbound', '+15005550006', '4789130852', 'Test', 'twilio', 'SMe04d2174f08937871a02f144b513810d', 'queued', '2026-03-01 05:33:41.45336+00'),
	('b72762be-80e6-44b2-ad43-95b6915fdd62', '98728ad3-4314-4f11-b21c-79f8ace7aebb', 'outbound', '+15005550006', '3318021346', 'Test', 'twilio', 'SMe2e5cc44ed286ece57b45f021f3ee251', 'queued', '2026-03-01 05:33:41.743847+00'),
	('e561972e-4d7c-4e64-8e51-e795cf384b08', '98728ad3-4314-4f11-b21c-79f8ace7aebb', 'outbound', '+15005550006', '4053308121', 'Test', 'twilio', 'SMa4937a27e3c67eeba494ab310c42d080', 'queued', '2026-03-01 05:33:41.931551+00'),
	('26cc4ddb-d48c-45c0-8680-77158b9c28c7', '98728ad3-4314-4f11-b21c-79f8ace7aebb', 'outbound', '+15005550006', '5054429176', 'Test', 'twilio', 'SM77a481954f2cad12367ace89ecc3dc09', 'queued', '2026-03-01 05:33:42.126329+00'),
	('da6a2e33-fe9f-457e-adc9-47ad9d3b8391', '98728ad3-4314-4f11-b21c-79f8ace7aebb', 'outbound', '+15005550006', '5049115050', 'Test', 'twilio', 'SMaffa4e133ca28d95ba2428008c99a15f', 'queued', '2026-03-01 05:33:42.465905+00'),
	('e502555c-3a18-40f0-9f5a-44bfbfdbb0fa', '98728ad3-4314-4f11-b21c-79f8ace7aebb', 'outbound', '+15005550006', '7707074682', 'Test', 'twilio', 'SM82555fb14540b4f489a64ca8a37ad1e9', 'queued', '2026-03-01 05:33:42.654628+00'),
	('70cbda11-272c-4c97-9876-8b777f916d59', '98728ad3-4314-4f11-b21c-79f8ace7aebb', 'outbound', '+15005550006', '7707572039', 'Test', 'twilio', 'SMc7ec0c33680703beb62148c28152f41d', 'queued', '2026-03-01 05:33:42.826638+00'),
	('9e74e724-58bc-4577-af85-8b60fdef34fe', '98728ad3-4314-4f11-b21c-79f8ace7aebb', 'outbound', '+15005550006', '4042334642', 'Do you do home visite', 'twilio', 'SM8312e7cb0070fa28a5667534f54d5bad', 'queued', '2026-03-02 04:58:58.639628+00'),
	('40b948a2-42cd-4acb-8c4e-36c6eca27fd9', '98728ad3-4314-4f11-b21c-79f8ace7aebb', 'outbound', '+15005550006', '4048828282', 'Do you do home visite', 'twilio', 'SM52e0852521fa18e2a3b15d10b0b6eb35', 'queued', '2026-03-02 04:58:58.994973+00'),
	('78cd6e2a-9ddd-4758-bc8f-acc19513ee42', '98728ad3-4314-4f11-b21c-79f8ace7aebb', 'outbound', '+15005550006', '5044414141', 'Do you do home visite', 'twilio', 'SMf4eeccda4871b6f4ef866d74ae791784', 'queued', '2026-03-02 04:58:59.252379+00'),
	('870bb40a-1189-4e6b-96cf-a709169f02c5', '98728ad3-4314-4f11-b21c-79f8ace7aebb', 'outbound', '+15005550006', '5047378469', 'Do you do home visite', 'twilio', 'SMbe5470be9634e9a81d9246e6f75eeded', 'queued', '2026-03-02 04:58:59.516089+00'),
	('9ee1089d-f2f1-4f26-aea7-ec86c28fbfd0', '98728ad3-4314-4f11-b21c-79f8ace7aebb', 'outbound', '+15005550006', '4785591213', 'Do you do home visite', 'twilio', 'SM3ae8b9752e88051daa3261f302ca6236', 'queued', '2026-03-02 04:58:59.706795+00'),
	('58daa03d-3d6f-42d2-8ece-2fb396bdce79', '98728ad3-4314-4f11-b21c-79f8ace7aebb', 'outbound', '+15005550006', '7074259999', 'Do you do home visite', 'twilio', 'SM7d4ee01f2c31943dfcbede560f3739b4', 'queued', '2026-03-02 04:58:59.915119+00'),
	('1c4eb34c-2b69-4325-a022-c0f0c16a3bee', '98728ad3-4314-4f11-b21c-79f8ace7aebb', 'outbound', '+15005550006', '4789130852', 'Do you do home visite', 'twilio', 'SMf48db5b707be0dc0f5411c91daf1ce71', 'queued', '2026-03-02 04:59:00.249463+00'),
	('e497a660-bae0-4c5d-9624-eb13a42046ae', '98728ad3-4314-4f11-b21c-79f8ace7aebb', 'outbound', '+15005550006', '3318021346', 'Do you do home visite', 'twilio', 'SM3b5545cd677442a258a702b3aadfc46e', 'queued', '2026-03-02 04:59:00.429352+00'),
	('58c30573-c2f9-4991-a162-de8e73b9e2a3', '98728ad3-4314-4f11-b21c-79f8ace7aebb', 'outbound', '+15005550006', '7707074682', 'Do you do home visite', 'twilio', 'SMbf61f303883c8222db3c7de44ee7483b', 'queued', '2026-03-02 04:59:01.890476+00'),
	('7fc1dabd-ec71-4e3e-9c44-eba483080a6c', '98728ad3-4314-4f11-b21c-79f8ace7aebb', 'outbound', '+15005550006', '4053308121', 'Do you do home visite', 'twilio', 'SM912d0d780619b1a99e4237309ddb67a3', 'queued', '2026-03-02 04:59:00.966531+00'),
	('5d7cbf58-dedd-4480-8c5a-3c4d7dd24d4a', '98728ad3-4314-4f11-b21c-79f8ace7aebb', 'outbound', '+15005550006', '7707572039', 'Do you do home visite', 'twilio', 'SM5e08671ee4c0dc319e964d9a3290920b', 'queued', '2026-03-02 04:59:02.077793+00'),
	('15cfaa4d-6f42-442f-8961-343cc8edbabc', '98728ad3-4314-4f11-b21c-79f8ace7aebb', 'outbound', '+15005550006', '5054429176', 'Do you do home visite', 'twilio', 'SM59eee33cccf289560ed77fa4fc9955a2', 'queued', '2026-03-02 04:59:01.333509+00'),
	('5b6a10fc-3da8-4c09-8349-ee40be27948e', '98728ad3-4314-4f11-b21c-79f8ace7aebb', 'outbound', '+15005550006', '5049089080', 'Do you do home visite', 'twilio', 'SM99510868cd0e4c2e89968c3f7bdb0b93', 'queued', '2026-03-02 04:59:02.791545+00'),
	('e2529525-2d95-42b9-9de0-cddf793a5fa4', '98728ad3-4314-4f11-b21c-79f8ace7aebb', 'outbound', '+15005550006', '5049115050', 'Do you do home visite', 'twilio', 'SM99fcd935ffbcd3789b273caa9c7c66ac', 'queued', '2026-03-02 04:59:01.684839+00'),
	('5f17c094-f682-4ef0-99ec-ffc27f2a61ce', '98728ad3-4314-4f11-b21c-79f8ace7aebb', 'outbound', '+15005550006', '+17707572039', 'Thank you for your visit! We hope you loved your service. If you''d like to leave a tip, tap here: https://katoomy-new.vercel.app/tyrone-mac-s-spot/tip?bookingId=3f87742b-ae2a-4cf1-ab63-83d69f7982a5', 'twilio', 'SM816bee48f4281922b4d59879b61c438f', 'queued', '2026-03-03 02:48:52.01963+00'),
	('840eaf3a-03b1-41a3-8a3b-d35190dfcb0f', '98728ad3-4314-4f11-b21c-79f8ace7aebb', 'outbound', '+15005550006', '+17707572039', 'Thank you for your visit! We hope you loved your service. If you''d like to leave a tip, tap here: https://katoomy-new.vercel.app/tyrone-mac-s-spot/tip?bookingId=0930ca41-8921-46f8-8fbe-0286af29968f', 'twilio', 'SM0d39ae9aaa72317ce2ed769e97abb005', 'queued', '2026-03-03 02:54:06.378468+00'),
	('cea3d87f-9651-445d-8a0c-a9d2c08383e5', '98728ad3-4314-4f11-b21c-79f8ace7aebb', 'outbound', '+15005550006', '+17707572039', 'Thank you for your visit! We hope you loved your service. If you''d like to leave a tip, tap here: https://katoomy-new.vercel.app/tyrone-mac-s-spot/tip?bookingId=146c00cc-de16-4e1f-9e1f-6e30d3a9269d', 'twilio', 'SM57fbf580e8aa10562d7e4b152cbcd0c6', 'queued', '2026-03-03 03:23:32.047316+00'),
	('9029a7ea-b7d8-4bc4-9b05-0f9689e8143b', '98728ad3-4314-4f11-b21c-79f8ace7aebb', 'outbound', '+15005550006', '4042334642', 'Great balls of fire
', 'twilio', 'SM6c4dfec22307b586b9892d9512a51881', 'queued', '2026-03-03 03:34:07.714339+00'),
	('e8ee0702-232a-472d-9e08-21878686bc83', '98728ad3-4314-4f11-b21c-79f8ace7aebb', 'outbound', '+15005550006', '4048828282', 'Great balls of fire
', 'twilio', 'SM1e86a7f5d60a46c2d2903e8f3ef8bcf9', 'queued', '2026-03-03 03:34:07.907951+00'),
	('54883817-4149-4efa-ba5a-db1867cc2ba7', '98728ad3-4314-4f11-b21c-79f8ace7aebb', 'outbound', '+15005550006', '5044414141', 'Great balls of fire
', 'twilio', 'SMb62c8720e31891b66e0627a4c9deef4a', 'queued', '2026-03-03 03:34:08.090709+00'),
	('bb175941-a8f4-4e8c-9b96-d1f1ec1881b9', '98728ad3-4314-4f11-b21c-79f8ace7aebb', 'outbound', '+15005550006', '5047378469', 'Great balls of fire
', 'twilio', 'SM38cb92c61d3276bae6abc6ee84aec512', 'queued', '2026-03-03 03:34:08.287103+00'),
	('adcaf8e0-88f8-42bc-be30-ad754b253487', '98728ad3-4314-4f11-b21c-79f8ace7aebb', 'outbound', '+15005550006', '4785591213', 'Great balls of fire
', 'twilio', 'SM482427c2a35a7c7cb80eb352a57ae4e0', 'queued', '2026-03-03 03:34:08.472953+00'),
	('9f9c66b4-7a3e-41eb-95cf-3b97d2efff87', '98728ad3-4314-4f11-b21c-79f8ace7aebb', 'outbound', '+15005550006', '7074259999', 'Great balls of fire
', 'twilio', 'SMfdcfc3a5e32863bbe6d7b3bc8dc8597e', 'queued', '2026-03-03 03:34:08.647041+00'),
	('d1e2a6b0-51be-4813-a7f0-eb7f3643a196', '98728ad3-4314-4f11-b21c-79f8ace7aebb', 'outbound', '+15005550006', '4789130852', 'Great balls of fire
', 'twilio', 'SM9c0ca51631ee6bbaee6bfbf9e09c30e8', 'queued', '2026-03-03 03:34:08.814658+00'),
	('60c83fbc-aa31-4516-ab0c-3244f100fd52', '98728ad3-4314-4f11-b21c-79f8ace7aebb', 'outbound', '+15005550006', '3318021346', 'Great balls of fire
', 'twilio', 'SM2ebf737e39b176179dcc66089bc55231', 'queued', '2026-03-03 03:34:09.039868+00'),
	('f25b6e7e-4333-4a79-bd19-72479850b003', '98728ad3-4314-4f11-b21c-79f8ace7aebb', 'outbound', '+15005550006', '4053308121', 'Great balls of fire
', 'twilio', 'SMe9df7e063176a80aea3e53afa74a846f', 'queued', '2026-03-03 03:34:09.249078+00'),
	('5acf97aa-36ab-4270-9b3f-0ac5f7cb69fc', '98728ad3-4314-4f11-b21c-79f8ace7aebb', 'outbound', '+15005550006', '5054429176', 'Great balls of fire
', 'twilio', 'SM048928714fe2f14b0dd283daeca6ec40', 'queued', '2026-03-03 03:34:09.431866+00'),
	('b28a703a-57b8-4eb5-8e00-76d5c6b48333', '98728ad3-4314-4f11-b21c-79f8ace7aebb', 'outbound', '+15005550006', '5049115050', 'Great balls of fire
', 'twilio', 'SM1922f3e18260dddbeca2fb81b73beb79', 'queued', '2026-03-03 03:34:09.603557+00'),
	('8b61cefb-545a-4cca-89bc-06cea1099d8d', '98728ad3-4314-4f11-b21c-79f8ace7aebb', 'outbound', '+15005550006', '7707074682', 'Great balls of fire
', 'twilio', 'SM1e644b117e8ba6990ea10540c4c1f134', 'queued', '2026-03-03 03:34:09.768471+00'),
	('dc213923-e6cd-4542-9e00-1e585fbc0ea8', '98728ad3-4314-4f11-b21c-79f8ace7aebb', 'outbound', '+15005550006', '5049089080', 'Great balls of fire
', 'twilio', 'SM8077bd4386e541e3e251c1ea32124e0d', 'queued', '2026-03-03 03:34:09.938877+00'),
	('642fb53f-d5e5-4856-b60e-1a5b2f206191', '98728ad3-4314-4f11-b21c-79f8ace7aebb', 'outbound', '+15005550006', '7707572039', 'Great balls of fire
', 'twilio', 'SMb97191b93d4ccbaf0c184321d95bdfad', 'queued', '2026-03-03 03:34:10.164367+00'),
	('42fe4bff-73cb-4f7f-8cd9-dc15cdacdcad', '98728ad3-4314-4f11-b21c-79f8ace7aebb', 'outbound', '+15005550006', '+17707572039', 'Thank you for your visit! We hope you loved your service. If you''d like to leave a tip, tap here: https://katoomy-new.vercel.app/tyrone-mac-s-spot/tip?bookingId=b82da77e-1339-4ca3-80eb-ee0051c3c925', 'twilio', 'SM755e0679d57240e328f20b28618c9e25', 'queued', '2026-03-03 03:43:06.883699+00'),
	('27f25023-0404-48f2-8d5a-9b6d122f546a', '98728ad3-4314-4f11-b21c-79f8ace7aebb', 'outbound', '+15005550006', '+17707572039', 'Thank you for your visit! We hope you loved your service. If you''d like to leave a tip, tap here: https://katoomy-new.vercel.app/tyrone-mac-s-spot/tip?bookingId=9837d6fa-cb89-4ce4-bd7b-68272d55887f', 'twilio', 'SMa356585c9072e7af0709efa7cb599e4c', 'queued', '2026-03-03 03:55:29.613014+00');


--
-- Data for Name: scheduled_messages; Type: TABLE DATA; Schema: public; Owner: postgres
--

INSERT INTO "public"."scheduled_messages" ("id", "business_id", "to_number", "body", "run_at", "status", "sent_message_id", "appointment_id", "rule_id", "customer_id", "created_at", "updated_at") VALUES
	('12d4f058-c4eb-4815-b418-7635f1dbada6', '98728ad3-4314-4f11-b21c-79f8ace7aebb', '4048828282', 'Reminder: You have an appointment tomorrow at {time}', '2026-02-21 15:00:00+00', 'sent', '45863de7-dbef-4f90-9e97-9204acc9603f', 'e325e4fb-68d6-41ad-be60-363bd035b09f', 'cd31af36-e58e-4552-b12a-2dfc694cd4f7', 'b938c901-ca77-466d-8f66-658bdd37544d', '2026-02-21 09:15:52.725207+00', '2026-02-21 15:00:17.428372+00'),
	('1b73897d-90ab-4913-9d2b-e73c4529bea0', '98728ad3-4314-4f11-b21c-79f8ace7aebb', '5044414141', 'Reminder: You have an appointment tomorrow at {time}', '2026-02-21 17:00:00+00', 'sent', '8ab1feb8-95b7-45a6-a0d3-15bc728d8fa5', '2d60f416-461b-4263-9b83-dee01b6e1e91', 'cd31af36-e58e-4552-b12a-2dfc694cd4f7', 'af6b5400-ff36-4bba-93a5-15341969570f', '2026-02-21 09:18:22.899152+00', '2026-02-21 17:00:18.474286+00'),
	('1e7bd980-04bb-44fa-bced-71b58f7c6fe8', 'bcc3f6ec-ee1c-4e13-b8c2-c967a6c02007', '5043824527', 'Reminder: You have an appointment tomorrow at {time}', '2026-02-08 04:00:00+00', 'sent', '4bb80549-7c97-4970-8e52-b2b491a283e3', '29d168b6-4eae-4f32-9206-423bd9302310', 'dfe98009-8d7d-41e7-bca6-3bcf8ffc1558', 'e45ef75f-96fc-45e9-8630-4dfb7852df8b', '2026-02-08 03:28:17.811823+00', '2026-02-08 19:59:51.980736+00'),
	('95933730-533d-4683-a9f6-b9a1e497d000', '98728ad3-4314-4f11-b21c-79f8ace7aebb', '5047378469', 'Reminder: You have an appointment tomorrow at {time}', '2026-02-21 21:00:00+00', 'sent', '79283b98-8c50-42fe-85f2-1fa17f2b2d9d', '8eeb9da4-e155-4128-904c-5242a1efb4a3', 'cd31af36-e58e-4552-b12a-2dfc694cd4f7', '944f01b7-afa9-407c-ae36-7021d411cfc0', '2026-02-21 09:23:21.454068+00', '2026-02-21 21:00:20.139056+00'),
	('46925fad-8abf-40d1-b7aa-d0066470e602', 'bcc3f6ec-ee1c-4e13-b8c2-c967a6c02007', '5043314627', 'Reminder: You have an appointment tomorrow at {time}', '2026-02-08 05:00:00+00', 'sent', '308f4d00-1364-4b5b-8a3e-b4c2d331aea2', '26453cdf-eb5a-4843-9541-7f655897f8d2', 'dfe98009-8d7d-41e7-bca6-3bcf8ffc1558', '10bce69d-0e84-48b8-8468-703a6b851f3e', '2026-02-08 03:48:41.755137+00', '2026-02-08 19:59:52.269871+00'),
	('953e40c8-5437-4d77-885e-bbeafcf672d4', 'bcc3f6ec-ee1c-4e13-b8c2-c967a6c02007', '4044913421', 'Reminder: You have an appointment tomorrow at {time}', '2026-02-09 12:00:00+00', 'sent', 'cc5f9777-b421-4ac1-a646-b77a1ace8694', '332bc807-6d3d-4eb2-bcd6-2bf61edd2470', 'dfe98009-8d7d-41e7-bca6-3bcf8ffc1558', 'a34c14d9-b960-408e-a6f9-f9a24954066f', '2026-02-08 03:30:47.494259+00', '2026-02-09 12:00:19.278215+00'),
	('4907495b-3e4a-4701-a028-4ad4d0ab0a25', '98728ad3-4314-4f11-b21c-79f8ace7aebb', '4042334642', 'Reminder: You have an appointment tomorrow at {time}', '2026-02-21 14:00:00+00', 'sent', '82200b42-0ef8-4a9a-bf36-d0138310645e', 'd5b6ff4e-b98d-4759-a071-d6f01bcf8c6c', 'cd31af36-e58e-4552-b12a-2dfc694cd4f7', '8e6a41fe-95da-4095-8a4b-51b12da89d91', '2026-02-21 08:59:09.326064+00', '2026-02-21 14:00:17.227593+00'),
	('e5c07b68-dfcd-4c13-ac60-7618c25d6f79', '98728ad3-4314-4f11-b21c-79f8ace7aebb', '7074259999', 'Reminder: You have an appointment tomorrow at {time}', '2026-02-22 14:00:00+00', 'sent', 'e19b03e1-3f9d-4397-be2e-10ce824e21c1', 'ea69a00f-e2b0-478d-8adf-452e947cacb9', 'cd31af36-e58e-4552-b12a-2dfc694cd4f7', '2d856b3d-0734-43e1-a223-10f918c57d1d', '2026-02-22 02:51:48.752433+00', '2026-02-22 14:00:27.866198+00'),
	('3d0b8e40-968a-42a8-9bf8-0d453f447126', '98728ad3-4314-4f11-b21c-79f8ace7aebb', '3318021346', 'Reminder: You have an appointment tomorrow at {time}', '2026-02-22 14:30:00+00', 'sent', '437b49ef-0a5e-4f06-ba9b-3fc32c1386e1', 'd185bd90-ae33-453c-98a0-5cec25c05fa0', 'cd31af36-e58e-4552-b12a-2dfc694cd4f7', '8b6b1538-6768-429c-8e13-f2e1d2be23da', '2026-02-22 03:12:48.94896+00', '2026-02-22 14:30:28.123045+00'),
	('8be2ec26-d8f6-4ab6-99b1-63b7103f98b6', '98728ad3-4314-4f11-b21c-79f8ace7aebb', '4789130852', 'Reminder: You have an appointment tomorrow at {time}', '2026-02-22 15:00:00+00', 'sent', '76ab32c1-848a-445f-ba6a-f700232aa3e2', 'fdc344da-ac49-44f1-8197-746c47aaaf14', 'cd31af36-e58e-4552-b12a-2dfc694cd4f7', '3bc77d5e-8129-4327-86ee-c1636d24b075', '2026-02-22 03:08:30.436286+00', '2026-02-22 15:00:28.320441+00'),
	('fc973ba3-11d8-4acb-8837-4f7b1d3083fe', '98728ad3-4314-4f11-b21c-79f8ace7aebb', '5049115050', 'Reminder: You have an appointment tomorrow at {time}', '2026-02-22 15:30:00+00', 'sent', 'dce2c0ae-1d21-482a-b695-6ba2051f66c4', 'a8082c6d-cf7c-4784-9501-d09f9cf946ee', 'cd31af36-e58e-4552-b12a-2dfc694cd4f7', '7181adc4-8a43-428a-99c0-b829b8f8e7e5', '2026-02-22 05:15:22.7951+00', '2026-02-22 15:30:28.562905+00'),
	('fe364ef5-3886-4284-8240-9f20334475be', '98728ad3-4314-4f11-b21c-79f8ace7aebb', '5049089080', 'Reminder: You have an appointment tomorrow at {time}', '2026-02-22 18:00:00+00', 'sent', '64fd39db-be6f-45cf-8a9f-d6c8ce263282', 'f08f2004-aeb5-47ec-bf71-55146ba98838', 'cd31af36-e58e-4552-b12a-2dfc694cd4f7', '281a606a-8090-4ccf-883f-d6cebe4bc365', '2026-02-22 03:02:47.674069+00', '2026-02-22 18:00:29.810385+00'),
	('59fd3966-6a41-46bb-bbb3-717a719ee4d8', '98728ad3-4314-4f11-b21c-79f8ace7aebb', '7707572039', 'Hi Don shula! Reminder: your Special appointment is tomorrow at Sun, Mar 1, 2:00 PM. Reply STOP to opt out.', '2026-02-28 05:37:40.461+00', 'sent', '1e696c3d-0c48-4c50-9460-2d6268fb1ea3', NULL, NULL, '7bd53f55-4a4d-453e-8479-edff2ef1e09d', '2026-02-28 05:37:40.604013+00', '2026-02-28 05:37:47.422574+00'),
	('8bbcb889-43f0-4025-8761-e29d001f7f25', '98728ad3-4314-4f11-b21c-79f8ace7aebb', '7707572039', 'Hi Don shula! Reminder: your Beard trim appointment is tomorrow at Wed, Mar 4, 3:30 PM. Reply STOP to opt out.', '2026-03-04 12:49:12.034+00', 'scheduled', NULL, NULL, NULL, '7bd53f55-4a4d-453e-8479-edff2ef1e09d', '2026-03-04 12:49:13.104455+00', '2026-03-04 12:49:13.104455+00'),
	('689029cd-257a-4c5f-9fd3-d0dc12161984', '98728ad3-4314-4f11-b21c-79f8ace7aebb', '5049089080', 'Hi Micky Ross! Reminder: your Special appointment is tomorrow at Wed, Mar 4, 4:30 PM. Reply STOP to opt out.', '2026-03-04 12:49:12.034+00', 'scheduled', NULL, NULL, NULL, '281a606a-8090-4ccf-883f-d6cebe4bc365', '2026-03-04 12:49:13.247761+00', '2026-03-04 12:49:13.247761+00'),
	('1a58919b-5b44-439d-9caa-a77a403a5f82', '98728ad3-4314-4f11-b21c-79f8ace7aebb', '7707572039', 'Hi Don shula! Reminder: your Temp Fade appointment is tomorrow at Wed, Mar 4, 8:30 PM. Reply STOP to opt out.', '2026-03-04 12:49:12.034+00', 'scheduled', NULL, NULL, NULL, '7bd53f55-4a4d-453e-8479-edff2ef1e09d', '2026-03-04 12:49:13.41387+00', '2026-03-04 12:49:13.41387+00');


--
-- Data for Name: scheduled_notifications; Type: TABLE DATA; Schema: public; Owner: postgres
--

INSERT INTO "public"."scheduled_notifications" ("id", "created_at", "booking_id", "business_id", "customer_id", "type", "channel", "scheduled_for", "sent_at", "status") VALUES
	('d41f399a-bead-4d7e-ad8f-0e71ace2363a', '2026-03-03 00:39:43.467436+00', 'be9d1788-cb08-4c2d-872e-dd85bcb669a3', '98728ad3-4314-4f11-b21c-79f8ace7aebb', '7bd53f55-4a4d-453e-8479-edff2ef1e09d', 'reminder_24h', 'sms', '2026-03-03 15:30:00+00', '2026-03-04 12:49:12.034+00', 'sent'),
	('275f45c3-d0e2-4334-a4cc-b5cc44730f78', '2026-03-03 15:42:11.86694+00', '793dd087-8a43-4aca-a600-e4445d735f31', '98728ad3-4314-4f11-b21c-79f8ace7aebb', '281a606a-8090-4ccf-883f-d6cebe4bc365', 'reminder_24h', 'sms', '2026-03-03 16:30:00+00', '2026-03-04 12:49:12.034+00', 'sent'),
	('06a7ea98-5850-47f5-b106-67818793f527', '2026-02-27 08:06:15.411733+00', '8d8cce1e-80bf-4341-945d-bd9edae466a2', '98728ad3-4314-4f11-b21c-79f8ace7aebb', '7bd53f55-4a4d-453e-8479-edff2ef1e09d', 'reminder_2h', 'push', '2026-03-03 16:30:00+00', '2026-03-04 12:49:12.034+00', 'skipped'),
	('95333d49-b66f-4418-ba47-4dd8d557cfe7', '2026-03-03 02:25:19.540212+00', '758b5dba-0423-4114-a948-03fb576d148e', '98728ad3-4314-4f11-b21c-79f8ace7aebb', '7bd53f55-4a4d-453e-8479-edff2ef1e09d', 'reminder_24h', 'sms', '2026-03-04 08:00:00+00', '2026-03-04 12:49:12.034+00', 'skipped'),
	('2ea96cd2-238c-4745-aa9d-994cdd4c6821', '2026-03-03 02:23:44.807863+00', 'a8d576f8-81c5-4f1e-b1ff-52caef8e902b', '98728ad3-4314-4f11-b21c-79f8ace7aebb', '7bd53f55-4a4d-453e-8479-edff2ef1e09d', 'reminder_2h', 'push', '2026-03-04 09:30:00+00', '2026-03-04 12:49:12.034+00', 'skipped'),
	('c58a0039-3da7-4fab-8d5e-170d9a616bf2', '2026-03-03 02:22:55.097756+00', 'eeb9465e-f902-4faa-8bd4-40e52824e77e', '98728ad3-4314-4f11-b21c-79f8ace7aebb', '7bd53f55-4a4d-453e-8479-edff2ef1e09d', 'reminder_2h', 'push', '2026-03-04 12:00:00+00', '2026-03-04 12:49:12.034+00', 'skipped'),
	('5e5cc98f-1084-4d8b-9143-6d8cf6ea2db8', '2026-03-03 00:39:43.467436+00', 'be9d1788-cb08-4c2d-872e-dd85bcb669a3', '98728ad3-4314-4f11-b21c-79f8ace7aebb', '7bd53f55-4a4d-453e-8479-edff2ef1e09d', 'reminder_2h', 'push', '2026-03-04 13:30:00+00', '2026-03-04 12:49:12.034+00', 'sent'),
	('1fdd3ecd-8446-454d-8329-77d9e65ca906', '2026-02-26 04:58:21.225739+00', '4bff1923-f78b-451f-b401-ff909a110d03', '98728ad3-4314-4f11-b21c-79f8ace7aebb', '7bd53f55-4a4d-453e-8479-edff2ef1e09d', 'reminder_24h', 'sms', '2026-02-26 14:00:00+00', '2026-02-28 04:05:19.018+00', 'skipped'),
	('f8be8bac-7874-49b9-9e6c-d43aa375a354', '2026-02-25 21:40:36.400123+00', 'a6507091-7cdd-4f79-bb8c-41a4c221183f', '98728ad3-4314-4f11-b21c-79f8ace7aebb', '7bd53f55-4a4d-453e-8479-edff2ef1e09d', 'reminder_2h', 'push', '2026-02-26 15:00:00+00', '2026-02-28 04:05:19.018+00', 'skipped'),
	('d1e9425e-3050-4099-9331-57f3675865a7', '2026-02-25 21:50:43.476734+00', 'c8624055-4054-42e9-a5d5-80fe7f92b9b5', '98728ad3-4314-4f11-b21c-79f8ace7aebb', '7bd53f55-4a4d-453e-8479-edff2ef1e09d', 'reminder_2h', 'push', '2026-02-26 16:00:00+00', '2026-02-28 04:05:19.018+00', 'skipped'),
	('72368c7d-c65d-476d-af2d-bb5100bead3c', '2026-02-26 20:54:47.463033+00', '3160b843-4cb7-428e-9f0b-ec1000c58adc', '98728ad3-4314-4f11-b21c-79f8ace7aebb', '7bd53f55-4a4d-453e-8479-edff2ef1e09d', 'reminder_2h', 'push', '2026-02-27 13:00:00+00', '2026-02-28 04:05:19.018+00', 'skipped'),
	('806cf714-b89d-4e0f-8ca3-52b127aa2c4a', '2026-02-26 23:37:17.789852+00', '532a4fc2-0d4b-497e-82b0-bb61e193fa12', '98728ad3-4314-4f11-b21c-79f8ace7aebb', '7bd53f55-4a4d-453e-8479-edff2ef1e09d', 'reminder_2h', 'push', '2026-02-27 13:00:00+00', '2026-02-28 04:05:19.018+00', 'skipped'),
	('3a9a8925-8f39-4276-82f7-cc7cfe587b66', '2026-02-26 05:22:10.293625+00', '65dfd54a-e92e-4e23-bfc7-097459268e5b', '98728ad3-4314-4f11-b21c-79f8ace7aebb', '7bd53f55-4a4d-453e-8479-edff2ef1e09d', 'reminder_24h', 'sms', '2026-02-27 14:00:00+00', '2026-02-28 04:05:19.018+00', 'skipped'),
	('e3bf0b9e-b830-42d6-8369-42a815c96104', '2026-02-26 21:06:54.076045+00', '019007c6-f472-4869-89e6-3c6e71b22a27', '98728ad3-4314-4f11-b21c-79f8ace7aebb', '7bd53f55-4a4d-453e-8479-edff2ef1e09d', 'reminder_24h', 'sms', '2026-02-27 14:00:00+00', '2026-02-28 04:05:19.018+00', 'skipped'),
	('c38fb274-9f2f-4fb3-a437-a7953f8d8d44', '2026-02-26 20:32:17.130351+00', 'ad1a2daa-101f-4355-9e49-f43740cf41e2', '98728ad3-4314-4f11-b21c-79f8ace7aebb', '7bd53f55-4a4d-453e-8479-edff2ef1e09d', 'reminder_24h', 'sms', '2026-02-27 15:00:00+00', '2026-02-28 04:05:19.018+00', 'skipped'),
	('8ea19edf-75ba-42fd-8e1a-fc288a7265b5', '2026-02-26 20:57:03.903524+00', '6a5483ed-09bb-4740-a692-900e4b169d42', '98728ad3-4314-4f11-b21c-79f8ace7aebb', '7bd53f55-4a4d-453e-8479-edff2ef1e09d', 'reminder_2h', 'push', '2026-02-27 17:00:00+00', '2026-02-28 04:05:19.018+00', 'skipped'),
	('97cfefaf-da42-4a66-9980-d376d1826deb', '2026-02-26 22:34:01.702794+00', '2d53a4df-12c2-4dd3-bf04-3acf31f311e2', '98728ad3-4314-4f11-b21c-79f8ace7aebb', '7bd53f55-4a4d-453e-8479-edff2ef1e09d', 'reminder_2h', 'push', '2026-02-27 20:00:00+00', '2026-02-28 04:05:19.018+00', 'skipped'),
	('008af6a1-032f-41b4-b1d8-951b5a1314f9', '2026-02-27 03:33:26.096206+00', 'a23353dd-c69e-45f0-84ca-398ac08d711e', '98728ad3-4314-4f11-b21c-79f8ace7aebb', '7bd53f55-4a4d-453e-8479-edff2ef1e09d', 'reminder_24h', 'sms', '2026-02-27 23:00:00+00', '2026-02-28 04:05:19.018+00', 'skipped'),
	('ea136ba4-4fac-40c8-8b3d-b7b16b61efa0', '2026-02-28 03:27:53.910742+00', 'c2f40ae3-287f-4cc4-9712-eec28c5d38f5', '98728ad3-4314-4f11-b21c-79f8ace7aebb', '7bd53f55-4a4d-453e-8479-edff2ef1e09d', 'reminder_2h', 'push', '2026-02-28 03:30:00+00', '2026-02-28 04:05:19.018+00', 'sent'),
	('39a0d18c-7dff-462f-bb79-7f711d38462b', '2026-02-27 04:12:29.499854+00', '454217de-79c2-4b0d-84c2-2c0c41435d64', '98728ad3-4314-4f11-b21c-79f8ace7aebb', '7bd53f55-4a4d-453e-8479-edff2ef1e09d', 'reminder_2h', 'push', '2026-02-28 03:37:32+00', '2026-02-28 04:05:19.018+00', 'skipped'),
	('c6bbe4db-8559-4d38-980e-a0a9c03a123f', '2026-02-27 04:43:00.544623+00', '193a6c44-0475-4d26-828a-8d82f434cc2d', '98728ad3-4314-4f11-b21c-79f8ace7aebb', '7bd53f55-4a4d-453e-8479-edff2ef1e09d', 'reminder_2h', 'push', '2026-02-28 03:38:08+00', '2026-02-28 04:05:19.018+00', 'sent'),
	('f1c9fdd4-ce5d-49f2-b8df-dc0685ea1f3d', '2026-02-27 04:10:31.144144+00', 'c43367aa-b369-4003-a81f-587426dd77ed', '98728ad3-4314-4f11-b21c-79f8ace7aebb', '7bd53f55-4a4d-453e-8479-edff2ef1e09d', 'reminder_2h', 'push', '2026-02-28 03:39:10+00', '2026-02-28 04:05:19.018+00', 'skipped'),
	('77bf6dab-bf5d-42a5-9ce7-9fda4e32fa18', '2026-02-27 04:24:59.706434+00', '59c38097-ae94-413d-b8c3-f07a10e38c06', '98728ad3-4314-4f11-b21c-79f8ace7aebb', '7bd53f55-4a4d-453e-8479-edff2ef1e09d', 'reminder_2h', 'push', '2026-02-28 03:40:06+00', '2026-02-28 04:05:19.018+00', 'skipped'),
	('e1302368-2ace-4e2d-8e77-786f3bbcc02a', '2026-02-26 04:58:21.225739+00', '4bff1923-f78b-451f-b401-ff909a110d03', '98728ad3-4314-4f11-b21c-79f8ace7aebb', '7bd53f55-4a4d-453e-8479-edff2ef1e09d', 'reminder_2h', 'push', '2026-02-28 04:20:00+00', '2026-02-28 04:05:19.018+00', 'skipped'),
	('0a018a0f-133d-4f9b-93b1-2340e3f2b86b', '2026-02-28 04:12:20.312885+00', 'bec5e4f6-d8a2-422b-9cbf-2d7d9dafd566', '98728ad3-4314-4f11-b21c-79f8ace7aebb', '7bd53f55-4a4d-453e-8479-edff2ef1e09d', 'reminder_2h', 'push', '2026-02-28 04:30:00+00', '2026-02-28 04:21:31.129+00', 'sent'),
	('c5c04642-8bc3-4eff-936e-86efd88a075d', '2026-02-28 04:23:15.3359+00', '0b34d902-3a60-4d14-8fe0-8a55789ad5d1', '98728ad3-4314-4f11-b21c-79f8ace7aebb', '7bd53f55-4a4d-453e-8479-edff2ef1e09d', 'reminder_2h', 'sms', '2026-02-28 05:00:00+00', '2026-02-28 04:34:59.216+00', 'sent'),
	('3e0f9114-25f1-484e-8169-44483b19e002', '2026-02-28 05:18:55.793749+00', '31b64acf-7108-4fbf-a093-580d1bee027a', '98728ad3-4314-4f11-b21c-79f8ace7aebb', '7bd53f55-4a4d-453e-8479-edff2ef1e09d', 'reminder_24h', 'sms', '2026-02-28 06:00:00+00', NULL, 'failed'),
	('6779a156-fc75-4673-8ddb-f8df42718a73', '2026-02-28 04:38:02.17266+00', 'c3babf80-fad8-4bd2-8a26-162743840879', '98728ad3-4314-4f11-b21c-79f8ace7aebb', '7bd53f55-4a4d-453e-8479-edff2ef1e09d', 'reminder_2h', 'sms', '2026-02-28 05:15:00+00', '2026-02-28 04:45:17.909+00', 'sent'),
	('f251e39f-8e89-46ad-ac23-4c23a42e24a1', '2026-02-28 04:42:41.140673+00', '3fb79c7c-a5c2-445a-bb28-a310032dec3f', '98728ad3-4314-4f11-b21c-79f8ace7aebb', '7bd53f55-4a4d-453e-8479-edff2ef1e09d', 'reminder_2h', 'sms', '2026-02-28 05:30:00+00', '2026-02-28 04:49:17.714+00', 'sent'),
	('07a2bc3f-df7c-4bbb-8c5f-3a7c4e7b0c1f', '2026-02-28 05:10:47.11277+00', '519f3136-9e78-4b27-9b7a-d1c9f26abdc7', '98728ad3-4314-4f11-b21c-79f8ace7aebb', '7bd53f55-4a4d-453e-8479-edff2ef1e09d', 'reminder_24h', 'sms', '2026-02-28 05:00:00+00', NULL, 'failed'),
	('f347f080-c358-405b-98c1-cf87483a9134', '2026-02-28 05:35:59.249212+00', 'd1bf1c37-cb96-4729-9b53-2d58f8090bb6', '98728ad3-4314-4f11-b21c-79f8ace7aebb', '7bd53f55-4a4d-453e-8479-edff2ef1e09d', 'reminder_24h', 'sms', '2026-02-28 06:30:00+00', '2026-02-28 05:37:40.461+00', 'sent'),
	('6d9aa4d8-ad86-47e3-80a6-ac67657bb999', '2026-02-28 04:23:15.3359+00', '0b34d902-3a60-4d14-8fe0-8a55789ad5d1', '98728ad3-4314-4f11-b21c-79f8ace7aebb', '7bd53f55-4a4d-453e-8479-edff2ef1e09d', 'reminder_24h', 'sms', '2026-02-28 10:00:00+00', '2026-02-28 12:20:41.033+00', 'skipped'),
	('ea969e92-4c4f-4371-984f-bf5fdd93d272', '2026-02-26 05:22:10.293625+00', '65dfd54a-e92e-4e23-bfc7-097459268e5b', '98728ad3-4314-4f11-b21c-79f8ace7aebb', '7bd53f55-4a4d-453e-8479-edff2ef1e09d', 'reminder_2h', 'push', '2026-02-28 12:00:00+00', '2026-02-28 12:20:41.033+00', 'skipped'),
	('781cbbbb-58e9-41fa-bd2c-3217c00c7154', '2026-02-26 21:06:54.076045+00', '019007c6-f472-4869-89e6-3c6e71b22a27', '98728ad3-4314-4f11-b21c-79f8ace7aebb', '7bd53f55-4a4d-453e-8479-edff2ef1e09d', 'reminder_2h', 'push', '2026-02-28 12:00:00+00', '2026-02-28 12:20:41.033+00', 'skipped'),
	('94824edb-f793-4f98-99ad-b175e6b09973', '2026-02-26 20:32:17.130351+00', 'ad1a2daa-101f-4355-9e49-f43740cf41e2', '98728ad3-4314-4f11-b21c-79f8ace7aebb', '7bd53f55-4a4d-453e-8479-edff2ef1e09d', 'reminder_2h', 'push', '2026-02-28 13:00:00+00', '2026-02-28 12:20:41.033+00', 'skipped'),
	('ce042a7a-1254-4361-82b3-93abbb108739', '2026-02-26 22:28:55.319977+00', 'a20ef2e7-0d3e-4470-970a-2bc3941d2ae7', '98728ad3-4314-4f11-b21c-79f8ace7aebb', '7bd53f55-4a4d-453e-8479-edff2ef1e09d', 'reminder_24h', 'sms', '2026-02-28 16:00:00+00', '2026-03-01 12:59:44.948+00', 'skipped'),
	('b4326a38-1a54-4562-9f46-dfb6c68532b5', '2026-02-27 03:33:26.096206+00', 'a23353dd-c69e-45f0-84ca-398ac08d711e', '98728ad3-4314-4f11-b21c-79f8ace7aebb', '7bd53f55-4a4d-453e-8479-edff2ef1e09d', 'reminder_2h', 'push', '2026-02-28 21:00:00+00', '2026-03-01 12:59:44.948+00', 'skipped'),
	('84203aa6-304f-4f11-8914-05891ca094c6', '2026-02-28 05:10:47.11277+00', '519f3136-9e78-4b27-9b7a-d1c9f26abdc7', '98728ad3-4314-4f11-b21c-79f8ace7aebb', '7bd53f55-4a4d-453e-8479-edff2ef1e09d', 'reminder_2h', 'push', '2026-03-01 09:00:00+00', '2026-03-01 12:59:44.948+00', 'skipped'),
	('04dfaec9-c218-4f5a-88e0-3b5f922e4cd0', '2026-03-01 08:05:16.409476+00', '740784d6-3422-4108-b2b0-eb6e46fa4870', '98728ad3-4314-4f11-b21c-79f8ace7aebb', '7bd53f55-4a4d-453e-8479-edff2ef1e09d', 'reminder_2h', 'push', '2026-03-01 09:00:00+00', '2026-03-01 12:59:44.948+00', 'skipped'),
	('da935ce0-5651-4aa3-8b72-f6ee8f96d9f6', '2026-03-01 08:47:19.82648+00', 'a06b3837-6c25-4f1a-9610-8390ff53e3bd', '98728ad3-4314-4f11-b21c-79f8ace7aebb', '7bd53f55-4a4d-453e-8479-edff2ef1e09d', 'reminder_2h', 'push', '2026-03-01 09:00:00+00', '2026-03-01 12:59:44.948+00', 'skipped'),
	('696bfda9-0923-44c8-bc63-d74d4a6b942f', '2026-03-01 09:01:31.263068+00', '0b9078c0-d31f-4f28-8340-5c6e81c0fa82', '98728ad3-4314-4f11-b21c-79f8ace7aebb', '7bd53f55-4a4d-453e-8479-edff2ef1e09d', 'reminder_2h', 'push', '2026-03-01 11:30:00+00', '2026-03-01 12:59:44.948+00', 'sent'),
	('dd0655d1-a37a-4abb-8bee-cf894b4ad873', '2026-02-28 05:35:59.249212+00', 'd1bf1c37-cb96-4729-9b53-2d58f8090bb6', '98728ad3-4314-4f11-b21c-79f8ace7aebb', '7bd53f55-4a4d-453e-8479-edff2ef1e09d', 'reminder_2h', 'push', '2026-03-01 12:00:00+00', '2026-03-01 12:59:44.948+00', 'skipped'),
	('96e4e86b-a47d-413f-bed4-1c138aed32d1', '2026-02-26 22:28:55.319977+00', 'a20ef2e7-0d3e-4470-970a-2bc3941d2ae7', '98728ad3-4314-4f11-b21c-79f8ace7aebb', '7bd53f55-4a4d-453e-8479-edff2ef1e09d', 'reminder_2h', 'push', '2026-03-01 14:00:00+00', '2026-03-02 12:54:04.068+00', 'skipped'),
	('be3c129a-3d71-4614-bf45-053d3f85d6fd', '2026-02-28 05:18:55.793749+00', '31b64acf-7108-4fbf-a093-580d1bee027a', '98728ad3-4314-4f11-b21c-79f8ace7aebb', '7bd53f55-4a4d-453e-8479-edff2ef1e09d', 'reminder_2h', 'push', '2026-03-01 16:00:00+00', '2026-03-02 12:54:04.068+00', 'skipped'),
	('6eacfda0-e7c3-44e1-b7fb-622a82810cd4', '2026-03-02 04:51:43.803748+00', 'c3f48dd1-332a-49cc-8a8e-2330a4364e83', '98728ad3-4314-4f11-b21c-79f8ace7aebb', '281a606a-8090-4ccf-883f-d6cebe4bc365', 'reminder_2h', 'push', '2026-03-02 08:00:00+00', '2026-03-02 12:54:04.068+00', 'skipped'),
	('757bbbb7-13e6-4cc0-8130-6ba900bc2061', '2026-03-03 02:25:19.540212+00', '758b5dba-0423-4114-a948-03fb576d148e', '98728ad3-4314-4f11-b21c-79f8ace7aebb', '7bd53f55-4a4d-453e-8479-edff2ef1e09d', 'reminder_2h', 'push', '2026-03-05 06:00:00+00', NULL, 'pending'),
	('d8f2286d-ec06-4f54-aee3-72ff5cfad5ab', '2026-03-03 02:27:07.148835+00', '8dd1ddbc-d7cf-467d-96c3-681140a9fa3e', '98728ad3-4314-4f11-b21c-79f8ace7aebb', '7bd53f55-4a4d-453e-8479-edff2ef1e09d', 'reminder_24h', 'sms', '2026-03-04 14:00:00+00', NULL, 'pending'),
	('4d62e47e-7b72-4254-a861-14a536945192', '2026-03-03 02:27:07.148835+00', '8dd1ddbc-d7cf-467d-96c3-681140a9fa3e', '98728ad3-4314-4f11-b21c-79f8ace7aebb', '7bd53f55-4a4d-453e-8479-edff2ef1e09d', 'reminder_2h', 'push', '2026-03-05 12:00:00+00', NULL, 'pending'),
	('1999074c-d7fe-4454-947d-0f02bcfc249b', '2026-03-03 02:28:16.700375+00', '3f87742b-ae2a-4cf1-ab63-83d69f7982a5', '98728ad3-4314-4f11-b21c-79f8ace7aebb', '7bd53f55-4a4d-453e-8479-edff2ef1e09d', 'reminder_24h', 'sms', '2026-03-04 16:00:00+00', NULL, 'pending'),
	('2d2c67b1-609d-4d62-9d7d-e1c042f2a114', '2026-03-03 02:28:16.700375+00', '3f87742b-ae2a-4cf1-ab63-83d69f7982a5', '98728ad3-4314-4f11-b21c-79f8ace7aebb', '7bd53f55-4a4d-453e-8479-edff2ef1e09d', 'reminder_2h', 'push', '2026-03-05 14:00:00+00', NULL, 'pending'),
	('d985dc87-fa3b-4f7e-80bd-e6c730c1b2e2', '2026-03-03 00:36:44.397547+00', 'efe9c0b3-5d0e-4801-9a0a-bd46c37d4043', '98728ad3-4314-4f11-b21c-79f8ace7aebb', '7bd53f55-4a4d-453e-8479-edff2ef1e09d', 'reminder_2h', 'push', '2026-03-03 07:00:00+00', '2026-03-03 12:39:49.339+00', 'skipped'),
	('611da25a-f088-48dd-a3e7-b98db84ed04b', '2026-03-03 02:23:44.807863+00', 'a8d576f8-81c5-4f1e-b1ff-52caef8e902b', '98728ad3-4314-4f11-b21c-79f8ace7aebb', '7bd53f55-4a4d-453e-8479-edff2ef1e09d', 'reminder_24h', 'sms', '2026-03-03 11:30:00+00', '2026-03-03 12:39:49.339+00', 'skipped'),
	('de15ac15-6f8c-4aea-a6b6-8e6c1cab30f1', '2026-03-03 02:46:16.71441+00', '0930ca41-8921-46f8-8fbe-0286af29968f', '98728ad3-4314-4f11-b21c-79f8ace7aebb', '7bd53f55-4a4d-453e-8479-edff2ef1e09d', 'reminder_24h', 'sms', '2026-03-04 22:00:00+00', NULL, 'pending'),
	('aed4d536-67c9-407f-921b-3cb098535941', '2026-03-03 02:46:16.71441+00', '0930ca41-8921-46f8-8fbe-0286af29968f', '98728ad3-4314-4f11-b21c-79f8ace7aebb', '7bd53f55-4a4d-453e-8479-edff2ef1e09d', 'reminder_2h', 'push', '2026-03-05 20:00:00+00', NULL, 'pending'),
	('0831a468-8a48-46da-8b14-fb970917503c', '2026-03-03 02:47:55.929028+00', 'd8f31e0f-0494-4cf5-86d3-0b4217c98a53', '98728ad3-4314-4f11-b21c-79f8ace7aebb', '7bd53f55-4a4d-453e-8479-edff2ef1e09d', 'reminder_24h', 'sms', '2026-03-06 00:00:00+00', NULL, 'pending'),
	('51692eb8-ad05-4a26-aedc-af7a1eb1af85', '2026-03-03 02:47:55.929028+00', 'd8f31e0f-0494-4cf5-86d3-0b4217c98a53', '98728ad3-4314-4f11-b21c-79f8ace7aebb', '7bd53f55-4a4d-453e-8479-edff2ef1e09d', 'reminder_2h', 'push', '2026-03-06 22:00:00+00', NULL, 'pending'),
	('43cdbaf0-7808-491e-811f-6f7bc56a191c', '2026-03-03 02:52:55.856837+00', '4bfb9d88-6e9d-417e-a498-0a2348e02db6', '98728ad3-4314-4f11-b21c-79f8ace7aebb', '7bd53f55-4a4d-453e-8479-edff2ef1e09d', 'reminder_24h', 'sms', '2026-03-06 23:30:00+00', NULL, 'pending'),
	('a321b107-acc6-4c81-9cc1-4f6721b1a020', '2026-03-03 02:52:55.856837+00', '4bfb9d88-6e9d-417e-a498-0a2348e02db6', '98728ad3-4314-4f11-b21c-79f8ace7aebb', '7bd53f55-4a4d-453e-8479-edff2ef1e09d', 'reminder_2h', 'push', '2026-03-07 21:30:00+00', NULL, 'pending'),
	('1aa05ac2-e606-4b48-bb06-b4557a8e738d', '2026-03-03 03:15:26.073566+00', '6a3f5eeb-635c-4cff-9a35-1f3617a331de', '98728ad3-4314-4f11-b21c-79f8ace7aebb', '7bd53f55-4a4d-453e-8479-edff2ef1e09d', 'reminder_24h', 'sms', '2026-03-04 14:00:00+00', NULL, 'pending'),
	('9d3636db-4aa3-4047-9636-135a3b1fb159', '2026-03-03 03:15:26.073566+00', '6a3f5eeb-635c-4cff-9a35-1f3617a331de', '98728ad3-4314-4f11-b21c-79f8ace7aebb', '7bd53f55-4a4d-453e-8479-edff2ef1e09d', 'reminder_2h', 'push', '2026-03-05 12:00:00+00', NULL, 'pending'),
	('998978db-d1d5-401d-963e-ab5a3031dbf2', '2026-03-03 03:17:28.735834+00', '87d14c82-2e70-4921-8719-d7b1fc6a2ef4', '98728ad3-4314-4f11-b21c-79f8ace7aebb', '7bd53f55-4a4d-453e-8479-edff2ef1e09d', 'reminder_24h', 'sms', '2026-03-05 20:30:00+00', NULL, 'pending'),
	('0f628264-5a30-4f28-aa95-5af3beb372c9', '2026-03-03 03:17:28.735834+00', '87d14c82-2e70-4921-8719-d7b1fc6a2ef4', '98728ad3-4314-4f11-b21c-79f8ace7aebb', '7bd53f55-4a4d-453e-8479-edff2ef1e09d', 'reminder_2h', 'push', '2026-03-06 18:30:00+00', NULL, 'pending'),
	('5fd52656-99cf-45f9-a566-9bba0f256df9', '2026-03-03 03:19:19.968693+00', 'ae45d55f-69b9-4609-9197-68d6aca39fd0', '98728ad3-4314-4f11-b21c-79f8ace7aebb', '7bd53f55-4a4d-453e-8479-edff2ef1e09d', 'reminder_24h', 'sms', '2026-03-06 17:30:00+00', NULL, 'pending'),
	('79e7c260-b390-498d-97d3-8e568a97df46', '2026-03-03 03:19:19.968693+00', 'ae45d55f-69b9-4609-9197-68d6aca39fd0', '98728ad3-4314-4f11-b21c-79f8ace7aebb', '7bd53f55-4a4d-453e-8479-edff2ef1e09d', 'reminder_2h', 'push', '2026-03-07 15:30:00+00', NULL, 'pending'),
	('1822bf70-6f9c-4ba7-9b9e-040aa8150ac3', '2026-03-03 03:21:02.158524+00', '146c00cc-de16-4e1f-9e1f-6e30d3a9269d', '98728ad3-4314-4f11-b21c-79f8ace7aebb', '7bd53f55-4a4d-453e-8479-edff2ef1e09d', 'reminder_24h', 'sms', '2026-03-07 15:30:00+00', NULL, 'pending'),
	('8524dda5-6f95-450b-98d3-1244190739b8', '2026-03-03 03:21:02.158524+00', '146c00cc-de16-4e1f-9e1f-6e30d3a9269d', '98728ad3-4314-4f11-b21c-79f8ace7aebb', '7bd53f55-4a4d-453e-8479-edff2ef1e09d', 'reminder_2h', 'push', '2026-03-08 13:30:00+00', NULL, 'pending'),
	('3204d89f-dad6-4314-91b0-9c34f78db56e', '2026-03-03 03:54:34.800047+00', '9837d6fa-cb89-4ce4-bd7b-68272d55887f', '98728ad3-4314-4f11-b21c-79f8ace7aebb', '7bd53f55-4a4d-453e-8479-edff2ef1e09d', 'reminder_2h', 'push', '2026-03-04 18:30:00+00', NULL, 'pending'),
	('ea82322b-2c1d-4d1b-b8e8-ec068afeb43a', '2026-03-03 15:42:11.86694+00', '793dd087-8a43-4aca-a600-e4445d735f31', '98728ad3-4314-4f11-b21c-79f8ace7aebb', '281a606a-8090-4ccf-883f-d6cebe4bc365', 'reminder_2h', 'push', '2026-03-04 14:30:00+00', NULL, 'pending'),
	('fec5a218-985c-4f27-b0c8-1359bfdf36cf', '2026-03-04 03:01:21.751637+00', '81171ddf-f38b-4497-accc-122da8bffce3', '98728ad3-4314-4f11-b21c-79f8ace7aebb', '281a606a-8090-4ccf-883f-d6cebe4bc365', 'reminder_2h', 'push', '2026-03-04 22:00:00+00', NULL, 'pending'),
	('16ea9691-25c3-43b2-a328-3d3534727607', '2026-03-03 12:34:02.940384+00', 'dc6ee718-c751-48da-b552-a6467695aefd', '98728ad3-4314-4f11-b21c-79f8ace7aebb', '281a606a-8090-4ccf-883f-d6cebe4bc365', 'reminder_24h', 'sms', '2026-03-07 14:30:00+00', NULL, 'pending'),
	('9dc9f8fc-7d89-4861-a6f3-e9a64ca29527', '2026-03-03 12:34:02.940384+00', 'dc6ee718-c751-48da-b552-a6467695aefd', '98728ad3-4314-4f11-b21c-79f8ace7aebb', '281a606a-8090-4ccf-883f-d6cebe4bc365', 'reminder_2h', 'push', '2026-03-08 12:30:00+00', NULL, 'pending'),
	('d8f486ab-34e7-4513-b299-c794ab7a376b', '2026-02-27 08:06:15.411733+00', '8d8cce1e-80bf-4341-945d-bd9edae466a2', '98728ad3-4314-4f11-b21c-79f8ace7aebb', '7bd53f55-4a4d-453e-8479-edff2ef1e09d', 'reminder_24h', 'sms', '2026-03-02 18:30:00+00', '2026-03-03 12:39:49.339+00', 'skipped'),
	('6ac4e774-0beb-4136-a785-f4175bc19155', '2026-03-03 03:58:19.66627+00', '394edb46-46c7-468a-b111-01ddd0d5df31', '98728ad3-4314-4f11-b21c-79f8ace7aebb', '7bd53f55-4a4d-453e-8479-edff2ef1e09d', 'reminder_2h', 'push', '2026-03-03 08:00:00+00', '2026-03-03 12:39:49.339+00', 'skipped'),
	('033dc253-f536-49a1-bb25-d211ca104542', '2026-03-03 12:29:09.165126+00', '89fd7558-b7f8-4a21-a76d-9ff2bb328d9c', '98728ad3-4314-4f11-b21c-79f8ace7aebb', '281a606a-8090-4ccf-883f-d6cebe4bc365', 'reminder_24h', 'sms', '2026-03-03 13:30:00+00', '2026-03-03 12:39:49.339+00', 'skipped'),
	('12bf88ff-fced-41bc-94b6-392c9423338a', '2026-03-03 12:40:33.086135+00', 'ee4ddd9c-bb44-4743-9312-f1a24a189874', '98728ad3-4314-4f11-b21c-79f8ace7aebb', '85e1a6dc-2508-4de0-a97e-53ec5b55bfef', 'reminder_24h', 'sms', '2026-03-13 06:00:00+00', NULL, 'pending'),
	('4f67ebee-1fe8-47ce-b292-61b6dcd81358', '2026-03-03 12:40:33.086135+00', 'ee4ddd9c-bb44-4743-9312-f1a24a189874', '98728ad3-4314-4f11-b21c-79f8ace7aebb', '85e1a6dc-2508-4de0-a97e-53ec5b55bfef', 'reminder_2h', 'push', '2026-03-14 04:00:00+00', NULL, 'pending'),
	('2abc133c-b1d6-4bf9-807c-e69f72bf99c4', '2026-03-04 03:24:25.287375+00', '85d85a33-78d1-45d8-930d-6863141d7a59', '98728ad3-4314-4f11-b21c-79f8ace7aebb', '7bd53f55-4a4d-453e-8479-edff2ef1e09d', 'reminder_24h', 'sms', '2026-03-05 19:00:00+00', NULL, 'pending'),
	('0c847c7c-9246-4356-b04d-9b4c5e143249', '2026-03-04 03:24:25.287375+00', '85d85a33-78d1-45d8-930d-6863141d7a59', '98728ad3-4314-4f11-b21c-79f8ace7aebb', '7bd53f55-4a4d-453e-8479-edff2ef1e09d', 'reminder_2h', 'push', '2026-03-06 17:00:00+00', NULL, 'pending'),
	('363a4990-039b-41db-ac26-aceafcb4600d', '2026-03-04 03:27:14.475316+00', '4695802b-f9d3-4a2a-a652-6acb5aec5259', '98728ad3-4314-4f11-b21c-79f8ace7aebb', '7bd53f55-4a4d-453e-8479-edff2ef1e09d', 'reminder_24h', 'sms', '2026-03-06 22:00:00+00', NULL, 'pending'),
	('f3c9f61a-b137-49c4-9edb-24e3916eb201', '2026-03-04 03:27:14.475316+00', '4695802b-f9d3-4a2a-a652-6acb5aec5259', '98728ad3-4314-4f11-b21c-79f8ace7aebb', '7bd53f55-4a4d-453e-8479-edff2ef1e09d', 'reminder_2h', 'push', '2026-03-07 20:00:00+00', NULL, 'pending'),
	('f3651c89-31d4-435e-97ac-faadf6ef01a8', '2026-03-04 03:37:01.308242+00', 'c52e7e2b-6d71-41bf-9c5b-e41e63f3cbef', '98728ad3-4314-4f11-b21c-79f8ace7aebb', '7bd53f55-4a4d-453e-8479-edff2ef1e09d', 'reminder_24h', 'sms', '2026-03-08 15:00:00+00', NULL, 'pending'),
	('870c5ee5-e2a9-4e33-ab13-8426dd5bc67f', '2026-03-04 03:37:01.308242+00', 'c52e7e2b-6d71-41bf-9c5b-e41e63f3cbef', '98728ad3-4314-4f11-b21c-79f8ace7aebb', '7bd53f55-4a4d-453e-8479-edff2ef1e09d', 'reminder_2h', 'push', '2026-03-09 13:00:00+00', NULL, 'pending'),
	('adc1af66-e66e-43a4-a1e5-27c2841de4c8', '2026-03-04 03:54:22.621845+00', '15699278-5efe-42a8-9357-8762a42c322f', '98728ad3-4314-4f11-b21c-79f8ace7aebb', '7bd53f55-4a4d-453e-8479-edff2ef1e09d', 'reminder_24h', 'sms', '2026-03-04 18:30:00+00', NULL, 'pending'),
	('a3fd02fc-b833-4cb7-9fbd-0feac160ccae', '2026-03-04 03:54:22.621845+00', '15699278-5efe-42a8-9357-8762a42c322f', '98728ad3-4314-4f11-b21c-79f8ace7aebb', '7bd53f55-4a4d-453e-8479-edff2ef1e09d', 'reminder_2h', 'push', '2026-03-05 16:30:00+00', NULL, 'pending'),
	('53697095-e434-454f-82f2-40141bac01a5', '2026-03-04 03:58:30.681711+00', '36175b43-41be-4b71-9197-121616867d5d', '98728ad3-4314-4f11-b21c-79f8ace7aebb', '7bd53f55-4a4d-453e-8479-edff2ef1e09d', 'reminder_24h', 'sms', '2026-03-05 16:30:00+00', NULL, 'pending'),
	('ce85c46a-74aa-4ac8-a493-3bfa5285655e', '2026-03-04 03:58:30.681711+00', '36175b43-41be-4b71-9197-121616867d5d', '98728ad3-4314-4f11-b21c-79f8ace7aebb', '7bd53f55-4a4d-453e-8479-edff2ef1e09d', 'reminder_2h', 'push', '2026-03-06 14:30:00+00', NULL, 'pending'),
	('7bbfbc1c-9223-407e-beb8-c033307d3db8', '2026-03-04 04:06:25.552301+00', '58e48504-0200-40e1-99e0-7462fce7ec66', '98728ad3-4314-4f11-b21c-79f8ace7aebb', '281a606a-8090-4ccf-883f-d6cebe4bc365', 'reminder_24h', 'sms', '2026-03-06 16:00:00+00', NULL, 'pending'),
	('b993285d-0dc1-44ad-a1fe-7415031282c1', '2026-03-04 04:06:25.552301+00', '58e48504-0200-40e1-99e0-7462fce7ec66', '98728ad3-4314-4f11-b21c-79f8ace7aebb', '281a606a-8090-4ccf-883f-d6cebe4bc365', 'reminder_2h', 'push', '2026-03-07 14:00:00+00', NULL, 'pending'),
	('3ddc4639-0c2a-4c60-b6b6-4c51534e932f', '2026-03-04 04:11:17.59457+00', '80109162-991d-418a-8833-200b8a22cbcd', '98728ad3-4314-4f11-b21c-79f8ace7aebb', '281a606a-8090-4ccf-883f-d6cebe4bc365', 'reminder_2h', 'push', '2026-03-04 20:30:00+00', NULL, 'pending'),
	('bf2cb36f-a006-4182-9bae-a57aafe330ff', '2026-03-04 04:30:37.191466+00', 'a39abd21-e3f5-43a0-92e9-e0a24b513d99', '98728ad3-4314-4f11-b21c-79f8ace7aebb', '7bd53f55-4a4d-453e-8479-edff2ef1e09d', 'reminder_24h', 'sms', '2026-03-04 19:00:00+00', NULL, 'pending'),
	('befd5e55-74a2-4dfb-9554-b408b1e3e05e', '2026-03-04 04:30:37.191466+00', 'a39abd21-e3f5-43a0-92e9-e0a24b513d99', '98728ad3-4314-4f11-b21c-79f8ace7aebb', '7bd53f55-4a4d-453e-8479-edff2ef1e09d', 'reminder_2h', 'push', '2026-03-05 17:00:00+00', NULL, 'pending'),
	('5ab57161-b49a-4e8d-85be-58b47afa2188', '2026-03-04 04:41:58.20124+00', 'd661c6b3-8c1b-4945-9598-bf3628506c29', '98728ad3-4314-4f11-b21c-79f8ace7aebb', '281a606a-8090-4ccf-883f-d6cebe4bc365', 'reminder_24h', 'sms', '2026-03-05 15:30:00+00', NULL, 'pending'),
	('8d280092-6bb7-4bfd-ad7a-1314fc6aa6bc', '2026-03-04 04:41:58.20124+00', 'd661c6b3-8c1b-4945-9598-bf3628506c29', '98728ad3-4314-4f11-b21c-79f8ace7aebb', '281a606a-8090-4ccf-883f-d6cebe4bc365', 'reminder_2h', 'push', '2026-03-06 13:30:00+00', NULL, 'pending'),
	('c30541f4-a192-4ae8-8f16-5c51428e2c3b', '2026-03-04 05:03:47.54492+00', '0b33cbd1-aca4-4ba7-8714-54ab58dc2e19', '98728ad3-4314-4f11-b21c-79f8ace7aebb', '7bd53f55-4a4d-453e-8479-edff2ef1e09d', 'reminder_24h', 'sms', '2026-03-07 12:00:00+00', NULL, 'pending'),
	('c96b0925-7ea7-442e-8d7d-666d1d63324a', '2026-03-04 05:03:47.54492+00', '0b33cbd1-aca4-4ba7-8714-54ab58dc2e19', '98728ad3-4314-4f11-b21c-79f8ace7aebb', '7bd53f55-4a4d-453e-8479-edff2ef1e09d', 'reminder_2h', 'push', '2026-03-08 10:00:00+00', NULL, 'pending'),
	('51c1ff7f-c411-4918-b661-06b059afdbb9', '2026-03-04 05:10:11.800676+00', '4f990e1b-6bc6-4d26-964c-cd8c8d0fc498', '98728ad3-4314-4f11-b21c-79f8ace7aebb', '7bd53f55-4a4d-453e-8479-edff2ef1e09d', 'reminder_24h', 'sms', '2026-03-04 21:00:00+00', NULL, 'pending'),
	('765101eb-5a14-45ed-8879-65a395c7b34f', '2026-03-04 05:10:11.800676+00', '4f990e1b-6bc6-4d26-964c-cd8c8d0fc498', '98728ad3-4314-4f11-b21c-79f8ace7aebb', '7bd53f55-4a4d-453e-8479-edff2ef1e09d', 'reminder_2h', 'push', '2026-03-05 19:00:00+00', NULL, 'pending'),
	('b5be8800-a987-432e-96de-a4b5c05de6f2', '2026-03-04 05:12:41.38551+00', '0b48f157-0058-44ab-8c6b-f45cbf9dc388', '98728ad3-4314-4f11-b21c-79f8ace7aebb', '7bd53f55-4a4d-453e-8479-edff2ef1e09d', 'reminder_24h', 'sms', '2026-03-05 22:00:00+00', NULL, 'pending'),
	('000d937d-6c1e-41f7-b374-a653a7ee11b4', '2026-03-04 05:12:41.38551+00', '0b48f157-0058-44ab-8c6b-f45cbf9dc388', '98728ad3-4314-4f11-b21c-79f8ace7aebb', '7bd53f55-4a4d-453e-8479-edff2ef1e09d', 'reminder_2h', 'push', '2026-03-06 20:00:00+00', NULL, 'pending'),
	('b19a33a9-014a-4ce4-917c-5ef7aba9782d', '2026-03-04 05:22:11.170615+00', '8ed29beb-1c40-466d-921b-9fd9dfc7fbb8', '98728ad3-4314-4f11-b21c-79f8ace7aebb', '7bd53f55-4a4d-453e-8479-edff2ef1e09d', 'reminder_24h', 'sms', '2026-03-06 16:00:00+00', NULL, 'pending'),
	('b37cc7f5-ca94-45dc-b61f-79fc0cdf2487', '2026-03-04 05:22:11.170615+00', '8ed29beb-1c40-466d-921b-9fd9dfc7fbb8', '98728ad3-4314-4f11-b21c-79f8ace7aebb', '7bd53f55-4a4d-453e-8479-edff2ef1e09d', 'reminder_2h', 'push', '2026-03-07 14:00:00+00', NULL, 'pending'),
	('3d58f63c-7363-4149-a31b-8789c8b147c5', '2026-03-03 02:22:55.097756+00', 'eeb9465e-f902-4faa-8bd4-40e52824e77e', '98728ad3-4314-4f11-b21c-79f8ace7aebb', '7bd53f55-4a4d-453e-8479-edff2ef1e09d', 'reminder_24h', 'sms', '2026-03-03 14:00:00+00', '2026-03-04 12:49:12.034+00', 'skipped'),
	('cedae223-2778-419a-9fe9-18d5bd7d4eab', '2026-03-03 03:42:13.194234+00', 'b82da77e-1339-4ca3-80eb-ee0051c3c925', '98728ad3-4314-4f11-b21c-79f8ace7aebb', '7bd53f55-4a4d-453e-8479-edff2ef1e09d', 'reminder_2h', 'push', '2026-03-03 14:00:00+00', '2026-03-04 12:49:12.034+00', 'sent'),
	('ce332bb7-0573-4b99-a769-b3e0f7189012', '2026-03-03 03:54:34.800047+00', '9837d6fa-cb89-4ce4-bd7b-68272d55887f', '98728ad3-4314-4f11-b21c-79f8ace7aebb', '7bd53f55-4a4d-453e-8479-edff2ef1e09d', 'reminder_24h', 'sms', '2026-03-03 20:30:00+00', '2026-03-04 12:49:12.034+00', 'sent'),
	('14b3da34-4069-43a4-a77f-b715aa98e4f1', '2026-03-04 03:15:13.398207+00', 'a2d98c15-b7f9-44da-9b6f-ece7121d02f9', '98728ad3-4314-4f11-b21c-79f8ace7aebb', '281a606a-8090-4ccf-883f-d6cebe4bc365', 'reminder_2h', 'push', '2026-03-04 11:00:00+00', '2026-03-04 12:49:12.034+00', 'skipped'),
	('7ad525fb-1760-4215-9c4d-f1dd0fd1a797', '2026-03-03 12:29:09.165126+00', '89fd7558-b7f8-4a21-a76d-9ff2bb328d9c', '98728ad3-4314-4f11-b21c-79f8ace7aebb', '281a606a-8090-4ccf-883f-d6cebe4bc365', 'reminder_2h', 'push', '2026-03-04 11:30:00+00', '2026-03-04 12:49:12.034+00', 'skipped'),
	('0f4277e0-17d5-4ec7-a3f0-9b8a7929648f', '2026-03-04 13:57:51.195958+00', '3b9a883d-db5b-490e-af4d-f41d4650a359', '98728ad3-4314-4f11-b21c-79f8ace7aebb', '7bd53f55-4a4d-453e-8479-edff2ef1e09d', 'reminder_24h', 'sms', '2026-03-05 00:00:00+00', NULL, 'pending'),
	('8c7fa0f6-babe-497e-bcdb-fd90426ed32e', '2026-03-04 13:57:51.195958+00', '3b9a883d-db5b-490e-af4d-f41d4650a359', '98728ad3-4314-4f11-b21c-79f8ace7aebb', '7bd53f55-4a4d-453e-8479-edff2ef1e09d', 'reminder_2h', 'push', '2026-03-05 22:00:00+00', NULL, 'pending');


--
-- Data for Name: stripe_connect_accounts; Type: TABLE DATA; Schema: public; Owner: postgres
--

INSERT INTO "public"."stripe_connect_accounts" ("business_id", "stripe_account_id", "charges_enabled", "payouts_enabled", "details_submitted", "status", "created_at", "updated_at") VALUES
	('bcc3f6ec-ee1c-4e13-b8c2-c967a6c02007', 'acct_1Syhg82UE6m0g0JE', false, false, false, 'pending', '2026-02-08 23:46:15.011946+00', '2026-02-08 23:46:15.011946+00'),
	('98728ad3-4314-4f11-b21c-79f8ace7aebb', 'acct_1T3qDXF09G3Bi3hq', true, true, true, 'active', '2026-02-23 03:53:57.921535+00', '2026-02-24 05:38:34.979372+00');


--
-- Data for Name: tips; Type: TABLE DATA; Schema: public; Owner: postgres
--

INSERT INTO "public"."tips" ("id", "business_id", "booking_id", "customer_id", "amount_cents", "stripe_session_id", "stripe_tip_intent_id", "status", "created_at") VALUES
	('9511804b-8c6f-496c-aa55-13f8079b825c', '98728ad3-4314-4f11-b21c-79f8ace7aebb', '793dd087-8a43-4aca-a600-e4445d735f31', '281a606a-8090-4ccf-883f-d6cebe4bc365', 2660, 'cs_test_b1ErUANesOGWuPaOLjR48gDMWocwKGYZIgHQeCqJojvcGPTva5SNyf0zor', 'pi_3T75R6F09G3Bi3hq04Kp2Wn8', 'paid', '2026-03-04 02:45:24.872553+00'),
	('651692db-a2bf-407e-9eb8-0832f19713fc', '98728ad3-4314-4f11-b21c-79f8ace7aebb', 'f08f2004-aeb5-47ec-bf71-55146ba98838', '281a606a-8090-4ccf-883f-d6cebe4bc365', 875, 'cs_test_b16Jh2Zd63vo0NuQVY9yNEdFs2o167zkVETXRAW1uxOQH8ao8vmXyThaXw', 'pi_3T75epF09G3Bi3hq0xHcy9zz', 'paid', '2026-03-04 02:59:37.122137+00'),
	('9f296525-5cd0-4a2d-acf1-0f8262782c60', '98728ad3-4314-4f11-b21c-79f8ace7aebb', '15699278-5efe-42a8-9357-8762a42c322f', '7bd53f55-4a4d-453e-8479-edff2ef1e09d', 800, 'cs_test_b1uU8zNZcFUO0Yw03AgWwOHCVP2GbSL2hYbU2qDa95ZGFp2Gu0QjrUDR3E', 'pi_3T76YGF09G3Bi3hq0VqpWSqO', 'paid', '2026-03-04 03:56:51.617304+00'),
	('2af8326f-efec-4035-af47-015118ffc76c', '98728ad3-4314-4f11-b21c-79f8ace7aebb', '80109162-991d-418a-8833-200b8a22cbcd', '281a606a-8090-4ccf-883f-d6cebe4bc365', 120, 'cs_test_b1l4QHleW61Z9mQysla3dJre7HPIkFxBLM2cgK1Jz0SKC8bs4bua4BFz1g', 'pi_3T76owF09G3Bi3hq1wpmuKOC', 'paid', '2026-03-04 04:14:07.182862+00'),
	('24bc90bc-2b6a-400b-b6d5-0e62ca36b3ac', '98728ad3-4314-4f11-b21c-79f8ace7aebb', '0b33cbd1-aca4-4ba7-8714-54ab58dc2e19', '7bd53f55-4a4d-453e-8479-edff2ef1e09d', 525, 'cs_test_b1FvVWGYJzTpQICZQf6ED5y7kCJE80wugLFIBdZ01In9y05FWUDVcsN23w', 'pi_3T77eAF09G3Bi3hq0YhiZm9j', 'paid', '2026-03-04 05:07:01.696908+00'),
	('ed137e0e-0f56-4011-8d0b-6d070b079cb2', '98728ad3-4314-4f11-b21c-79f8ace7aebb', '0b48f157-0058-44ab-8c6b-f45cbf9dc388', '7bd53f55-4a4d-453e-8479-edff2ef1e09d', 525, 'cs_test_b1bZHhlzuDUHIa7dMyzvL6ePU0ZX0maPpBk49BJfG5madSFAcrE8M9tjX7', 'pi_3T77lcF09G3Bi3hq14CkZDFb', 'paid', '2026-03-04 05:14:44.272052+00'),
	('954f2647-994c-4b42-ad02-caba9c1979b5', '98728ad3-4314-4f11-b21c-79f8ace7aebb', '3b9a883d-db5b-490e-af4d-f41d4650a359', '7bd53f55-4a4d-453e-8479-edff2ef1e09d', 525, 'cs_test_b1O1Rf6ugRz0M2cLOrNlJesi3XdXegPDdhOxSPbQxLRNRuEKfPujxZ7TSD', 'pi_3T7FyBF09G3Bi3hq0GWvLFDr', 'paid', '2026-03-04 14:00:14.647444+00');


--
-- Data for Name: buckets; Type: TABLE DATA; Schema: storage; Owner: supabase_storage_admin
--

INSERT INTO "storage"."buckets" ("id", "name", "owner", "created_at", "updated_at", "public", "avif_autodetection", "file_size_limit", "allowed_mime_types", "owner_id", "type") VALUES
	('business-assets', 'business-assets', NULL, '2026-01-16 03:28:21.826255+00', '2026-01-16 03:28:21.826255+00', true, false, NULL, NULL, NULL, 'STANDARD');


--
-- Data for Name: buckets_analytics; Type: TABLE DATA; Schema: storage; Owner: supabase_storage_admin
--



--
-- Data for Name: buckets_vectors; Type: TABLE DATA; Schema: storage; Owner: supabase_storage_admin
--



--
-- Data for Name: objects; Type: TABLE DATA; Schema: storage; Owner: supabase_storage_admin
--

INSERT INTO "storage"."objects" ("id", "bucket_id", "name", "owner", "created_at", "updated_at", "last_accessed_at", "metadata", "version", "owner_id", "user_metadata") VALUES
	('e81896cf-5753-4270-ab76-34a09cf97aea', 'business-assets', 'logos/afd49f35-fc94-46eb-b9ee-b53ce5cbf9a1-1768535121408.png', '127da7af-65eb-4cf3-a23d-cd5239bd97fe', '2026-01-16 03:45:21.552374+00', '2026-01-16 03:45:21.552374+00', '2026-01-16 03:45:21.552374+00', '{"eTag": "\"abd185f9060911df4099f275ecbe7bb9\"", "size": 82693, "mimetype": "image/png", "cacheControl": "max-age=3600", "lastModified": "2026-01-16T03:45:22.000Z", "contentLength": 82693, "httpStatusCode": 200}', '75c8176d-57e2-45b7-8b3e-83b48e500b4d', '127da7af-65eb-4cf3-a23d-cd5239bd97fe', '{}'),
	('e90c4712-2572-459d-b3c9-058838d7a689', 'business-assets', 'afd49f35-fc94-46eb-b9ee-b53ce5cbf9a1/staff/1769659578058.png', '127da7af-65eb-4cf3-a23d-cd5239bd97fe', '2026-01-29 04:06:17.639573+00', '2026-01-29 04:06:17.639573+00', '2026-01-29 04:06:17.639573+00', '{"eTag": "\"c5eec2b04a445caa3e754c086e0c1766\"", "size": 84397, "mimetype": "image/png", "cacheControl": "max-age=3600", "lastModified": "2026-01-29T04:06:18.000Z", "contentLength": 84397, "httpStatusCode": 200}', '0378b131-c55d-4958-b003-d111f5c045c3', '127da7af-65eb-4cf3-a23d-cd5239bd97fe', '{}'),
	('c485be89-c4d8-4e1d-93ed-23e94c54a285', 'business-assets', 'afd49f35-fc94-46eb-b9ee-b53ce5cbf9a1/staff/1769659585774.png', '127da7af-65eb-4cf3-a23d-cd5239bd97fe', '2026-01-29 04:06:25.05684+00', '2026-01-29 04:06:25.05684+00', '2026-01-29 04:06:25.05684+00', '{"eTag": "\"c5eec2b04a445caa3e754c086e0c1766\"", "size": 84397, "mimetype": "image/png", "cacheControl": "max-age=3600", "lastModified": "2026-01-29T04:06:26.000Z", "contentLength": 84397, "httpStatusCode": 200}', '00222757-8eab-47e3-b527-c30b71c239a6', '127da7af-65eb-4cf3-a23d-cd5239bd97fe', '{}'),
	('a332bb08-3004-4da1-bc94-300b072f7e55', 'business-assets', 'afd49f35-fc94-46eb-b9ee-b53ce5cbf9a1/staff/1769659716678.png', '127da7af-65eb-4cf3-a23d-cd5239bd97fe', '2026-01-29 04:08:36.115595+00', '2026-01-29 04:08:36.115595+00', '2026-01-29 04:08:36.115595+00', '{"eTag": "\"c5eec2b04a445caa3e754c086e0c1766\"", "size": 84397, "mimetype": "image/png", "cacheControl": "max-age=3600", "lastModified": "2026-01-29T04:08:37.000Z", "contentLength": 84397, "httpStatusCode": 200}', 'f7f17ce6-53cc-45e4-9950-e3d358b9c9cf', '127da7af-65eb-4cf3-a23d-cd5239bd97fe', '{}'),
	('2c23a5e8-5f8f-43e6-93c1-04485e4c9f83', 'business-assets', 'afd49f35-fc94-46eb-b9ee-b53ce5cbf9a1/staff/1769659953450.png', '127da7af-65eb-4cf3-a23d-cd5239bd97fe', '2026-01-29 04:12:32.916151+00', '2026-01-29 04:12:32.916151+00', '2026-01-29 04:12:32.916151+00', '{"eTag": "\"c5eec2b04a445caa3e754c086e0c1766\"", "size": 84397, "mimetype": "image/png", "cacheControl": "max-age=3600", "lastModified": "2026-01-29T04:12:33.000Z", "contentLength": 84397, "httpStatusCode": 200}', 'eb54140f-1d87-44fd-ae60-a6972cf7cab2', '127da7af-65eb-4cf3-a23d-cd5239bd97fe', '{}'),
	('aaaaa614-30d9-47df-8e67-16249272b166', 'business-assets', 'afd49f35-fc94-46eb-b9ee-b53ce5cbf9a1/staff/1769660506651.png', '127da7af-65eb-4cf3-a23d-cd5239bd97fe', '2026-01-29 04:21:46.046478+00', '2026-01-29 04:21:46.046478+00', '2026-01-29 04:21:46.046478+00', '{"eTag": "\"c5eec2b04a445caa3e754c086e0c1766\"", "size": 84397, "mimetype": "image/png", "cacheControl": "max-age=3600", "lastModified": "2026-01-29T04:21:46.000Z", "contentLength": 84397, "httpStatusCode": 200}', '48bd954f-825a-4b8d-bad5-69085c926a57', '127da7af-65eb-4cf3-a23d-cd5239bd97fe', '{}'),
	('e3516667-b9b2-4c1f-b27e-f0628ea6c8a4', 'business-assets', 'logos/90d06d9a-61f3-41ba-8d9c-3695c8510e00-1769893302129.png', 'a2787525-8bb5-487b-9ad7-27a920644a86', '2026-01-31 21:01:42.17201+00', '2026-01-31 21:01:42.17201+00', '2026-01-31 21:01:42.17201+00', '{"eTag": "\"3be5ad586fdba5387299ecdf9b2b2dcd\"", "size": 22267, "mimetype": "image/png", "cacheControl": "max-age=3600", "lastModified": "2026-01-31T21:01:43.000Z", "contentLength": 22267, "httpStatusCode": 200}', '880e4b75-8f24-4dcf-8502-95f6b1ac5e40', 'a2787525-8bb5-487b-9ad7-27a920644a86', '{}'),
	('657b6576-37bf-4509-91a1-0f079b2bf131', 'business-assets', 'logos/a5465896-2a58-42ad-b48d-2868733a34b9-1770428844074.png', '99dc6529-1892-4bca-8cea-a2d8008d0140', '2026-02-07 01:47:23.837972+00', '2026-02-07 01:47:23.837972+00', '2026-02-07 01:47:23.837972+00', '{"eTag": "\"1c4033c2272770cbedad37df7d94c948\"", "size": 85859, "mimetype": "image/png", "cacheControl": "max-age=3600", "lastModified": "2026-02-07T01:47:24.000Z", "contentLength": 85859, "httpStatusCode": 200}', '9134c4c5-b14e-46cd-b855-3437b069f2d1', '99dc6529-1892-4bca-8cea-a2d8008d0140', '{}'),
	('4c1dc9b8-634a-428a-a36a-7a256a6c085e', 'business-assets', 'logos/a5465896-2a58-42ad-b48d-2868733a34b9-1770428859529.png', '99dc6529-1892-4bca-8cea-a2d8008d0140', '2026-02-07 01:47:39.197657+00', '2026-02-07 01:47:39.197657+00', '2026-02-07 01:47:39.197657+00', '{"eTag": "\"e48a8e048f919d8a6032daf2d3318fac\"", "size": 35283, "mimetype": "image/png", "cacheControl": "max-age=3600", "lastModified": "2026-02-07T01:47:40.000Z", "contentLength": 35283, "httpStatusCode": 200}', '320cab6e-5276-446d-8c44-229aff6ad30f', '99dc6529-1892-4bca-8cea-a2d8008d0140', '{}'),
	('39c6ea3d-8b81-465e-bc62-81ca59610479', 'business-assets', 'logos/f291ea85-dfa2-46b4-9c49-6ffa901a29cb-1770519450725.png', '127da7af-65eb-4cf3-a23d-cd5239bd97fe', '2026-02-08 02:57:30.133753+00', '2026-02-08 02:57:30.133753+00', '2026-02-08 02:57:30.133753+00', '{"eTag": "\"92b0069d9572e43e92b8ba2fbec10dd2\"", "size": 1685, "mimetype": "image/png", "cacheControl": "max-age=3600", "lastModified": "2026-02-08T02:57:31.000Z", "contentLength": 1685, "httpStatusCode": 200}', '15b44a66-f7ab-4720-a3fe-f66e6d90915f', '127da7af-65eb-4cf3-a23d-cd5239bd97fe', '{}'),
	('21ab2831-7b4c-4895-b01d-703a8d20278e', 'business-assets', 'logos/bcc3f6ec-ee1c-4e13-b8c2-c967a6c02007-1770519590624.png', '8ebe37c2-b2db-4415-ae5d-5ec3d32e4f82', '2026-02-08 02:59:50.021585+00', '2026-02-08 02:59:50.021585+00', '2026-02-08 02:59:50.021585+00', '{"eTag": "\"abd185f9060911df4099f275ecbe7bb9\"", "size": 82693, "mimetype": "image/png", "cacheControl": "max-age=3600", "lastModified": "2026-02-08T02:59:50.000Z", "contentLength": 82693, "httpStatusCode": 200}', '7445e997-f6bb-4d57-a0b0-9f44450de935', '8ebe37c2-b2db-4415-ae5d-5ec3d32e4f82', '{}'),
	('8cb15838-3b63-4dfb-9c26-5a197b12bc34', 'business-assets', 'logos/f17b039d-9478-43f6-9d9c-36aef75f8ead-1770690632395.jpg', '6c512337-10d5-45ae-add2-f5f7623026f0', '2026-02-10 02:30:32.150607+00', '2026-02-10 02:30:32.150607+00', '2026-02-10 02:30:32.150607+00', '{"eTag": "\"a6439b86f5fb143056a696d07c34a176\"", "size": 43649, "mimetype": "image/jpeg", "cacheControl": "max-age=3600", "lastModified": "2026-02-10T02:30:33.000Z", "contentLength": 43649, "httpStatusCode": 200}', 'db43edd8-6a74-4169-9cae-a6aaba2029bd', '6c512337-10d5-45ae-add2-f5f7623026f0', '{}'),
	('b3181c32-bbd9-46b8-acec-f4ad0fe4743d', 'business-assets', 'logos/f17b039d-9478-43f6-9d9c-36aef75f8ead-1770690642484.png', '6c512337-10d5-45ae-add2-f5f7623026f0', '2026-02-10 02:30:42.302108+00', '2026-02-10 02:30:42.302108+00', '2026-02-10 02:30:42.302108+00', '{"eTag": "\"9336e676af7b2657f0a8db56de3950c4\"", "size": 66106, "mimetype": "image/png", "cacheControl": "max-age=3600", "lastModified": "2026-02-10T02:30:43.000Z", "contentLength": 66106, "httpStatusCode": 200}', '94d215a5-89fa-4ac0-b35f-5ffe255fc9fc', '6c512337-10d5-45ae-add2-f5f7623026f0', '{}'),
	('748f48b4-fc39-42d5-abbc-8908a7d084e2', 'business-assets', 'logos/e5165681-4524-4106-a8d9-84f1cadae273-1770692234652.png', 'af339f9b-4072-4bb6-b794-0b47f1756303', '2026-02-10 02:57:14.410096+00', '2026-02-10 02:57:14.410096+00', '2026-02-10 02:57:14.410096+00', '{"eTag": "\"23848381f465c7dcd38a83c639e5adb9\"", "size": 35189, "mimetype": "image/png", "cacheControl": "max-age=3600", "lastModified": "2026-02-10T02:57:15.000Z", "contentLength": 35189, "httpStatusCode": 200}', '13f2b166-b171-4e29-b263-224aeb66355e', 'af339f9b-4072-4bb6-b794-0b47f1756303', '{}'),
	('ab013485-846b-4053-8126-d1efb4d1aa7d', 'business-assets', 'logos/1ba38399-5e97-4714-bea5-aa5a56e34af4-1770694167915.png', 'e968c457-941c-46c2-a4c4-2878886392c4', '2026-02-10 03:29:27.739446+00', '2026-02-10 03:29:27.739446+00', '2026-02-10 03:29:27.739446+00', '{"eTag": "\"e7107e3c3fedafee8017aab819fd4132\"", "size": 276462, "mimetype": "image/png", "cacheControl": "max-age=3600", "lastModified": "2026-02-10T03:29:28.000Z", "contentLength": 276462, "httpStatusCode": 200}', '976370ce-6773-478b-8722-2bc8ed1dda6b', 'e968c457-941c-46c2-a4c4-2878886392c4', '{}'),
	('ce1bb805-c2eb-45f2-ae9e-6626dc510804', 'business-assets', 'logos/c850db38-aa3b-4d50-828a-12974ff7626c-1770766072073.png', '42f55b2c-9ec1-438f-a4bf-62c8ce3d7432', '2026-02-10 23:27:51.598444+00', '2026-02-10 23:27:51.598444+00', '2026-02-10 23:27:51.598444+00', '{"eTag": "\"1c4033c2272770cbedad37df7d94c948\"", "size": 85859, "mimetype": "image/png", "cacheControl": "max-age=3600", "lastModified": "2026-02-10T23:27:52.000Z", "contentLength": 85859, "httpStatusCode": 200}', '14abfe7e-b642-420b-beeb-dec0588ee767', '42f55b2c-9ec1-438f-a4bf-62c8ce3d7432', '{}'),
	('80f3969a-2e2c-4569-9769-360051463073', 'business-assets', 'c850db38-aa3b-4d50-828a-12974ff7626c/staff/1770781504699.png', '42f55b2c-9ec1-438f-a4bf-62c8ce3d7432', '2026-02-11 03:45:04.047463+00', '2026-02-11 03:45:04.047463+00', '2026-02-11 03:45:04.047463+00', '{"eTag": "\"23848381f465c7dcd38a83c639e5adb9\"", "size": 35189, "mimetype": "image/png", "cacheControl": "max-age=3600", "lastModified": "2026-02-11T03:45:05.000Z", "contentLength": 35189, "httpStatusCode": 200}', 'c8bcd059-5509-41ff-a492-eb9e05f4bdee', '42f55b2c-9ec1-438f-a4bf-62c8ce3d7432', '{}'),
	('ee7f3063-0e84-4730-9dcf-963f746eb9c2', 'business-assets', 'logos/ad40e881-7a2b-411d-a10b-c9b496674e92-1770847706019.png', 'b7abe2fe-2775-4e3d-a3ce-a774b2942770', '2026-02-11 22:08:23.900826+00', '2026-02-11 22:08:23.900826+00', '2026-02-11 22:08:23.900826+00', '{"eTag": "\"1c4033c2272770cbedad37df7d94c948\"", "size": 85859, "mimetype": "image/png", "cacheControl": "max-age=3600", "lastModified": "2026-02-11T22:08:24.000Z", "contentLength": 85859, "httpStatusCode": 200}', 'cb6179ff-5ff7-48b1-9a25-f88fd1ed26ac', 'b7abe2fe-2775-4e3d-a3ce-a774b2942770', '{}'),
	('2fae3c93-31aa-4389-8084-723221e11d16', 'business-assets', 'logos/98728ad3-4314-4f11-b21c-79f8ace7aebb-1771663819193.png', '0a55232c-dd67-4f33-b6f1-7560da7a4b54', '2026-02-21 08:50:19.31838+00', '2026-02-21 08:50:19.31838+00', '2026-02-21 08:50:19.31838+00', '{"eTag": "\"1c4033c2272770cbedad37df7d94c948\"", "size": 85859, "mimetype": "image/png", "cacheControl": "max-age=3600", "lastModified": "2026-02-21T08:50:20.000Z", "contentLength": 85859, "httpStatusCode": 200}', '3884b3ca-daeb-49fc-940d-21f9afb14b96', '0a55232c-dd67-4f33-b6f1-7560da7a4b54', '{}'),
	('befdbed7-1211-4e1a-86d5-162fc47d0d10', 'business-assets', 'logos/98728ad3-4314-4f11-b21c-79f8ace7aebb-1771663837626.png', '0a55232c-dd67-4f33-b6f1-7560da7a4b54', '2026-02-21 08:50:37.597129+00', '2026-02-21 08:50:37.597129+00', '2026-02-21 08:50:37.597129+00', '{"eTag": "\"072cced795eee97f723d767f3c788a25\"", "size": 20459, "mimetype": "image/png", "cacheControl": "max-age=3600", "lastModified": "2026-02-21T08:50:38.000Z", "contentLength": 20459, "httpStatusCode": 200}', '5274ed11-2fd1-4304-b309-58cf261e2977', '0a55232c-dd67-4f33-b6f1-7560da7a4b54', '{}'),
	('5e73151d-0bdc-42dc-b416-8f6fbfd4c761', 'business-assets', 'logos/98728ad3-4314-4f11-b21c-79f8ace7aebb-1771663853594.png', '0a55232c-dd67-4f33-b6f1-7560da7a4b54', '2026-02-21 08:50:53.57031+00', '2026-02-21 08:50:53.57031+00', '2026-02-21 08:50:53.57031+00', '{"eTag": "\"564acd90e3e9e0352401ce13a8df6fd2\"", "size": 2867, "mimetype": "image/png", "cacheControl": "max-age=3600", "lastModified": "2026-02-21T08:50:54.000Z", "contentLength": 2867, "httpStatusCode": 200}', '60737b0d-1b0e-4fa7-8826-de83f29d410a', '0a55232c-dd67-4f33-b6f1-7560da7a4b54', '{}'),
	('23fa99f2-0fbb-453d-b120-05c8e88eb13f', 'business-assets', 'logos/98728ad3-4314-4f11-b21c-79f8ace7aebb-1771663869673.png', '0a55232c-dd67-4f33-b6f1-7560da7a4b54', '2026-02-21 08:51:09.720561+00', '2026-02-21 08:51:09.720561+00', '2026-02-21 08:51:09.720561+00', '{"eTag": "\"1c4033c2272770cbedad37df7d94c948\"", "size": 85859, "mimetype": "image/png", "cacheControl": "max-age=3600", "lastModified": "2026-02-21T08:51:10.000Z", "contentLength": 85859, "httpStatusCode": 200}', '3f8f5dc1-93bd-4408-ba45-b0c891da0028', '0a55232c-dd67-4f33-b6f1-7560da7a4b54', '{}');


--
-- Data for Name: s3_multipart_uploads; Type: TABLE DATA; Schema: storage; Owner: supabase_storage_admin
--



--
-- Data for Name: s3_multipart_uploads_parts; Type: TABLE DATA; Schema: storage; Owner: supabase_storage_admin
--



--
-- Data for Name: vector_indexes; Type: TABLE DATA; Schema: storage; Owner: supabase_storage_admin
--



--
-- Name: refresh_tokens_id_seq; Type: SEQUENCE SET; Schema: auth; Owner: supabase_auth_admin
--

SELECT pg_catalog.setval('"auth"."refresh_tokens_id_seq"', 991, true);


--
-- PostgreSQL database dump complete
--

-- \unrestrict FRik8abhuws3Dm3SKbg5TQ9olHNT90NwVS3aU3gGDK2L7UXvwnFJ9uBOjV6IxPH

RESET ALL;
